LANG,Keyword,TOPICS,CATEGORY,SUB-CATEGORY,Position SE Ranking,Average Search Volume,Volume Q1 2026,Volume Q4 2025,Coverage One Search Q1 2026,Coverage One Search Q4 2025,Clics OneSearch Q1 2026,Impressions OneSearch Q1 2026,Clics OneSearch Q4 2025,Impressions OneSearch Q4 2025,Clics SEO Q1 2026,Clics SEM Q1 2026,Clics SEO Q4 2025,Clics SEM Q4 2025,Impr. SEO Q1 2026,Impr. SEM Q1 2026,Impr. SEO Q4 2025,Impr. SEM Q4 2025,CTR SEO Q1 2026,CTR SEM Q1 2026,CTR SEO Q4 2025,CTR SEM Q4 2025,Conversions SEO Q1 2026,Conversions SEM Q1 2026,Conversions SEO Q4 2024,Conversions SEM Q4 2024,CPC SEO Q1 2026,CPC moy. SEM Q1 2026,Dépense SEM Q1 2026,Coût SEO Q1 2026,Dépense SEM Q4 2025,Coût SEO Q4 2025,Purchase intent,Questions,Yogurt types,Taste,Packaging,Ingredient,Brands,Retailer,Demography,Benefits,Testimonials,Bio,Moments,Recipes,Searches: Oct 2024,Searches: Nov 2024,Searches: Dec 2024,Searches: Jan 2025,Searches: Feb 2025,Searches: Mar 2025
FR,pain aux bananes,RECIPES,RECIPES,Bread,,,,,#DIV/0!,#DIV/0!,0,0,0,0,,,,,,,,,,,,,,,,,,,,,,,,,,Banana,,,,,,,,,,,,,,,,
New,protein high foods,PRODUCTS,PLANT BASED YOGURTS,Generic,,,,,#DIV/0!,#DIV/0!,0,0,0,0,,,,,,,,,,,,,,,,,,,,,,,,,,,,,,,,Rich in protein,,,,,,,,,,
New,foods that are high in protein,PRODUCTS,PLANT BASED YOGURTS,Generic,,,,,#DIV/0!,#DIV/0!,0,0,0,0,,,,,,,,,,,,,,,,,,,,,,,,,,,,,,,,Rich in protein,,,,,,,,,,
New,food with high protein,PRODUCTS,PLANT BASED YOGURTS,Generic,,,,,#DIV/0!,#DIV/0!,0,0,0,0,,,,,,,,,,,,,,,,,,,,,,,,,,,,,,,,Rich in protein,,,,,,,,,,
New,high protein foods,HEALTH,COMPOSITION,Proteins,,,,,#DIV/0!,#DIV/0!,0,0,0,0,,,,,,,,,,,,,,,,,,,,,,,,,,,,,,,,Rich in protein,,,,,,,,,,
New,foods with high protein,HEALTH,COMPOSITION,Proteins,,,,,#DIV/0!,#DIV/0!,0,0,0,0,,,,,,,,,,,,,,,,,,,,,,,,,,,,,,,,Rich in protein,,,,,,,,,,
New,high protien foods,HEALTH,COMPOSITION,Proteins,,,,,#DIV/0!,#DIV/0!,0,0,0,0,,,,,,,,,,,,,,,,,,,,,,,,,,,,,,,,Rich in protein,,,,,,,,,,
New,high protein food,HEALTH,COMPOSITION,Proteins,,,,,#DIV/0!,#DIV/0!,0,0,0,0,,,,,,,,,,,,,,,,,,,,,,,,,,,,,,,,Rich in protein,,,,,,,,,,
New,food high protein,HEALTH,COMPOSITION,Proteins,,,,,#DIV/0!,#DIV/0!,0,0,0,0,,,,,,,,,,,,,,,,,,,,,,,,,,,,,,,,Rich in protein,,,,,,,,,,
New,highest protein foods,HEALTH,COMPOSITION,Proteins,,,,,#DIV/0!,#DIV/0!,0,0,0,0,,,,,,,,,,,,,,,,,,,,,,,,,,,,,,,,Rich in protein,,,,,,,,,,
New,greek yogurt and yogurt,PRODUCTS,YOGURTS,Greek,,,,,#DIV/0!,#DIV/0!,0,0,0,0,,,,,,,,,,,,,,,,,,,,,,,,,Greek,,,,,,,,,,,,,,,,,
New,greek yoghurts,PRODUCTS,PLANT BASED YOGURTS,Generic,,,,,#DIV/0!,#DIV/0!,0,0,0,0,,,,,,,,,,,,,,,,,,,,,,,,,Greek,,,,,,,,,,,,,,,,,
New,greek yogurts,PRODUCTS,YOGURTS,Greek,,,,,#DIV/0!,#DIV/0!,0,0,0,0,,,,,,,,,,,,,,,,,,,,,,,,,Greek,,,,,,,,,,,,,,,,,
EN,greek yogurt,PRODUCTS,YOGURTS,Greek,,,,,#DIV/0!,#DIV/0!,0,0,0,0,,,,,,,,,,,,,,,,,,,,,,,,,Greek,,,,,,,,,,,,,,,,,
New,greek yougourt,PRODUCTS,PLANT BASED YOGURTS,Generic,,,,,#DIV/0!,#DIV/0!,0,0,0,0,,,,,,,,,,,,,,,,,,,,,,,,,Greek,,,,,,,,,,,,,,,,,
New,greek greek yogurt,PRODUCTS,PLANT BASED YOGURTS,Generic,,,,,#DIV/0!,#DIV/0!,0,0,0,0,,,,,,,,,,,,,,,,,,,,,,,,,Greek,,,,,,,,,,,,,,,,,
EN,oikos greek yogurt,PRODUCTS,YOGURTS,Greek,,,,,#DIV/0!,#DIV/0!,0,0,0,0,,,,,,,,,,,,,,,,,,,,,,,,,Greek,,,,Oikos,,,,,,,,,,,,,
New,high protein snacks,CONSUMER HABITS,MEALS,Snack,,,,,#DIV/0!,#DIV/0!,0,0,0,0,,,,,,,,,,,,,,,,,,,,,,,,,,,,,,,,Rich in protein,,,Snack,,,,,,,
New,snacks with high protein,PRODUCTS,PLANT BASED YOGURTS,Generic,,,,,#DIV/0!,#DIV/0!,0,0,0,0,,,,,,,,,,,,,,,,,,,,,,,,,,,,,,,,Rich in protein,,,,,,,,,,
New,high in protein snacks,PRODUCTS,PLANT BASED YOGURTS,Generic,,,,,#DIV/0!,#DIV/0!,0,0,0,0,,,,,,,,,,,,,,,,,,,,,,,,,,,,,,,,Rich in protein,,,,,,,,,,
New,highest protein snacks,PRODUCTS,PLANT BASED YOGURTS,Generic,,,,,#DIV/0!,#DIV/0!,0,0,0,0,,,,,,,,,,,,,,,,,,,,,,,,,,,,,,,,Rich in protein,,,,,,,,,,
New,snacks high in protein,CONSUMER HABITS,MEALS,Snack,,,,,#DIV/0!,#DIV/0!,0,0,0,0,,,,,,,,,,,,,,,,,,,,,,,,,,,,,,,,Rich in protein,,,Snack,,,,,,,
New,healthy protein snacks,CONSUMER HABITS,MEALS,Snack,,,,,#DIV/0!,#DIV/0!,0,0,0,0,,,,,,,,,,,,,,,,,,,,,,,,,,,,,,,,Healthy,,,Snack,,,,,,,
New,snacks that are high in protein,PRODUCTS,PLANT BASED YOGURTS,Generic,,,,,#DIV/0!,#DIV/0!,0,0,0,0,,,,,,,,,,,,,,,,,,,,,,,,,,,,,,,,Rich in protein,,,,,,,,,,
New,greek yogurt oiko,PRODUCTS,PLANT BASED YOGURTS,Generic,,,,,#DIV/0!,#DIV/0!,0,0,0,0,,,,,,,,,,,,,,,,,,,,,,,,,Greek,,,,Oikos,,,,,,,,,,,,,
New,oiko greek yogurt,PRODUCTS,YOGURTS,Greek,,,,,#DIV/0!,#DIV/0!,0,0,0,0,,,,,,,,,,,,,,,,,,,,,,,,,Greek,,,,Oikos,,,,,,,,,,,,,
New,greek yogurt oikos,PRODUCTS,YOGURTS,Greek,,,,,#DIV/0!,#DIV/0!,0,0,0,0,,,,,,,,,,,,,,,,,,,,,,,,,Greek,,,,Oikos,,,,,,,,,,,,,
New,greek oikos yogurt,PRODUCTS,YOGURTS,Greek,,,,,#DIV/0!,#DIV/0!,0,0,0,0,,,,,,,,,,,,,,,,,,,,,,,,,Greek,,,,Oikos,,,,,,,,,,,,,
New,oikos yogurt greek,PRODUCTS,YOGURTS,Greek,,,,,#DIV/0!,#DIV/0!,0,0,0,0,,,,,,,,,,,,,,,,,,,,,,,,,Greek,,,,Oikos,,,,,,,,,,,,,
New,yogurt greek oikos,PRODUCTS,YOGURTS,Greek,,,,,#DIV/0!,#DIV/0!,0,0,0,0,,,,,,,,,,,,,,,,,,,,,,,,,Greek,,,,Oikos,,,,,,,,,,,,,
New,breakfast foods high in protein,PRODUCTS,PLANT BASED YOGURTS,Generic,,,,,#DIV/0!,#DIV/0!,0,0,0,0,,,,,,,,,,,,,,,,,,,,,,,,,,,,,,,,Rich in protein,,,,,,,,,,
New,highest protein breakfast,PRODUCTS,PLANT BASED YOGURTS,Generic,,,,,#DIV/0!,#DIV/0!,0,0,0,0,,,,,,,,,,,,,,,,,,,,,,,,,,,,,,,,Rich in protein,,,,,,,,,,
New,breakfast with high protein,PRODUCTS,PLANT BASED YOGURTS,Generic,,,,,#DIV/0!,#DIV/0!,0,0,0,0,,,,,,,,,,,,,,,,,,,,,,,,,,,,,,,,Rich in protein,,,,,,,,,,
New,breakfast high protein,CONSUMER HABITS,MEALS,Breakfast,,,,,#DIV/0!,#DIV/0!,0,0,0,0,,,,,,,,,,,,,,,,,,,,,,,,,,,,,,,,Rich in protein,,,Breakfast,,,,,,,
New,high protein breakfast,CONSUMER HABITS,MEALS,Breakfast,,,,,#DIV/0!,#DIV/0!,0,0,0,0,,,,,,,,,,,,,,,,,,,,,,,,,,,,,,,,Rich in protein,,,Breakfast,,,,,,,
New,highest protein foods for breakfast,CONSUMER HABITS,MEALS,Breakfast,,,,,#DIV/0!,#DIV/0!,0,0,0,0,,,,,,,,,,,,,,,,,,,,,,,,,,,,,,,,Rich in protein,,,Breakfast,,,,,,,
New,yogurt siggi's,PRODUCTS,PLANT BASED YOGURTS,Generic,,,,,#DIV/0!,#DIV/0!,0,0,0,0,,,,,,,,,,,,,,,,,,,,,,,,,Yogurt,,,,Siggi's,,,,,,,,,,,,,
New,siggis yogurt,PRODUCTS,BRANDS,Other,,,,,#DIV/0!,#DIV/0!,0,0,0,0,,,,,,,,,,,,,,,,,,,,,,,,,Yogurt,,,,Siggi's,,,,,,,,,,,,,
New,siggi yogurt,PRODUCTS,PLANT BASED YOGURTS,Generic,,,,,#DIV/0!,#DIV/0!,0,0,0,0,,,,,,,,,,,,,,,,,,,,,,,,,Yogurt,,,,Siggi's,,,,,,,,,,,,,
New,siggi's yogurt,PRODUCTS,BRANDS,Other,,,,,#DIV/0!,#DIV/0!,0,0,0,0,,,,,,,,,,,,,,,,,,,,,,,,,Yogurt,,,,Siggi's,,,,,,,,,,,,,
New,protein foods,HEALTH,COMPOSITION,Proteins,,,,,#DIV/0!,#DIV/0!,0,0,0,0,,,,,,,,,,,,,,,,,,,,,,,,,,,,,,,,,,,,,,,,,,
New,proteins foods,PRODUCTS,PLANT BASED YOGURTS,Generic,,,,,#DIV/0!,#DIV/0!,0,0,0,0,,,,,,,,,,,,,,,,,,,,,,,,,,,,,,,,,,,,,,,,,,
New,protein food,HEALTH,COMPOSITION,Proteins,,,,,#DIV/0!,#DIV/0!,0,0,0,0,,,,,,,,,,,,,,,,,,,,,,,,,,,,,,,,,,,,,,,,,,
FR,oikos pro,PRODUCTS,BRANDS,Danone - generic,,,,,#DIV/0!,#DIV/0!,0,0,0,0,,,,,,,,,,,,,,,,,,,,,,,,,,,,,Oikos,,,,,,,,,,,,,
New,high protein meals,HEALTH,COMPOSITION,Proteins,,,,,#DIV/0!,#DIV/0!,0,0,0,0,,,,,,,,,,,,,,,,,,,,,,,,,,,,,,,,Rich in protein,,,,,,,,,,
New,oîkos,PRODUCTS,BRANDS,Danone - generic,,,,,#DIV/0!,#DIV/0!,0,0,0,0,,,,,,,,,,,,,,,,,,,,,,,,,,,,,,,,,,,,,,,,,,
New,0ikos,PRODUCTS,BRANDS,Danone - generic,,,,,#DIV/0!,#DIV/0!,0,0,0,0,,,,,,,,,,,,,,,,,,,,,,,,,,,,Without,,,,,,,,,,,,,,
New,oiko,PRODUCTS,BRANDS,Danone - generic,,,,,#DIV/0!,#DIV/0!,0,0,0,0,,,,,,,,,,,,,,,,,,,,,,,,,,,,,Oikos,,,,,,,,,,,,,
FR,oikos,PRODUCTS,BRANDS,Danone - generic,,,,,#DIV/0!,#DIV/0!,0,0,0,0,,,,,,,,,,,,,,,,,,,,,,,,,,,,,Oikos,,,,,,,,,,,,,
New,oinkos,PRODUCTS,PLANT BASED YOGURTS,Generic,,,,,#DIV/0!,#DIV/0!,0,0,0,0,,,,,,,,,,,,,,,,,,,,,,,,,,,,,,,,,,,,,,,,,,
New,ooikos,PRODUCTS,BRANDS,Danone - generic,,,,,#DIV/0!,#DIV/0!,0,0,0,0,,,,,,,,,,,,,,,,,,,,,,,,,,,,,Oikos,,,,,,,,,,,,,
New,oilos,PRODUCTS,BRANDS,Danone - generic,,,,,#DIV/0!,#DIV/0!,0,0,0,0,,,,,,,,,,,,,,,,,,,,,,,,,,,,,,,,,,,,,,,,,,
New,protein rich foods,HEALTH,COMPOSITION,Proteins,,,,,#DIV/0!,#DIV/0!,0,0,0,0,,,,,,,,,,,,,,,,,,,,,,,,,,,,,,,,Rich in protein,,,,,,,,,,
New,foods rich in proteins,PRODUCTS,PLANT BASED YOGURTS,Generic,,,,,#DIV/0!,#DIV/0!,0,0,0,0,,,,,,,,,,,,,,,,,,,,,,,,,,,,,,,,Rich in protein,,,,,,,,,,
New,siggi's,PRODUCTS,BRANDS,Other,,,,,#DIV/0!,#DIV/0!,0,0,0,0,,,,,,,,,,,,,,,,,,,,,,,,,,,,,Siggi's,,,,,,,,,,,,,
New,foods high in protein,HEALTH,COMPOSITION,Proteins,,,,,#DIV/0!,#DIV/0!,0,0,0,0,,,,,,,,,,,,,,,,,,,,,,,,,,,,,,,,Rich in protein,,,,,,,,,,
New,siggis,PRODUCTS,BRANDS,Other,,,,,#DIV/0!,#DIV/0!,0,0,0,0,,,,,,,,,,,,,,,,,,,,,,,,,,,,,Siggi's,,,,,,,,,,,,,
New,food high in protein,HEALTH,COMPOSITION,Proteins,,,,,#DIV/0!,#DIV/0!,0,0,0,0,,,,,,,,,,,,,,,,,,,,,,,,,,,,,,,,Rich in protein,,,,,,,,,,
New,oikos pros,PRODUCTS,BRANDS,Danone - generic,,,,,#DIV/0!,#DIV/0!,0,0,0,0,,,,,,,,,,,,,,,,,,,,,,,,,,,,,Oikos,,,,,,,,,,,,,
New,oikos oro,PRODUCTS,YOGURTS,Yogurts,,,,,#DIV/0!,#DIV/0!,0,0,0,0,,,,,,,,,,,,,,,,,,,,,,,,,,,,,Oikos,,,,,,,,,,,,,
New,chobani yogurt,PRODUCTS,YOGURTS,Greek,,,,,#DIV/0!,#DIV/0!,0,0,0,0,,,,,,,,,,,,,,,,,,,,,,,,,Yogurt,,,,Chobani,,,,,,,,,,,,,
FR,yogourt,PRODUCTS,YOGURTS,Yogurts,,,,,#DIV/0!,#DIV/0!,0,0,0,0,,,,,,,,,,,,,,,,,,,,,,,,,Yogurt,,,,,,,,,,,,,,,,,
New,liberte yogurt,PRODUCTS,YOGURTS,Yogurts,,,,,#DIV/0!,#DIV/0!,0,0,0,0,,,,,,,,,,,,,,,,,,,,,,,,,Yogurt,,,,Liberte,,,,,,,,,,,,,
New,oiko yogurt,PRODUCTS,BRANDS,Danone - generic,,,,,#DIV/0!,#DIV/0!,0,0,0,0,,,,,,,,,,,,,,,,,,,,,,,,,Yogurt,,,,Oikos,,,,,,,,,,,,,
New,protein snack,CONSUMER HABITS,MEALS,Snack,,,,,#DIV/0!,#DIV/0!,0,0,0,0,,,,,,,,,,,,,,,,,,,,,,,,,,,,,,,,,,,Snack,,,,,,,
New,snacks with protein,CONSUMER HABITS,MEALS,Snack,,,,,#DIV/0!,#DIV/0!,0,0,0,0,,,,,,,,,,,,,,,,,,,,,,,,,,,,,,,,,,,Snack,,,,,,,
New,oikos yogurts,PRODUCTS,BRANDS,Danone - generic,,,,,#DIV/0!,#DIV/0!,0,0,0,0,,,,,,,,,,,,,,,,,,,,,,,,,Yogurt,,,,Oikos,,,,,,,,,,,,,
New,oxios yogurt,PRODUCTS,PLANT BASED YOGURTS,Generic,,,,,#DIV/0!,#DIV/0!,0,0,0,0,,,,,,,,,,,,,,,,,,,,,,,,,Yogurt,,,,,,,,,,,,,,,,,
New,protein snacks,CONSUMER HABITS,MEALS,Snack,,,,,#DIV/0!,#DIV/0!,0,0,0,0,,,,,,,,,,,,,,,,,,,,,,,,,,,,,,,,,,,Snack,,,,,,,
EN,oikos yogurt,PRODUCTS,YOGURTS,Yogurts,,,,,#DIV/0!,#DIV/0!,0,0,0,0,,,,,,,,,,,,,,,,,,,,,,,,,Yogurt,,,,Oikos,,,,,,,,,,,,,
New,liberte greek yogurt,PRODUCTS,YOGURTS,Greek,,,,,#DIV/0!,#DIV/0!,0,0,0,0,,,,,,,,,,,,,,,,,,,,,,,,,Greek,,,,Liberte,,,,,,,,,,,,,
New,liberte yogurt greek,PRODUCTS,PLANT BASED YOGURTS,Generic,,,,,#DIV/0!,#DIV/0!,0,0,0,0,,,,,,,,,,,,,,,,,,,,,,,,,Greek,,,,Liberte,,,,,,,,,,,,,
New,greek yogurt liberte,PRODUCTS,PLANT BASED YOGURTS,Generic,,,,,#DIV/0!,#DIV/0!,0,0,0,0,,,,,,,,,,,,,,,,,,,,,,,,,Greek,,,,Liberte,,,,,,,,,,,,,
New,canadian yogurt brands,EATING BETTER,ORIGIN,Made in Canada,,,,,#DIV/0!,#DIV/0!,0,0,0,0,,,,,,,,,,,,,,,,,,,,,,,,,Yogurt,,,,,,,,,,,,,,,,,
New,yogurt canada brands,PRODUCTS,YOGURTS,Yogurts,,,,,#DIV/0!,#DIV/0!,0,0,0,0,,,,,,,,,,,,,,,,,,,,,,,,,Yogurt,,,,,,,,,,,,,,,,,
New,brands of yogurt in canada,PRODUCTS,YOGURTS,Yogurts,,,,,#DIV/0!,#DIV/0!,0,0,0,0,,,,,,,,,,,,,,,,,,,,,,,,,Yogurt,,,,,,,,,,,,,,,,,
New,yogurt brands in canada,PRODUCTS,PLANT BASED YOGURTS,Generic,,,,,#DIV/0!,#DIV/0!,0,0,0,0,,,,,,,,,,,,,,,,,,,,,,,,,Yogurt,,,,,,,,,,,,,,,,,
New,yogurt greek protein,PRODUCTS,PLANT BASED YOGURTS,Generic,,,,,#DIV/0!,#DIV/0!,0,0,0,0,,,,,,,,,,,,,,,,,,,,,,,,,Greek,,,,,,,,,,,,,,,,,
New,greek yogurts protein,PRODUCTS,YOGURTS,Greek,,,,,#DIV/0!,#DIV/0!,0,0,0,0,,,,,,,,,,,,,,,,,,,,,,,,,Greek,,,,,,,,,,,,,,,,,
New,greek yogurt with protein,PRODUCTS,YOGURTS,Greek,,,,,#DIV/0!,#DIV/0!,0,0,0,0,,,,,,,,,,,,,,,,,,,,,,,,,Greek,,,,,,,,,,,,,,,,,
EN,greek yogurt protein,PRODUCTS,YOGURTS,Greek,,,,,#DIV/0!,#DIV/0!,0,0,0,0,,,,,,,,,,,,,,,,,,,,,,,,,Greek,,,Protein,,,,,,,,,,,,,,
New,greek protein yogurt,PRODUCTS,PLANT BASED YOGURTS,Generic,,,,,#DIV/0!,#DIV/0!,0,0,0,0,,,,,,,,,,,,,,,,,,,,,,,,,Greek,,,,,,,,,,,,,,,,,
EN,protein in greek yogurt,PRODUCTS,YOGURTS,Greek,,,,,#DIV/0!,#DIV/0!,0,0,0,0,,,,,,,,,,,,,,,,,,,,,,,,,Greek,,,Protein,,,,,,,,,,,,,,
FR,gateau vanille,RECIPES,RECIPES,Cakes,,,,,#DIV/0!,#DIV/0!,0,0,0,0,,,,,,,,,,,,,,,,,,,,,,,,,,Vanilla,,,,,,,,,,,,,,,,
New,canadian milk brands,EATING BETTER,ORIGIN,Made in Canada,,,,,#DIV/0!,#DIV/0!,0,0,0,0,,,,,,,,,,,,,,,,,,,,,,,,,,,,Milk,,,,,,,,,,,,,,
FR,pain aux bananes santé,RECIPES,RECIPES,Bread,,,,,#DIV/0!,#DIV/0!,0,0,0,0,,,,,,,,,,,,,,,,,,,,,,,,,,Banana,,,,,,Healthy,,,,,,,,,,
FR,pain au banane santé,RECIPES,RECIPES,Bread,,,,,#DIV/0!,#DIV/0!,0,0,0,0,,,,,,,,,,,,,,,,,,,,,,,,,,Banana,,,,,,Healthy,,,,,,,,,,
FR,is oikos canadian,PRODUCTS,BRANDS,Danone - generic,,,,,#DIV/0!,#DIV/0!,0,0,0,0,,,,,,,,,,,,,,,,,,,,,,,,,,,,,Oikos,,,,,,,,,,,,,
FR,poulet haché recette,RECIPES,RECIPES,Chicken recipe,,,,,#DIV/0!,#DIV/0!,0,0,0,0,,,,,,,,,,,,,,,,,,,,,,,,,,,,,,,,,,,,,,,,,,
FR,recette poulet haché,RECIPES,RECIPES,Chicken recipe,,,,,#DIV/0!,#DIV/0!,0,0,0,0,,,,,,,,,,,,,,,,,,,,,,,,,,,,,,,,,,,,,,,,,,
New,recipes that use greek yogurt,RECIPES,RECIPES,Recipes with yogurt,,,,,#DIV/0!,#DIV/0!,0,0,0,0,,,,,,,,,,,,,,,,,,,,,,,,,Greek,,,,,,,,,,,,,,,,,
New,recipes for greek yogurt,RECIPES,RECIPES,Recipes with yogurt,,,,,#DIV/0!,#DIV/0!,0,0,0,0,,,,,,,,,,,,,,,,,,,,,,,,,Greek,,,,,,,,,,,,,,,,,
EN,greek yogurt recipes,RECIPES,RECIPES,Recipes with yogurt,,,,,#DIV/0!,#DIV/0!,0,0,0,0,,,,,,,,,,,,,,,,,,,,,,,,,Greek,,,,,,,,,,,,,,,,,
New,skyr yogurt,PRODUCTS,YOGURTS,Skyr,,,,,#DIV/0!,#DIV/0!,0,0,0,0,,,,,,,,,,,,,,,,,,,,,,,,,Skyr,,,,,,,,,,,,,,,,,
New,recipe using greek yogurt,RECIPES,RECIPES,Recipes with yogurt,,,,,#DIV/0!,#DIV/0!,0,0,0,0,,,,,,,,,,,,,,,,,,,,,,,,,Greek,,,,,,,,,,,,,,,,,
New,recipes using greek yogurt,RECIPES,RECIPES,Recipes with yogurt,,,,,#DIV/0!,#DIV/0!,0,0,0,0,,,,,,,,,,,,,,,,,,,,,,,,,Greek,,,,,,,,,,,,,,,,,
New,recipe with greek yogurt,RECIPES,RECIPES,Recipes with yogurt,,,,,#DIV/0!,#DIV/0!,0,0,0,0,,,,,,,,,,,,,,,,,,,,,,,,,Greek,,,,,,,,,,,,,,,,,
New,grec yogourt,PRODUCTS,PLANT BASED YOGURTS,Generic,,,,,#DIV/0!,#DIV/0!,0,0,0,0,,,,,,,,,,,,,,,,,,,,,,,,,Yogurt,,,,,,,,,,,,,,,,,
FR,yogourt grec,PRODUCTS,YOGURTS,Greek,,,,,#DIV/0!,#DIV/0!,0,0,0,0,,,,,,,,,,,,,,,,,,,,,,,,,Greek,,,,,,,,,,,,,,,,,
New,recipes with greek yogurt,RECIPES,RECIPES,Recipes with yogurt,,,,,#DIV/0!,#DIV/0!,0,0,0,0,,,,,,,,,,,,,,,,,,,,,,,,,Greek,,,,,,,,,,,,,,,,,
New,nutrition in greek yogurt,PRODUCTS,PLANT BASED YOGURTS,Generic,,,,,#DIV/0!,#DIV/0!,0,0,0,0,,,,,,,,,,,,,,,,,,,,,,,,,Greek,,,,,,,,,,,,,,,,,
New,sources of protein,HEALTH,COMPOSITION,Proteins,,,,,#DIV/0!,#DIV/0!,0,0,0,0,,,,,,,,,,,,,,,,,,,,,,,,,,,,,,,,,,,,,,,,,,
New,chobani greek yogurt canada,PRODUCTS,PLANT BASED YOGURTS,Generic,,,,,#DIV/0!,#DIV/0!,0,0,0,0,,,,,,,,,,,,,,,,,,,,,,,,,Greek,,,,Chobani,,,,,,,,,,,,,
New,nutrition greek yogurt,EATING BETTER,HEALTHIER EATING,Labels & scoring,,,,,#DIV/0!,#DIV/0!,0,0,0,0,,,,,,,,,,,,,,,,,,,,,,,,,Greek,,,,,,,,,,,,,,,,,
New,nutritional value greek yogurt,PRODUCTS,PLANT BASED YOGURTS,Generic,,,,,#DIV/0!,#DIV/0!,0,0,0,0,,,,,,,,,,,,,,,,,,,,,,,,,Greek,,,,,,,,,,,,,,,,,
New,nutritional value in greek yogurt,PRODUCTS,PLANT BASED YOGURTS,Generic,,,,,#DIV/0!,#DIV/0!,0,0,0,0,,,,,,,,,,,,,,,,,,,,,,,,,Greek,,,,,,,,,,,,,,,,,
EN,greek yogurt calories,EATING BETTER,HEALTHIER EATING,Labels & scoring,,,,,#DIV/0!,#DIV/0!,0,0,0,0,,,,,,,,,,,,,,,,,,,,,,,,,Greek,,,Calorie,,,,,,,,,,,,,,
New,nutrients in greek yogurt,EATING BETTER,HEALTHIER EATING,Labels & scoring,,,,,#DIV/0!,#DIV/0!,0,0,0,0,,,,,,,,,,,,,,,,,,,,,,,,,Greek,,,,,,,,,,,,,,,,,
New,greek yogurt nutritional,PRODUCTS,PLANT BASED YOGURTS,Generic,,,,,#DIV/0!,#DIV/0!,0,0,0,0,,,,,,,,,,,,,,,,,,,,,,,,,Greek,,,,,,,,,,,,,,,,,
New,source proteines,PRODUCTS,PLANT BASED YOGURTS,Generic,,,,,#DIV/0!,#DIV/0!,0,0,0,0,,,,,,,,,,,,,,,,,,,,,,,,,,,,,,,,,,,,,,,,,,
New,yogurt greek nutrition,EATING BETTER,HEALTHIER EATING,Labels & scoring,,,,,#DIV/0!,#DIV/0!,0,0,0,0,,,,,,,,,,,,,,,,,,,,,,,,,Greek,,,,,,,,,,,,,,,,,
New,nutritional information greek yogurt,EATING BETTER,HEALTHIER EATING,Labels & scoring,,,,,#DIV/0!,#DIV/0!,0,0,0,0,,,,,,,,,,,,,,,,,,,,,,,,,Greek,,,,,,,,,,,,,,,,,
New,oikos pro yogurt,PRODUCTS,YOGURTS,Yogurts,,,,,#DIV/0!,#DIV/0!,0,0,0,0,,,,,,,,,,,,,,,,,,,,,,,,,Yogurt,,,,Oikos,,,,,,,,,,,,,
New,protein foods list,PRODUCTS,PLANT BASED YOGURTS,Generic,,,,,#DIV/0!,#DIV/0!,0,0,0,0,,,,,,,,,,,,,,,,,,,,,,,,,,,,,,,,,,,,,,,,,,
New,yogurt for lactose free,PRODUCTS,PLANT BASED YOGURTS,Generic,,,,,#DIV/0!,#DIV/0!,0,0,0,0,,,,,,,,,,,,,,,,,,,,,,,,,Yogurt,,,Lactose,,,,,,,,,,,,,,
New,lactose free yogurts,PRODUCTS,YOGURTS,Yogurts,,,,,#DIV/0!,#DIV/0!,0,0,0,0,,,,,,,,,,,,,,,,,,,,,,,,,Yogurt,,,Lactose,,,,,,,,,,,,,,
New,free lactose yogurt,PRODUCTS,PLANT BASED YOGURTS,Generic,,,,,#DIV/0!,#DIV/0!,0,0,0,0,,,,,,,,,,,,,,,,,,,,,,,,,Yogurt,,,Lactose,,,,,,,,,,,,,,
New,lactose free yougart,PRODUCTS,PLANT BASED YOGURTS,Generic,,,,,#DIV/0!,#DIV/0!,0,0,0,0,,,,,,,,,,,,,,,,,,,,,,,,,,,,Lactose,,,,,,,,,,,,,,
New,yogurt lactose free,PRODUCTS,YOGURTS,Yogurts,,,,,#DIV/0!,#DIV/0!,0,0,0,0,,,,,,,,,,,,,,,,,,,,,,,,,Yogurt,,,Lactose,,,,,,,,,,,,,,
New,kirkland greek yogurt,PRODUCTS,YOGURTS,Greek,,,,,#DIV/0!,#DIV/0!,0,0,0,0,,,,,,,,,,,,,,,,,,,,,,,,,Greek,,,,,,,,,,,,,,,,,
New,oiko protein yogurt,PRODUCTS,BRANDS,Danone - generic,,,,,#DIV/0!,#DIV/0!,0,0,0,0,,,,,,,,,,,,,,,,,,,,,,,,,Yogurt,,,,Oikos,,,,,,,,,,,,,
EN,oikos yogurt protein,PRODUCTS,YOGURTS,Yogurts,,,,,#DIV/0!,#DIV/0!,0,0,0,0,,,,,,,,,,,,,,,,,,,,,,,,,Yogurt,,,Protein,Oikos,,,,Best,,,,,,,,,
New,oikos protein yogurt,PRODUCTS,YOGURTS,Yogurts,,,,,#DIV/0!,#DIV/0!,0,0,0,0,,,,,,,,,,,,,,,,,,,,,,,,,Yogurt,,,,Oikos,,,,,,,,,,,,,
EN,lactose free yogurt,PRODUCTS,YOGURTS,Yogurts,,,,,#DIV/0!,#DIV/0!,0,0,0,0,,,,,,,,,,,,,,,,,,,,,,,,,Yogurt,,,Lactose,,,,,,,,,,,,,,
New,high protein breakfast idea,PRODUCTS,PLANT BASED YOGURTS,Generic,,,,,#DIV/0!,#DIV/0!,0,0,0,0,,,,,,,,,,,,,,,,,,,,,,,,,,,,,,,,Rich in protein,,,,,,,,,,
New,protein sources,HEALTH,COMPOSITION,Proteins,,,,,#DIV/0!,#DIV/0!,0,0,0,0,,,,,,,,,,,,,,,,,,,,,,,,,,,,,,,,,,,,,,,,,,
New,good protein breakfast,PRODUCTS,PLANT BASED YOGURTS,Generic,,,,,#DIV/0!,#DIV/0!,0,0,0,0,,,,,,,,,,,,,,,,,,,,,,,,,,,,,,,,,Good or bad,,,,,,,,,
New,high protein breakfast ideas,CONSUMER HABITS,MEALS,Breakfast,,,,,#DIV/0!,#DIV/0!,0,0,0,0,,,,,,,,,,,,,,,,,,,,,,,,,,,,,,,,Rich in protein,,,Breakfast,,,,,,,
New,drinking yogurt,PRODUCTS,YOGURT DRINKS,Yogurt drinks,,,,,#DIV/0!,#DIV/0!,0,0,0,0,,,,,,,,,,,,,,,,,,,,,,,,,Yogurt,,,,,,,,,,,,,,,,,
EN,yogurt drink,PRODUCTS,YOGURT DRINKS,Yogurt drinks,,,,,#DIV/0!,#DIV/0!,0,0,0,0,,,,,,,,,,,,,,,,,,,,,,,,,Yogurt,,,,,,,,,,,,,,,,,
New,yogurt drinks,PRODUCTS,YOGURT DRINKS,Yogurt drinks,,,,,#DIV/0!,#DIV/0!,0,0,0,0,,,,,,,,,,,,,,,,,,,,,,,,,Yogurt,,,,,,,,,,,,,,,,,
EN,drinkable yogurt,PRODUCTS,YOGURT DRINKS,Yogurt drinks,,,,,#DIV/0!,#DIV/0!,0,0,0,0,,,,,,,,,,,,,,,,,,,,,,,,,Yogurt,,,,,,,,,,,,,,,,,
New,drink yogurt,PRODUCTS,PLANT BASED YOGURTS,Generic,,,,,#DIV/0!,#DIV/0!,0,0,0,0,,,,,,,,,,,,,,,,,,,,,,,,,Yogurt,,,,,,,,,,,,,,,,,
New,chobani flip,PRODUCTS,PLANT BASED YOGURTS,Generic,,,,,#DIV/0!,#DIV/0!,0,0,0,0,,,,,,,,,,,,,,,,,,,,,,,,,,,,,Chobani,,,,,,,,,,,,,
New,two good yogurt,PRODUCTS,YOGURTS,Greek,,,,,#DIV/0!,#DIV/0!,0,0,0,0,,,,,,,,,,,,,,,,,,,,,,,,,Yogurt,,,,,,,,Good or bad,,,,,,,,,
New,yogurt with protein,PRODUCTS,YOGURTS,Yogurts,,,,,#DIV/0!,#DIV/0!,0,0,0,0,,,,,,,,,,,,,,,,,,,,,,,,,Yogurt,,,,,,,,,,,,,,,,,
New,protein yoghurts,PRODUCTS,PLANT BASED YOGURTS,Generic,,,,,#DIV/0!,#DIV/0!,0,0,0,0,,,,,,,,,,,,,,,,,,,,,,,,,Yogurt,,,,,,,,,,,,,,,,,
EN,protein yogurt,PRODUCTS,YOGURTS,Yogurts,,,,,#DIV/0!,#DIV/0!,0,0,0,0,,,,,,,,,,,,,,,,,,,,,,,,,Yogurt,,,Protein,,,,,,,,,,,,,,
New,protein yogurts,PRODUCTS,PLANT BASED YOGURTS,Generic,,,,,#DIV/0!,#DIV/0!,0,0,0,0,,,,,,,,,,,,,,,,,,,,,,,,,Yogurt,,,,,,,,,,,,,,,,,
New,yogurt for protein,PRODUCTS,PLANT BASED YOGURTS,Generic,,,,,#DIV/0!,#DIV/0!,0,0,0,0,,,,,,,,,,,,,,,,,,,,,,,,,Yogurt,,,,,,,,,,,,,,,,,
New,protein in yogurt,PRODUCTS,YOGURTS,Yogurts,,,,,#DIV/0!,#DIV/0!,0,0,0,0,,,,,,,,,,,,,,,,,,,,,,,,,Yogurt,,,,,,,,,,,,,,,,,
EN,greek yogurt nutrition,EATING BETTER,HEALTHIER EATING,Labels & scoring,,,,,#DIV/0!,#DIV/0!,0,0,0,0,,,,,,,,,,,,,,,,,,,,,,,,,Greek,,,,,,,,,,,,,,,,,
EN,calories in greek yogurt,EATING BETTER,HEALTHIER EATING,Labels & scoring,,,,,#DIV/0!,#DIV/0!,0,0,0,0,,,,,,,,,,,,,,,,,,,,,,,,,Greek,,,Calorie,,,,,,,,,,,,,,
New,calories in oikos greek yogurt,EATING BETTER,HEALTHIER EATING,Labels & scoring,,,,,#DIV/0!,#DIV/0!,0,0,0,0,,,,,,,,,,,,,,,,,,,,,,,,,Greek,,,Calorie,Oikos,,,,,,,,,,,,,
EN,yogurt brands,PRODUCTS,YOGURTS,Yogurts,,,,,#DIV/0!,#DIV/0!,0,0,0,0,,,,,,,,,,,,,,,,,,,,,,,,,Yogurt,,,,,,,,,,,,,,,,,
New,greek yogurt oikos calories,EATING BETTER,HEALTHIER EATING,Labels & scoring,,,,,#DIV/0!,#DIV/0!,0,0,0,0,,,,,,,,,,,,,,,,,,,,,,,,,Greek,,,Calorie,Oikos,,,,,,,,,,,,,
New,calories in greek yogurt oikos,EATING BETTER,HEALTHIER EATING,Labels & scoring,,,,,#DIV/0!,#DIV/0!,0,0,0,0,,,,,,,,,,,,,,,,,,,,,,,,,Greek,,,Calorie,Oikos,,,,,,,,,,,,,
New,calories oikos greek yogurt,EATING BETTER,HEALTHIER EATING,Labels & scoring,,,,,#DIV/0!,#DIV/0!,0,0,0,0,,,,,,,,,,,,,,,,,,,,,,,,,Greek,,,Calorie,Oikos,,,,,,,,,,,,,
New,oikos greek yogurt nutrition information,EATING BETTER,HEALTHIER EATING,Labels & scoring,,,,,#DIV/0!,#DIV/0!,0,0,0,0,,,,,,,,,,,,,,,,,,,,,,,,,Greek,,,,Oikos,,,,,,,,,,,,,
New,brands of yogurt,PRODUCTS,YOGURTS,Yogurts,,,,,#DIV/0!,#DIV/0!,0,0,0,0,,,,,,,,,,,,,,,,,,,,,,,,,Yogurt,,,,,,,,,,,,,,,,,
New,oikos greek yogurt nutrition info,EATING BETTER,HEALTHIER EATING,Labels & scoring,,,,,#DIV/0!,#DIV/0!,0,0,0,0,,,,,,,,,,,,,,,,,,,,,,,,,Greek,,,,Oikos,,,,,,,,,,,,,
New,greek oikos yogurt nutrition,PRODUCTS,PLANT BASED YOGURTS,Generic,,,,,#DIV/0!,#DIV/0!,0,0,0,0,,,,,,,,,,,,,,,,,,,,,,,,,Greek,,,,Oikos,,,,,,,,,,,,,
New,oikos greek yogurt nutrition label,EATING BETTER,HEALTHIER EATING,Labels & scoring,,,,,#DIV/0!,#DIV/0!,0,0,0,0,,,,,,,,,,,,,,,,,,,,,,,,,Greek,,,,Oikos,,,,,,,,,,,,,
New,yogurt brand,PRODUCTS,YOGURTS,Yogurts,,,,,#DIV/0!,#DIV/0!,0,0,0,0,,,,,,,,,,,,,,,,,,,,,,,,,Yogurt,,,,,,,,,,,,,,,,,
New,oiko greek yogurt nutrition,EATING BETTER,HEALTHIER EATING,Labels & scoring,,,,,#DIV/0!,#DIV/0!,0,0,0,0,,,,,,,,,,,,,,,,,,,,,,,,,Greek,,,,Oikos,,,,,,,,,,,,,
New,nutritional value of oikos greek yogurt,EATING BETTER,HEALTHIER EATING,Labels & scoring,,,,,#DIV/0!,#DIV/0!,0,0,0,0,,,,,,,,,,,,,,,,,,,,,,,,,Greek,,,,Oikos,,,,,,,,,,,,,
New,nutrition oikos greek yogurt,EATING BETTER,HEALTHIER EATING,Labels & scoring,,,,,#DIV/0!,#DIV/0!,0,0,0,0,,,,,,,,,,,,,,,,,,,,,,,,,Greek,,,,Oikos,,,,,,,,,,,,,
New,oikos greek yogurt nutritional value,PRODUCTS,PLANT BASED YOGURTS,Generic,,,,,#DIV/0!,#DIV/0!,0,0,0,0,,,,,,,,,,,,,,,,,,,,,,,,,Greek,,,,Oikos,,,,,,,,,,,,,
New,greek yogurt nutrition oikos,EATING BETTER,HEALTHIER EATING,Labels & scoring,,,,,#DIV/0!,#DIV/0!,0,0,0,0,,,,,,,,,,,,,,,,,,,,,,,,,Greek,,,,Oikos,,,,,,,,,,,,,
New,yogurts brands,PRODUCTS,PLANT BASED YOGURTS,Generic,,,,,#DIV/0!,#DIV/0!,0,0,0,0,,,,,,,,,,,,,,,,,,,,,,,,,Yogurt,,,,,,,,,,,,,,,,,
New,brand of yogurts,PRODUCTS,PLANT BASED YOGURTS,Generic,,,,,#DIV/0!,#DIV/0!,0,0,0,0,,,,,,,,,,,,,,,,,,,,,,,,,Yogurt,,,,,,,,,,,,,,,,,
EN,coconut yogurt,PRODUCTS,YOGURTS,Yogurts,,,,,#DIV/0!,#DIV/0!,0,0,0,0,,,,,,,,,,,,,,,,,,,,,,,,,Yogurt,Coconut,,,,,,,,,,,,,,,,
New,nutritional value oikos greek yogurt,PRODUCTS,PLANT BASED YOGURTS,Generic,,,,,#DIV/0!,#DIV/0!,0,0,0,0,,,,,,,,,,,,,,,,,,,,,,,,,Greek,,,,Oikos,,,,,,,,,,,,,
New,oikos greek yogurt nutritional info,EATING BETTER,HEALTHIER EATING,Labels & scoring,,,,,#DIV/0!,#DIV/0!,0,0,0,0,,,,,,,,,,,,,,,,,,,,,,,,,Greek,,,,Oikos,,,,,,,,,,,,,
New,greek yogurt oikos nutrition,EATING BETTER,HEALTHIER EATING,Labels & scoring,,,,,#DIV/0!,#DIV/0!,0,0,0,0,,,,,,,,,,,,,,,,,,,,,,,,,Greek,,,,Oikos,,,,,,,,,,,,,
EN,oikos greek yogurt calories,EATING BETTER,HEALTHIER EATING,Labels & scoring,,,,,#DIV/0!,#DIV/0!,0,0,0,0,,,,,,,,,,,,,,,,,,,,,,,,,Greek,,,Calorie,Oikos,,,,,,,,,,,,,
New,oikos tripple zero,PRODUCTS,PLANT BASED YOGURTS,Generic,,,,,#DIV/0!,#DIV/0!,0,0,0,0,,,,,,,,,,,,,,,,,,,,,,,,,,,,,Oikos,,,,,,,,,,,,,
New,yogurts high in protein,PRODUCTS,YOGURTS,Yogurts,,,,,#DIV/0!,#DIV/0!,0,0,0,0,,,,,,,,,,,,,,,,,,,,,,,,,Yogurt,,,,,,,Rich in protein,,,,,,,,,,
New,oiko triple zero,PRODUCTS,BRANDS,Danone - generic,,,,,#DIV/0!,#DIV/0!,0,0,0,0,,,,,,,,,,,,,,,,,,,,,,,,,,,,,Oikos,,,,,,,,,,,,,
New,oikos triple 0,PRODUCTS,BRANDS,Danone - generic,,,,,#DIV/0!,#DIV/0!,0,0,0,0,,,,,,,,,,,,,,,,,,,,,,,,,,,,Without,Oikos,,,,,,,,,,,,,
New,yogurt with most protein,PRODUCTS,YOGURTS,Yogurts,,,,,#DIV/0!,#DIV/0!,0,0,0,0,,,,,,,,,,,,,,,,,,,,,,,,,Yogurt,,,,,,,,,,,,,,,,,
New,high protein yogurts,PRODUCTS,YOGURTS,Yogurts,,,,,#DIV/0!,#DIV/0!,0,0,0,0,,,,,,,,,,,,,,,,,,,,,,,,,Yogurt,,,,,,,Rich in protein,,,,,,,,,,
New,yogurt with the highest protein,PRODUCTS,YOGURTS,Yogurts,,,,,#DIV/0!,#DIV/0!,0,0,0,0,,,,,,,,,,,,,,,,,,,,,,,,,Yogurt,,,,,,,Rich in protein,,,,,,,,,,
New,oikos triple zero,PRODUCTS,BRANDS,Danone - generic,,,,,#DIV/0!,#DIV/0!,0,0,0,0,,,,,,,,,,,,,,,,,,,,,,,,,,,,,Oikos,,,,,,,,,,,,,
FR,gateau au yaourt,RECIPES,RECIPES,Recipes with yogurt,,,,,#DIV/0!,#DIV/0!,0,0,0,0,,,,,,,,,,,,,,,,,,,,,,,,,Yogurt,,,,,,,,,,,,,,,,,
New,yogurt with highest protein,PRODUCTS,YOGURTS,Yogurts,,,,,#DIV/0!,#DIV/0!,0,0,0,0,,,,,,,,,,,,,,,,,,,,,,,,,Yogurt,,,,,,,Rich in protein,,,,,,,,,,
New,hi protein yogurt,PRODUCTS,PLANT BASED YOGURTS,Generic,,,,,#DIV/0!,#DIV/0!,0,0,0,0,,,,,,,,,,,,,,,,,,,,,,,,,Yogurt,,,,,,,,,,,,,,,,,
New,triple zero oikos,PRODUCTS,BRANDS,Yogurts,,,,,#DIV/0!,#DIV/0!,0,0,0,0,,,,,,,,,,,,,,,,,,,,,,,,,,,,,Oikos,,,,,,,,,,,,,
New,highest protein yogurt,PRODUCTS,YOGURTS,Yogurts,,,,,#DIV/0!,#DIV/0!,0,0,0,0,,,,,,,,,,,,,,,,,,,,,,,,,Yogurt,,,,,,,Rich in protein,,,,,,,,,,
New,what foods are high in protein,HEALTH,COMPOSITION,Proteins,,,,,#DIV/0!,#DIV/0!,0,0,0,0,,,,,,,,,,,,,,,,,,,,,,,,,,,,,,,,Rich in protein,,,,,,,,,,
New,what foods are high protein,PRODUCTS,PLANT BASED YOGURTS,Generic,,,,,#DIV/0!,#DIV/0!,0,0,0,0,,,,,,,,,,,,,,,,,,,,,,,,,,,,,,,,Rich in protein,,,,,,,,,,
EN,high protein yogurt,PRODUCTS,YOGURTS,Yogurts,,,,,#DIV/0!,#DIV/0!,0,0,0,0,,,,,,,,,,,,,,,,,,,,,,,,,Yogurt,,,Protein,,,,Rich in protein,,,,,,,,,,
New,yogurt highest protein,PRODUCTS,PLANT BASED YOGURTS,Generic,,,,,#DIV/0!,#DIV/0!,0,0,0,0,,,,,,,,,,,,,,,,,,,,,,,,,Yogurt,,,,,,,Rich in protein,,,,,,,,,,
New,highest protein yogurts,PRODUCTS,PLANT BASED YOGURTS,Generic,,,,,#DIV/0!,#DIV/0!,0,0,0,0,,,,,,,,,,,,,,,,,,,,,,,,,Yogurt,,,,,,,Rich in protein,,,,,,,,,,
EN,oikos greek yogurt nutrition,EATING BETTER,HEALTHIER EATING,Labels & scoring,,,,,#DIV/0!,#DIV/0!,0,0,0,0,,,,,,,,,,,,,,,,,,,,,,,,,Greek,,,,Oikos,,,,,,,,,,,,,
New,yogurt high in protein,PRODUCTS,YOGURTS,Yogurts,,,,,#DIV/0!,#DIV/0!,0,0,0,0,,,,,,,,,,,,,,,,,,,,,,,,,Yogurt,,,,,,,Rich in protein,,,,,,,,,,
New,yogurt with high protein,PRODUCTS,YOGURTS,Yogurts,,,,,#DIV/0!,#DIV/0!,0,0,0,0,,,,,,,,,,,,,,,,,,,,,,,,,Yogurt,,,,,,,Rich in protein,,,,,,,,,,
New,high in protein yogurt,PRODUCTS,PLANT BASED YOGURTS,Generic,,,,,#DIV/0!,#DIV/0!,0,0,0,0,,,,,,,,,,,,,,,,,,,,,,,,,Yogurt,,,,,,,Rich in protein,,,,,,,,,,
New,yogurt high protein,PRODUCTS,YOGURTS,Yogurts,,,,,#DIV/0!,#DIV/0!,0,0,0,0,,,,,,,,,,,,,,,,,,,,,,,,,Yogurt,,,,,,,Rich in protein,,,,,,,,,,
New,canadian yogurt,EATING BETTER,ORIGIN,Made in Canada,,,,,#DIV/0!,#DIV/0!,0,0,0,0,,,,,,,,,,,,,,,,,,,,,,,,,Yogurt,,,,,,,,,,,,,,,,,
New,yogurts in canada,PRODUCTS,YOGURTS,Yogurts,,,,,#DIV/0!,#DIV/0!,0,0,0,0,,,,,,,,,,,,,,,,,,,,,,,,,Yogurt,,,,,,,,,,,,,,,,,
New,canadian yogurts,EATING BETTER,ORIGIN,Made in Canada,,,,,#DIV/0!,#DIV/0!,0,0,0,0,,,,,,,,,,,,,,,,,,,,,,,,,Yogurt,,,,,,,,,,,,,,,,,
New,canada yogurt,PRODUCTS,YOGURTS,Yogurts,,,,,#DIV/0!,#DIV/0!,0,0,0,0,,,,,,,,,,,,,,,,,,,,,,,,,Yogurt,,,,,,,,,,,,,,,,,
New,yogurt in canada,PRODUCTS,PLANT BASED YOGURTS,Generic,,,,,#DIV/0!,#DIV/0!,0,0,0,0,,,,,,,,,,,,,,,,,,,,,,,,,Yogurt,,,,,,,,,,,,,,,,,
New,yogurt canada,PRODUCTS,YOGURTS,Yogurts,,,,,#DIV/0!,#DIV/0!,0,0,0,0,,,,,,,,,,,,,,,,,,,,,,,,,Yogurt,,,,,,,,,,,,,,,,,
EN,greek yogurt benefits,PRODUCTS,YOGURTS,Greek,,,,,#DIV/0!,#DIV/0!,0,0,0,0,,,,,,,,,,,,,,,,,,,,,,,,,Greek,,,,,,,,,,,,,,,,,
New,benefit of greek yogurt,PRODUCTS,YOGURTS,Greek,,,,,#DIV/0!,#DIV/0!,0,0,0,0,,,,,,,,,,,,,,,,,,,,,,,,,Greek,,,,,,,,,,,,,,,,,
New,greek yogurt benefit,PRODUCTS,PLANT BASED YOGURTS,Generic,,,,,#DIV/0!,#DIV/0!,0,0,0,0,,,,,,,,,,,,,,,,,,,,,,,,,Greek,,,,,,,,,,,,,,,,,
New,breakfast protein,CONSUMER HABITS,MEALS,Breakfast,,,,,#DIV/0!,#DIV/0!,0,0,0,0,,,,,,,,,,,,,,,,,,,,,,,,,,,,,,,,,,,Breakfast,,,,,,,
New,protein breakfast,CONSUMER HABITS,MEALS,Breakfast,,,,,#DIV/0!,#DIV/0!,0,0,0,0,,,,,,,,,,,,,,,,,,,,,,,,,,,,,,,,,,,Breakfast,,,,,,,
New,protein for breakfast,CONSUMER HABITS,MEALS,Breakfast,,,,,#DIV/0!,#DIV/0!,0,0,0,0,,,,,,,,,,,,,,,,,,,,,,,,,,,,,,,,,,,Breakfast,,,,,,,
New,breakfast proteins,PRODUCTS,PLANT BASED YOGURTS,Generic,,,,,#DIV/0!,#DIV/0!,0,0,0,0,,,,,,,,,,,,,,,,,,,,,,,,,,,,,,,,,,,,,,,,,,
EN,benefits of greek yogurt,PRODUCTS,YOGURTS,Greek,,,,,#DIV/0!,#DIV/0!,0,0,0,0,,,,,,,,,,,,,,,,,,,,,,,,,Greek,,,,,,,,,,,,,,,,,
New,protein breakfasts,CONSUMER HABITS,MEALS,Breakfast,,,,,#DIV/0!,#DIV/0!,0,0,0,0,,,,,,,,,,,,,,,,,,,,,,,,,,,,,,,,,,,Breakfast,,,,,,,
New,food with protein,HEALTH,COMPOSITION,Proteins,,,,,#DIV/0!,#DIV/0!,0,0,0,0,,,,,,,,,,,,,,,,,,,,,,,,,,,,,,,,,,,,,,,,,,
New,foods with protein,HEALTH,COMPOSITION,Proteins,,,,,#DIV/0!,#DIV/0!,0,0,0,0,,,,,,,,,,,,,,,,,,,,,,,,,,,,,,,,,,,,,,,,,,
New,benefits to greek yogurt,PRODUCTS,PLANT BASED YOGURTS,Generic,,,,,#DIV/0!,#DIV/0!,0,0,0,0,,,,,,,,,,,,,,,,,,,,,,,,,Greek,,,,,,,,,,,,,,,,,
New,high protein,PRODUCTS,PLANT BASED YOGURTS,Generic,,,,,#DIV/0!,#DIV/0!,0,0,0,0,,,,,,,,,,,,,,,,,,,,,,,,,,,,,,,,Rich in protein,,,,,,,,,,
New,best source of protein,HEALTH,COMPOSITION,Proteins,,,,,#DIV/0!,#DIV/0!,0,0,0,0,,,,,,,,,,,,,,,,,,,,,,,,,,,,,,,,,Best,,,,,,,,,
New,pre workout meal,CONSUMER HABITS,MEALS,Sports,,,,,#DIV/0!,#DIV/0!,0,0,0,0,,,,,,,,,,,,,,,,,,,,,,,,,,,,,,,,,,,Sports,,,,,,,
New,best sources of protein,HEALTH,COMPOSITION,Proteins,,,,,#DIV/0!,#DIV/0!,0,0,0,0,,,,,,,,,,,,,,,,,,,,,,,,,,,,,,,,,Best,,,,,,,,,
New,good sources of protein,PRODUCTS,PLANT BASED YOGURTS,Generic,,,,,#DIV/0!,#DIV/0!,0,0,0,0,,,,,,,,,,,,,,,,,,,,,,,,,,,,,,,,,Good or bad,,,,,,,,,
New,olympia yogurt,PRODUCTS,PLANT BASED YOGURTS,Generic,,,,,#DIV/0!,#DIV/0!,0,0,0,0,,,,,,,,,,,,,,,,,,,,,,,,,Yogurt,,,,,,,,,,,,,,,,,
New,olympic yogurt,PRODUCTS,PLANT BASED YOGURTS,Generic,,,,,#DIV/0!,#DIV/0!,0,0,0,0,,,,,,,,,,,,,,,,,,,,,,,,,Yogurt,,,,,,,,,,,,,,,,,
New,best source for protein,PRODUCTS,PLANT BASED YOGURTS,Generic,,,,,#DIV/0!,#DIV/0!,0,0,0,0,,,,,,,,,,,,,,,,,,,,,,,,,,,,,,,,,Best,,,,,,,,,
New,good source of protein,PRODUCTS,PLANT BASED YOGURTS,Generic,,,,,#DIV/0!,#DIV/0!,0,0,0,0,,,,,,,,,,,,,,,,,,,,,,,,,,,,,,,,,Good or bad,,,,,,,,,
New,is yogurt healthy for you,PRODUCTS,YOGURTS,Yogurts,,,,,#DIV/0!,#DIV/0!,0,0,0,0,,,,,,,,,,,,,,,,,,,,,,,,,Yogurt,,,,,,,Healthy,,,,,,,,,,
New,is yogurt good for you,PRODUCTS,YOGURTS,Yogurts,,,,,#DIV/0!,#DIV/0!,0,0,0,0,,,,,,,,,,,,,,,,,,,,,,,,,Yogurt,,,,,,,,Good or bad,,,,,,,,,
New,yogurt is it good for you,PRODUCTS,PLANT BASED YOGURTS,Generic,,,,,#DIV/0!,#DIV/0!,0,0,0,0,,,,,,,,,,,,,,,,,,,,,,,,,Yogurt,,,,,,,,Good or bad,,,,,,,,,
New,dejeuner protéines,CONSUMER HABITS,MEALS,Lunch,,,,,#DIV/0!,#DIV/0!,0,0,0,0,,,,,,,,,,,,,,,,,,,,,,,,,,,,,,,,,,,Lunch,,,,,,,
New,déjeuners protéinés,CONSUMER HABITS,MEALS,Lunch,,,,,#DIV/0!,#DIV/0!,0,0,0,0,,,,,,,,,,,,,,,,,,,,,,,,,,,,,,,,,,,Lunch,,,,,,,
New,protein breakfast ideas,CONSUMER HABITS,MEALS,Breakfast,,,,,#DIV/0!,#DIV/0!,0,0,0,0,,,,,,,,,,,,,,,,,,,,,,,,,,,,,,,,,,,Breakfast,,,,,,,
New,déjeuner protéiné,CONSUMER HABITS,MEALS,Lunch,,,,,#DIV/0!,#DIV/0!,0,0,0,0,,,,,,,,,,,,,,,,,,,,,,,,,,,,,,,,,,,Lunch,,,,,,,
New,dejeuner proteiné,PRODUCTS,PLANT BASED YOGURTS,Generic,,,,,#DIV/0!,#DIV/0!,0,0,0,0,,,,,,,,,,,,,,,,,,,,,,,,,,,,,,,,,,,,,,,,,,
FR,oikos protein drink,PRODUCTS,YOGURT DRINKS,Yogurt drinks,,,,,#DIV/0!,#DIV/0!,0,0,0,0,,,,,,,,,,,,,,,,,,,,,,,,,,,,,Oikos,,,,,,,,,,,,,
EN,dairy free yogurt,PRODUCTS,YOGURTS,Yogurts,,,,,#DIV/0!,#DIV/0!,0,0,0,0,,,,,,,,,,,,,,,,,,,,,,,,,Yogurt,,,Dairy,,,,,,,,,,,,,,
New,fairy free yogurt,PRODUCTS,PLANT BASED YOGURTS,Generic,,,,,#DIV/0!,#DIV/0!,0,0,0,0,,,,,,,,,,,,,,,,,,,,,,,,,Yogurt,,,,,,,,,,,,,,,,,
New,greek yogurt lactose free,PRODUCTS,YOGURTS,Greek,,,,,#DIV/0!,#DIV/0!,0,0,0,0,,,,,,,,,,,,,,,,,,,,,,,,,Greek,,,Lactose,,,,,,,,,,,,,,
EN,is greek yogurt healthy,PRODUCTS,YOGURTS,Greek,,,,,#DIV/0!,#DIV/0!,0,0,0,0,,,,,,,,,,,,,,,,,,,,,,,,,Greek,,,,,,,Healthy,,,,,,,,,,
EN,lactose free greek yogurt,PRODUCTS,YOGURTS,Greek,,,,,#DIV/0!,#DIV/0!,0,0,0,0,,,,,,,,,,,,,,,,,,,,,,,,,Greek,,,Lactose,,,,,,,,,,,,,,
New,dairy free yogurts,PRODUCTS,PLANT BASED YOGURTS,Generic,,,,,#DIV/0!,#DIV/0!,0,0,0,0,,,,,,,,,,,,,,,,,,,,,,,,,Yogurt,,,Dairy,,,,,,,,,,,,,,
New,greek lactose free yogurt,PRODUCTS,YOGURTS,Greek,,,,,#DIV/0!,#DIV/0!,0,0,0,0,,,,,,,,,,,,,,,,,,,,,,,,,Greek,,,Lactose,,,,,,,,,,,,,,
New,lactose free yogurt greek,PRODUCTS,PLANT BASED YOGURTS,Generic,,,,,#DIV/0!,#DIV/0!,0,0,0,0,,,,,,,,,,,,,,,,,,,,,,,,,Greek,,,Lactose,,,,,,,,,,,,,,
New,snacks before workout,PRODUCTS,PLANT BASED YOGURTS,Generic,,,,,#DIV/0!,#DIV/0!,0,0,0,0,,,,,,,,,,,,,,,,,,,,,,,,,,,,,,,,,,,,,,,,,,
EN,plain greek yogurt,PRODUCTS,YOGURTS,Greek,,,,,#DIV/0!,#DIV/0!,0,0,0,0,,,,,,,,,,,,,,,,,,,,,,,,,Greek,Plain,,,,,,,,,,,,,,,,
New,collation protéinée,CONSUMER HABITS,MEALS,Snack,,,,,#DIV/0!,#DIV/0!,0,0,0,0,,,,,,,,,,,,,,,,,,,,,,,,,,,,,,,,,,,Snack,,,,,,,
New,aliments protéinés,HEALTH,COMPOSITION,Proteins,,,,,#DIV/0!,#DIV/0!,0,0,0,0,,,,,,,,,,,,,,,,,,,,,,,,,,Lime,,,,,,,,,,,,,,,,
New,oikos high protein yogurt,PRODUCTS,YOGURTS,Yogurts,,,,,#DIV/0!,#DIV/0!,0,0,0,0,,,,,,,,,,,,,,,,,,,,,,,,,Yogurt,,,,Oikos,,,Rich in protein,,,,,,,,,,
New,greek plain yogurt,PRODUCTS,PLANT BASED YOGURTS,Generic,,,,,#DIV/0!,#DIV/0!,0,0,0,0,,,,,,,,,,,,,,,,,,,,,,,,,Greek,Plain,,,,,,,,,,,,,,,,
New,yogurt plain greek,PRODUCTS,PLANT BASED YOGURTS,Generic,,,,,#DIV/0!,#DIV/0!,0,0,0,0,,,,,,,,,,,,,,,,,,,,,,,,,Greek,Plain,,,,,,,,,,,,,,,,
New,collation protéiné,PRODUCTS,PLANT BASED YOGURTS,Generic,,,,,#DIV/0!,#DIV/0!,0,0,0,0,,,,,,,,,,,,,,,,,,,,,,,,,,,,,,,,,,,,,,,,,,
New,proteines aliment,PRODUCTS,PLANT BASED YOGURTS,Generic,,,,,#DIV/0!,#DIV/0!,0,0,0,0,,,,,,,,,,,,,,,,,,,,,,,,,,Lime,,,,,,,,,,,,,,,,
New,aliment protéiné,PRODUCTS,PLANT BASED YOGURTS,Generic,,,,,#DIV/0!,#DIV/0!,0,0,0,0,,,,,,,,,,,,,,,,,,,,,,,,,,Lime,,,,,,,,,,,,,,,,
New,oikos yogurt high protein,PRODUCTS,YOGURTS,Yogurts,,,,,#DIV/0!,#DIV/0!,0,0,0,0,,,,,,,,,,,,,,,,,,,,,,,,,Yogurt,,,,Oikos,,,Rich in protein,,,,,,,,,,
New,aliment proteine,PRODUCTS,PLANT BASED YOGURTS,Generic,,,,,#DIV/0!,#DIV/0!,0,0,0,0,,,,,,,,,,,,,,,,,,,,,,,,,,Lime,,,,,,,,,,,,,,,,
New,collation protéine,PRODUCTS,PLANT BASED YOGURTS,Generic,,,,,#DIV/0!,#DIV/0!,0,0,0,0,,,,,,,,,,,,,,,,,,,,,,,,,,,,,,,,,,,,,,,,,,
New,protéine aliment,HEALTH,COMPOSITION,Proteins,,,,,#DIV/0!,#DIV/0!,0,0,0,0,,,,,,,,,,,,,,,,,,,,,,,,,,Lime,,,,,,,,,,,,,,,,
New,protéine dans les aliments,PRODUCTS,PLANT BASED YOGURTS,Generic,,,,,#DIV/0!,#DIV/0!,0,0,0,0,,,,,,,,,,,,,,,,,,,,,,,,,,Lime,,,,,,,,,,,,,,,,
New,too good yogurt,PRODUCTS,YOGURTS,Greek,,,,,#DIV/0!,#DIV/0!,0,0,0,0,,,,,,,,,,,,,,,,,,,,,,,,,Yogurt,,,,,,,,Good or bad,,,,,,,,,
FR,recette avec poulet haché,RECIPES,RECIPES,Chicken recipe,,,,,#DIV/0!,#DIV/0!,0,0,0,0,,,,,,,,,,,,,,,,,,,,,,,,,,,,,,,,,,,,,,,,,,
New,high protein items,PRODUCTS,PLANT BASED YOGURTS,Generic,,,,,#DIV/0!,#DIV/0!,0,0,0,0,,,,,,,,,,,,,,,,,,,,,,,,,,,,,,,,Rich in protein,,,,,,,,,,
New,most high protein foods,PRODUCTS,PLANT BASED YOGURTS,Generic,,,,,#DIV/0!,#DIV/0!,0,0,0,0,,,,,,,,,,,,,,,,,,,,,,,,,,,,,,,,Rich in protein,,,,,,,,,,
EN,greek yogurt vs regular,PRODUCTS,YOGURTS,Greek,,,,,#DIV/0!,#DIV/0!,0,0,0,0,,,,,,,,,,,,,,,,,,,,,,,,,Greek,,,,,,,,Comparison,,,,,,,,,
EN,oikos vanilla greek yogurt,PRODUCTS,YOGURTS,Greek,,,,,#DIV/0!,#DIV/0!,0,0,0,0,,,,,,,,,,,,,,,,,,,,,,,,,Greek,Vanilla,,,Oikos,,,,,,,,,,,,,
FR,oikos yogourt,PRODUCTS,BRANDS,Yogurts,,,,,#DIV/0!,#DIV/0!,0,0,0,0,,,,,,,,,,,,,,,,,,,,,,,,,Yogurt,,,,Oikos,,,,,,,,,,,,,
New,where is oikos yogurt made,PRODUCTS,YOGURTS,Greek,,,,,#DIV/0!,#DIV/0!,0,0,0,0,,,,,,,,,,,,,,,,,,,,,,,,,Yogurt,,,,Oikos,,,,,,,,,,,,,
New,post workout meal,CONSUMER HABITS,MEALS,Sports,,,,,#DIV/0!,#DIV/0!,0,0,0,0,,,,,,,,,,,,,,,,,,,,,,,,,,,,,,,,,,,Sports,,,,,,,
New,greek yogurt oikos vanilla,PRODUCTS,YOGURTS,Greek,,,,,#DIV/0!,#DIV/0!,0,0,0,0,,,,,,,,,,,,,,,,,,,,,,,,,Greek,Vanilla,,,Oikos,,,,,,,,,,,,,
New,oikos yogur,PRODUCTS,PLANT BASED YOGURTS,Generic,,,,,#DIV/0!,#DIV/0!,0,0,0,0,,,,,,,,,,,,,,,,,,,,,,,,,Yogurt,,,,Oikos,,,,,,,,,,,,,
New,siggi's greek yogurt,PRODUCTS,BRANDS,Other,,,,,#DIV/0!,#DIV/0!,0,0,0,0,,,,,,,,,,,,,,,,,,,,,,,,,Greek,,,,Siggi's,,,,,,,,,,,,,
New,krema yogurt,PRODUCTS,YOGURTS,Greek,,,,,#DIV/0!,#DIV/0!,0,0,0,0,,,,,,,,,,,,,,,,,,,,,,,,,Yogurt,,,,,,,,,,,,,,,,,
FR,sauce ranch maison,RECIPES,RECIPES,Sauce recipe,,,,,#DIV/0!,#DIV/0!,0,0,0,0,,,,,,,,,,,,,,,,,,,,,,,,,,,,,,,,,,,,,,,,,,
New,oikos greek yogurt vanilla,PRODUCTS,YOGURTS,Greek,,,,,#DIV/0!,#DIV/0!,0,0,0,0,,,,,,,,,,,,,,,,,,,,,,,,,Greek,Vanilla,,,Oikos,,,,,,,,,,,,,
New,vanilla greek yogurt oikos,PRODUCTS,YOGURTS,Greek,,,,,#DIV/0!,#DIV/0!,0,0,0,0,,,,,,,,,,,,,,,,,,,,,,,,,Greek,Vanilla,,,Oikos,,,,,,,,,,,,,
New,after workout meal,PRODUCTS,PLANT BASED YOGURTS,Generic,,,,,#DIV/0!,#DIV/0!,0,0,0,0,,,,,,,,,,,,,,,,,,,,,,,,,,,,,,,,,,,,,,,,,,
FR,yogourt oikos,PRODUCTS,BRANDS,Yogurts,,,,,#DIV/0!,#DIV/0!,0,0,0,0,,,,,,,,,,,,,,,,,,,,,,,,,Yogurt,,,,Oikos,,,,,,,,,,,,,
New,oikos greek vanilla yogurt,PRODUCTS,YOGURTS,Greek,,,,,#DIV/0!,#DIV/0!,0,0,0,0,,,,,,,,,,,,,,,,,,,,,,,,,Greek,Vanilla,,,Oikos,,,,,,,,,,,,,
FR,oikos pro drink,PRODUCTS,YOGURT DRINKS,Yogurt drinks,,,,,#DIV/0!,#DIV/0!,0,0,0,0,,,,,,,,,,,,,,,,,,,,,,,,,,,,,Oikos,,,,,,,,,,,,,
New,vegan yogurt,PRODUCTS,PLANT BASED YOGURTS,Generic,,,,,#DIV/0!,#DIV/0!,0,0,0,0,,,,,,,,,,,,,,,,,,,,,,,,,Yogurt,,,,,,,,,,,,,,,,,
New,vegan yogurts,PRODUCTS,PLANT BASED YOGURTS,Generic,,,,,#DIV/0!,#DIV/0!,0,0,0,0,,,,,,,,,,,,,,,,,,,,,,,,,Yogurt,,,,,,,,,,,,,,,,,
New,best protein foods,HEALTH,COMPOSITION,Proteins,,,,,#DIV/0!,#DIV/0!,0,0,0,0,,,,,,,,,,,,,,,,,,,,,,,,,,,,,,,,,Best,,,,,,,,,
New,how to make a greek yogurt,PRODUCTS,PLANT BASED YOGURTS,Generic,,,,,#DIV/0!,#DIV/0!,0,0,0,0,,,,,,,,,,,,,,,,,,,,,,,,,Greek,,,,,,,,,,,,,,,,,
EN,vanilla greek yogurt,PRODUCTS,YOGURTS,Greek,,,,,#DIV/0!,#DIV/0!,0,0,0,0,,,,,,,,,,,,,,,,,,,,,,,,,Greek,Vanilla,,,,,,,,,,,,,,,,
New,greek vanilla yogurt,PRODUCTS,YOGURTS,Greek,,,,,#DIV/0!,#DIV/0!,0,0,0,0,,,,,,,,,,,,,,,,,,,,,,,,,Greek,Vanilla,,,,,,,,,,,,,,,,
New,how to make greek yogurt,PRODUCTS,YOGURTS,Greek,,,,,#DIV/0!,#DIV/0!,0,0,0,0,,,,,,,,,,,,,,,,,,,,,,,,,Greek,,,,,,,,,,,,,,,,,
FR,gyro au poulet,RECIPES,RECIPES,Chicken recipe,,,,,#DIV/0!,#DIV/0!,0,0,0,0,,,,,,,,,,,,,,,,,,,,,,,,,,,,,,,,,,,,,,,,,,
FR,gyros poulet,RECIPES,RECIPES,Chicken recipe,,,,,#DIV/0!,#DIV/0!,0,0,0,0,,,,,,,,,,,,,,,,,,,,,,,,,,,,,,,,,,,,,,,,,,
New,oikos triple zero in canada,PRODUCTS,YOGURTS,Greek,,,,,#DIV/0!,#DIV/0!,0,0,0,0,,,,,,,,,,,,,,,,,,,,,,,,,,,,,Oikos,,,,,,,,,,,,,
New,oiko protein drink,PRODUCTS,YOGURT DRINKS,Yogurt drinks,,,,,#DIV/0!,#DIV/0!,0,0,0,0,,,,,,,,,,,,,,,,,,,,,,,,,,,,,Oikos,,,,,,,,,,,,,
New,oikos protein drinks,PRODUCTS,YOGURT DRINKS,Yogurt drinks,,,,,#DIV/0!,#DIV/0!,0,0,0,0,,,,,,,,,,,,,,,,,,,,,,,,,,,,,Oikos,,,,,,,,,,,,,
New,siggi's yogurt canada,PRODUCTS,BRANDS,Other,,,,,#DIV/0!,#DIV/0!,0,0,0,0,,,,,,,,,,,,,,,,,,,,,,,,,Yogurt,,,,Siggi's,,,,,,,,,,,,,
New,oikos pro drinks,PRODUCTS,YOGURT DRINKS,Yogurt drinks,,,,,#DIV/0!,#DIV/0!,0,0,0,0,,,,,,,,,,,,,,,,,,,,,,,,,,,,,Oikos,,,,,,,,,,,,,
New,highest protein greek yogurt,PRODUCTS,YOGURTS,Greek,,,,,#DIV/0!,#DIV/0!,0,0,0,0,,,,,,,,,,,,,,,,,,,,,,,,,Greek,,,,,,,Rich in protein,,,,,,,,,,
New,high protein snack,CONSUMER HABITS,MEALS,Snack,,,,,#DIV/0!,#DIV/0!,0,0,0,0,,,,,,,,,,,,,,,,,,,,,,,,,,,,,,,,Rich in protein,,,Snack,,,,,,,
New,greek yogurt highest protein,PRODUCTS,PLANT BASED YOGURTS,Generic,,,,,#DIV/0!,#DIV/0!,0,0,0,0,,,,,,,,,,,,,,,,,,,,,,,,,Greek,,,,,,,Rich in protein,,,,,,,,,,
New,greek yogurt with highest protein,PRODUCTS,YOGURTS,Greek,,,,,#DIV/0!,#DIV/0!,0,0,0,0,,,,,,,,,,,,,,,,,,,,,,,,,Greek,,,,,,,Rich in protein,,,,,,,,,,
New,greek yogurt high protein,PRODUCTS,YOGURTS,Greek,,,,,#DIV/0!,#DIV/0!,0,0,0,0,,,,,,,,,,,,,,,,,,,,,,,,,Greek,,,,,,,Rich in protein,,,,,,,,,,
New,greek yogurt with high protein,PRODUCTS,YOGURTS,Greek,,,,,#DIV/0!,#DIV/0!,0,0,0,0,,,,,,,,,,,,,,,,,,,,,,,,,Greek,,,,,,,Rich in protein,,,,,,,,,,
FR,yogourt sans lactose,PRODUCTS,YOGURTS,Yogurts,,,,,#DIV/0!,#DIV/0!,0,0,0,0,,,,,,,,,,,,,,,,,,,,,,,,,Yogurt,,,Lactose,,,,,,,,,,,,,,
New,greek yogurt high in protein,PRODUCTS,YOGURTS,Greek,,,,,#DIV/0!,#DIV/0!,0,0,0,0,,,,,,,,,,,,,,,,,,,,,,,,,Greek,,,,,,,Rich in protein,,,,,,,,,,
New,canadian dairy,EATING BETTER,ORIGIN,Made in Canada,,,,,#DIV/0!,#DIV/0!,0,0,0,0,,,,,,,,,,,,,,,,,,,,,,,,,,,,Dairy,,,,,,,,,,,,,,
New,canada dairy,PRODUCTS,PLANT BASED YOGURTS,Generic,,,,,#DIV/0!,#DIV/0!,0,0,0,0,,,,,,,,,,,,,,,,,,,,,,,,,,,,Dairy,,,,,,,,,,,,,,
New,high protein snack ideas,CONSUMER HABITS,MEALS,Snack,,,,,#DIV/0!,#DIV/0!,0,0,0,0,,,,,,,,,,,,,,,,,,,,,,,,,,,,,,,,Rich in protein,,,Snack,,,,,,,
EN,greek yogurt bars,PRODUCTS,YOGURTS,Greek,,,,,#DIV/0!,#DIV/0!,0,0,0,0,,,,,,,,,,,,,,,,,,,,,,,,,Greek,,,,,,,,,,,,,,,,,
FR,oikos triple zero canada,PRODUCTS,BRANDS,Danone - generic,,,,,#DIV/0!,#DIV/0!,0,0,0,0,,,,,,,,,,,,,,,,,,,,,,,,,,,,,Oikos,,,0,,,,,,,,,,
New,what to eat after a workout,PRODUCTS,PLANT BASED YOGURTS,Generic,,,,,#DIV/0!,#DIV/0!,0,0,0,0,,,,,,,,,,,,,,,,,,,,,,,,,,,,,,,,,,,,,,,,,,
EN,high protein greek yogurt,PRODUCTS,YOGURTS,Greek,,,,,#DIV/0!,#DIV/0!,0,0,0,0,,,,,,,,,,,,,,,,,,,,,,,,,Greek,,,Protein,,,,Rich in protein,,,,,,,,,,
New,brand of greek yogurt,PRODUCTS,PLANT BASED YOGURTS,Generic,,,,,#DIV/0!,#DIV/0!,0,0,0,0,,,,,,,,,,,,,,,,,,,,,,,,,Greek,,,,,,,,,,,,,,,,,
New,greek yogurt types,PRODUCTS,PLANT BASED YOGURTS,Generic,,,,,#DIV/0!,#DIV/0!,0,0,0,0,,,,,,,,,,,,,,,,,,,,,,,,,Greek,,,,,,,,,,,,,,,,,
New,brands of greek yogurt,PRODUCTS,YOGURTS,Greek,,,,,#DIV/0!,#DIV/0!,0,0,0,0,,,,,,,,,,,,,,,,,,,,,,,,,Greek,,,,,,,,,,,,,,,,,
New,yogurt brands greek,PRODUCTS,PLANT BASED YOGURTS,Generic,,,,,#DIV/0!,#DIV/0!,0,0,0,0,,,,,,,,,,,,,,,,,,,,,,,,,Greek,,,,,,,,,,,,,,,,,
EN,greek yogurt brands,PRODUCTS,YOGURTS,Greek,,,,,#DIV/0!,#DIV/0!,0,0,0,0,,,,,,,,,,,,,,,,,,,,,,,,,Greek,,,,,,,,,,,,,,,,,
New,greek yogurts brands,PRODUCTS,YOGURTS,Greek,,,,,#DIV/0!,#DIV/0!,0,0,0,0,,,,,,,,,,,,,,,,,,,,,,,,,Greek,,,,,,,,,,,,,,,,,
New,yogurts made in canada,PRODUCTS,YOGURTS,Yogurts,,,,,#DIV/0!,#DIV/0!,0,0,0,0,,,,,,,,,,,,,,,,,,,,,,,,,Yogurt,,,,,,,,,,,,,,,,,
FR,gateau aux amandes,RECIPES,RECIPES,Cakes,,,,,#DIV/0!,#DIV/0!,0,0,0,0,,,,,,,,,,,,,,,,,,,,,,,,,,Almond,,,,,,,,,,,,,,,,
New,aliments riches en protéines,HEALTH,COMPOSITION,Proteins,,,,,#DIV/0!,#DIV/0!,0,0,0,0,,,,,,,,,,,,,,,,,,,,,,,,,,Lime,,,,,,Rich in protein,,,,,,,,,,
FR,gateau au amande,RECIPES,RECIPES,Cakes,,,,,#DIV/0!,#DIV/0!,0,0,0,0,,,,,,,,,,,,,,,,,,,,,,,,,,Almond,,,,,,,,,,,,,,,,
New,aliments riche en proteine,HEALTH,COMPOSITION,Proteins,,,,,#DIV/0!,#DIV/0!,0,0,0,0,,,,,,,,,,,,,,,,,,,,,,,,,,Lime,,,,,,Rich in protein,,,,,,,,,,
FR,gateau amande,RECIPES,RECIPES,Cakes,,,,,#DIV/0!,#DIV/0!,0,0,0,0,,,,,,,,,,,,,,,,,,,,,,,,,,Almond,,,,,,,,,,,,,,,,
New,yogurt made in canada,PRODUCTS,YOGURTS,Yogurts,,,,,#DIV/0!,#DIV/0!,0,0,0,0,,,,,,,,,,,,,,,,,,,,,,,,,Yogurt,,,,,,,,,,,,,,,,,
New,aliments riches en proteines,PRODUCTS,PLANT BASED YOGURTS,Generic,,,,,#DIV/0!,#DIV/0!,0,0,0,0,,,,,,,,,,,,,,,,,,,,,,,,,,Lime,,,,,,Rich in protein,,,,,,,,,,
New,canadian greek yogurt brands,EATING BETTER,ORIGIN,Made in Canada,,,,,#DIV/0!,#DIV/0!,0,0,0,0,,,,,,,,,,,,,,,,,,,,,,,,,Greek,,,,,,,,,,,,,,,,,
New,greek yogurt canada brands,PRODUCTS,YOGURTS,Greek,,,,,#DIV/0!,#DIV/0!,0,0,0,0,,,,,,,,,,,,,,,,,,,,,,,,,Greek,,,,,,,,,,,,,,,,,
New,greek yogurt brands canada,PRODUCTS,YOGURTS,Greek,,,,,#DIV/0!,#DIV/0!,0,0,0,0,,,,,,,,,,,,,,,,,,,,,,,,,Greek,,,,,,,,,,,,,,,,,
New,brands of greek yogurt canada,PRODUCTS,PLANT BASED YOGURTS,Generic,,,,,#DIV/0!,#DIV/0!,0,0,0,0,,,,,,,,,,,,,,,,,,,,,,,,,Greek,,,,,,,,,,,,,,,,,
New,olympic greek yogurt,PRODUCTS,PLANT BASED YOGURTS,Generic,,,,,#DIV/0!,#DIV/0!,0,0,0,0,,,,,,,,,,,,,,,,,,,,,,,,,Greek,,,,,,,,,,,,,,,,,
FR,yaourt à la grecque,PRODUCTS,YOGURTS,Greek,,,,,#DIV/0!,#DIV/0!,0,0,0,0,,,,,,,,,,,,,,,,,,,,,,,,,Greek,,,,,,,,,,,,,,,,,
New,olympic yogurt greek,PRODUCTS,PLANT BASED YOGURTS,Generic,,,,,#DIV/0!,#DIV/0!,0,0,0,0,,,,,,,,,,,,,,,,,,,,,,,,,Greek,,,,,,,,,,,,,,,,,
New,yaourt grecque,PRODUCTS,PLANT BASED YOGURTS,Generic,,,,,#DIV/0!,#DIV/0!,0,0,0,0,,,,,,,,,,,,,,,,,,,,,,,,,Yogurt,,,,,,,,,,,,,,,,,
New,greek yogourt,PRODUCTS,YOGURTS,Greek,,,,,#DIV/0!,#DIV/0!,0,0,0,0,,,,,,,,,,,,,,,,,,,,,,,,,Greek,,,,,,,,,,,,,,,,,
New,greek yoghurt,PRODUCTS,YOGURTS,Greek,,,,,#DIV/0!,#DIV/0!,0,0,0,0,,,,,,,,,,,,,,,,,,,,,,,,,Greek,,,,,,,,,,,,,,,,,
FR,yaourt grec,PRODUCTS,YOGURTS,Greek,,,,,#DIV/0!,#DIV/0!,0,0,0,0,,,,,,,,,,,,,,,,,,,,,,,,,Greek,,,,,,,,,,,,,,,,,
New,after workout snacks,PRODUCTS,PLANT BASED YOGURTS,Generic,,,,,#DIV/0!,#DIV/0!,0,0,0,0,,,,,,,,,,,,,,,,,,,,,,,,,,,,,,,,,,,,,,,,,,
FR,oikos pro canada,PRODUCTS,BRANDS,Danone - generic,,,,,#DIV/0!,#DIV/0!,0,0,0,0,,,,,,,,,,,,,,,,,,,,,,,,,,,,,Oikos,,,,,,,,,,,,,
New,nutrition facts greek yogurt,PRODUCTS,PLANT BASED YOGURTS,Generic,,,,,#DIV/0!,#DIV/0!,0,0,0,0,,,,,,,,,,,,,,,,,,,,,,,,,Greek,,,,,,,,,,,,,,,,,
EN,greek yogurt nutrition facts,EATING BETTER,HEALTHIER EATING,Labels & scoring,,,,,#DIV/0!,#DIV/0!,0,0,0,0,,,,,,,,,,,,,,,,,,,,,,,,,Greek,,,,,,,,,,,,,,,,,
New,greek yogurt food label,PRODUCTS,PLANT BASED YOGURTS,Generic,,,,,#DIV/0!,#DIV/0!,0,0,0,0,,,,,,,,,,,,,,,,,,,,,,,,,Greek,,,,,,,,,,,,,,,,,
New,greek yogurt nutritional information,PRODUCTS,PLANT BASED YOGURTS,Generic,,,,,#DIV/0!,#DIV/0!,0,0,0,0,,,,,,,,,,,,,,,,,,,,,,,,,Greek,,,,,,,,,,,,,,,,,
New,nutritional facts for greek yogurt,PRODUCTS,PLANT BASED YOGURTS,Generic,,,,,#DIV/0!,#DIV/0!,0,0,0,0,,,,,,,,,,,,,,,,,,,,,,,,,Greek,,,,,,,,,,,,,,,,,
New,oiko yogurt calories,EATING BETTER,HEALTHIER EATING,Labels & scoring,,,,,#DIV/0!,#DIV/0!,0,0,0,0,,,,,,,,,,,,,,,,,,,,,,,,,Yogurt,,,Calorie,Oikos,,,,,,,,,,,,,
New,oikos yogurt nutritional info,EATING BETTER,HEALTHIER EATING,Labels & scoring,,,,,#DIV/0!,#DIV/0!,0,0,0,0,,,,,,,,,,,,,,,,,,,,,,,,,Yogurt,,,,Oikos,,,,,,,,,,,,,
New,greek yogurt nutrition label,EATING BETTER,HEALTHIER EATING,Labels & scoring,,,,,#DIV/0!,#DIV/0!,0,0,0,0,,,,,,,,,,,,,,,,,,,,,,,,,Greek,,,,,,,,,,,,,,,,,
FR,gateau au fromage sans cuisson,RECIPES,RECIPES,Cakes,,,,,#DIV/0!,#DIV/0!,0,0,0,0,,,,,,,,,,,,,,,,,,,,,,,,,,,,Without,,,,,,,,,,,,,,
EN,full fat greek yogurt,PRODUCTS,YOGURTS,Greek,,,,,#DIV/0!,#DIV/0!,0,0,0,0,,,,,,,,,,,,,,,,,,,,,,,,,Greek,,,Fat,,,,,,,,,,,,,,
New,oikos yogurt nutrition information,EATING BETTER,HEALTHIER EATING,Labels & scoring,,,,,#DIV/0!,#DIV/0!,0,0,0,0,,,,,,,,,,,,,,,,,,,,,,,,,Yogurt,,,,Oikos,,,,,,,,,,,,,
New,greek yogurt nutritional info,PRODUCTS,PLANT BASED YOGURTS,Generic,,,,,#DIV/0!,#DIV/0!,0,0,0,0,,,,,,,,,,,,,,,,,,,,,,,,,Greek,,,,,,,,,,,,,,,,,
FR,boulette poulet haché,RECIPES,RECIPES,Chicken recipe,,,,,#DIV/0!,#DIV/0!,0,0,0,0,,,,,,,,,,,,,,,,,,,,,,,,,,,,,,,,,,,,,,,,,,
New,oiko yogurt nutrition facts,EATING BETTER,HEALTHIER EATING,Labels & scoring,,,,,#DIV/0!,#DIV/0!,0,0,0,0,,,,,,,,,,,,,,,,,,,,,,,,,Yogurt,,,,Oikos,,,,,,,,,,,,,
New,nutrition facts on greek yogurt,PRODUCTS,PLANT BASED YOGURTS,Generic,,,,,#DIV/0!,#DIV/0!,0,0,0,0,,,,,,,,,,,,,,,,,,,,,,,,,Greek,,,,,,,,,,,,,,,,,
New,greek yogurt nutritional facts,EATING BETTER,HEALTHIER EATING,Labels & scoring,,,,,#DIV/0!,#DIV/0!,0,0,0,0,,,,,,,,,,,,,,,,,,,,,,,,,Greek,,,,,,,,,,,,,,,,,
EN,oikos yogurt calories,EATING BETTER,HEALTHIER EATING,Labels & scoring,,,,,#DIV/0!,#DIV/0!,0,0,0,0,,,,,,,,,,,,,,,,,,,,,,,,,Yogurt,,,Calorie,Oikos,,,,,,,,,,,,,
New,oikos yogurt nutritional information,PRODUCTS,PLANT BASED YOGURTS,Generic,,,,,#DIV/0!,#DIV/0!,0,0,0,0,,,,,,,,,,,,,,,,,,,,,,,,,Yogurt,,,,Oikos,,,,,,,,,,,,,
New,oikos yogurt nutrition label,EATING BETTER,HEALTHIER EATING,Labels & scoring,,,,,#DIV/0!,#DIV/0!,0,0,0,0,,,,,,,,,,,,,,,,,,,,,,,,,Yogurt,,,,Oikos,,,,,,,,,,,,,
New,oikos yogurt nutrition facts,EATING BETTER,HEALTHIER EATING,Labels & scoring,,,,,#DIV/0!,#DIV/0!,0,0,0,0,,,,,,,,,,,,,,,,,,,,,,,,,Yogurt,,,,Oikos,,,,,,,,,,,,,
EN,yogurt benefits,PRODUCTS,YOGURTS,Yogurts,,,,,#DIV/0!,#DIV/0!,0,0,0,0,,,,,,,,,,,,,,,,,,,,,,,,,Yogurt,,,,,,,,,,,,,,,,,
New,oikos yogurt nutrition,EATING BETTER,HEALTHIER EATING,Labels & scoring,,,,,#DIV/0!,#DIV/0!,0,0,0,0,,,,,,,,,,,,,,,,,,,,,,,,,Yogurt,,,,Oikos,,,,,,,,,,,,,
New,greek yogurt nutrition fact,PRODUCTS,PLANT BASED YOGURTS,Generic,,,,,#DIV/0!,#DIV/0!,0,0,0,0,,,,,,,,,,,,,,,,,,,,,,,,,Greek,,,,,,,,,,,,,,,,,
EN,greek yogurt full fat,PRODUCTS,YOGURTS,Greek,,,,,#DIV/0!,#DIV/0!,0,0,0,0,,,,,,,,,,,,,,,,,,,,,,,,,Greek,,,Fat,,,,,,,,,,,,,,
New,oiko yogurt nutrition,EATING BETTER,HEALTHIER EATING,Labels & scoring,,,,,#DIV/0!,#DIV/0!,0,0,0,0,,,,,,,,,,,,,,,,,,,,,,,,,Yogurt,,,,Oikos,,,,,,,,,,,,,
New,protein snacks ideas,CONSUMER HABITS,MEALS,Snack,,,,,#DIV/0!,#DIV/0!,0,0,0,0,,,,,,,,,,,,,,,,,,,,,,,,,,,,,,,,,,,Snack,,,,,,,
New,source de protéines,HEALTH,COMPOSITION,Proteins,,,,,#DIV/0!,#DIV/0!,0,0,0,0,,,,,,,,,,,,,,,,,,,,,,,,,,,,,,,,,,,,,,,,,,
New,source de proteines,PRODUCTS,PLANT BASED YOGURTS,Generic,,,,,#DIV/0!,#DIV/0!,0,0,0,0,,,,,,,,,,,,,,,,,,,,,,,,,,,,,,,,,,,,,,,,,,
New,protein snack ideas,PRODUCTS,PLANT BASED YOGURTS,Generic,,,,,#DIV/0!,#DIV/0!,0,0,0,0,,,,,,,,,,,,,,,,,,,,,,,,,,,,,,,,,,,,,,,,,,
New,fage yoghurt,PRODUCTS,PLANT BASED YOGURTS,Generic,,,,,#DIV/0!,#DIV/0!,0,0,0,0,,,,,,,,,,,,,,,,,,,,,,,,,Yogurt,,,,,,,,,,,,,,,,,
New,high protein breakfast meal prep,PRODUCTS,PLANT BASED YOGURTS,Generic,,,,,#DIV/0!,#DIV/0!,0,0,0,0,,,,,,,,,,,,,,,,,,,,,,,,,,,,,,,,Rich in protein,,,,,,,,,,
New,skotidakis greek yogurt,PRODUCTS,YOGURTS,Greek,,,,,#DIV/0!,#DIV/0!,0,0,0,0,,,,,,,,,,,,,,,,,,,,,,,,,Greek,,,,,,,,,,,,,,,,,
New,sources de protéines,HEALTH,COMPOSITION,Proteins,,,,,#DIV/0!,#DIV/0!,0,0,0,0,,,,,,,,,,,,,,,,,,,,,,,,,,,,,,,,,,,,,,,,,,
New,sources de proteines,PRODUCTS,PLANT BASED YOGURTS,Generic,,,,,#DIV/0!,#DIV/0!,0,0,0,0,,,,,,,,,,,,,,,,,,,,,,,,,,,,,,,,,,,,,,,,,,
New,fage yogurt,PRODUCTS,PLANT BASED YOGURTS,Generic,,,,,#DIV/0!,#DIV/0!,0,0,0,0,,,,,,,,,,,,,,,,,,,,,,,,,Yogurt,,,,,,,,,,,,,,,,,
EN,oikos greek yogurt protein,PRODUCTS,YOGURTS,Greek,,,,,#DIV/0!,#DIV/0!,0,0,0,0,,,,,,,,,,,,,,,,,,,,,,,,,Greek,,,Protein,Oikos,,,,,,,,,,,,,
New,oikos greek plain yogurt,PRODUCTS,YOGURTS,Greek,,,,,#DIV/0!,#DIV/0!,0,0,0,0,,,,,,,,,,,,,,,,,,,,,,,,,Greek,Plain,,,Oikos,,,,,,,,,,,,,
FR,gateau fromage sans cuisson,RECIPES,RECIPES,Cakes,,,,,#DIV/0!,#DIV/0!,0,0,0,0,,,,,,,,,,,,,,,,,,,,,,,,,,,,Without,,,,,,,,,,,,,,
New,best pre workout snack,PRODUCTS,PLANT BASED YOGURTS,Generic,,,,,#DIV/0!,#DIV/0!,0,0,0,0,,,,,,,,,,,,,,,,,,,,,,,,,,,,,,,,,Best,,,,,,,,,
New,how much protein in greek yogurt,PRODUCTS,YOGURTS,Greek,,,,,#DIV/0!,#DIV/0!,0,0,0,0,,,,,,,,,,,,,,,,,,,,,,,,,Greek,,,,,,,,,,,,,,,,,
New,yogurt proteins,PRODUCTS,PLANT BASED YOGURTS,Generic,,,,,#DIV/0!,#DIV/0!,0,0,0,0,,,,,,,,,,,,,,,,,,,,,,,,,Yogurt,,,,,,,,,,,,,,,,,
FR,yogourt grec sans lactose,PRODUCTS,YOGURTS,Greek,,,,,#DIV/0!,#DIV/0!,0,0,0,0,,,,,,,,,,,,,,,,,,,,,,,,,Greek,,,Lactose,,,,,,,,,,,,,,
New,greek yogurt how much protein,PRODUCTS,PLANT BASED YOGURTS,Generic,,,,,#DIV/0!,#DIV/0!,0,0,0,0,,,,,,,,,,,,,,,,,,,,,,,,,Greek,,,,,,,,,,,,,,,,,
New,plain greek yogurt oikos,PRODUCTS,YOGURTS,Greek,,,,,#DIV/0!,#DIV/0!,0,0,0,0,,,,,,,,,,,,,,,,,,,,,,,,,Greek,Plain,,,Oikos,,,,,,,,,,,,,
New,oikos greek yogurt plain,PRODUCTS,YOGURTS,Greek,,,,,#DIV/0!,#DIV/0!,0,0,0,0,,,,,,,,,,,,,,,,,,,,,,,,,Greek,Plain,,,Oikos,,,,,,,,,,,,,
New,plain oikos greek yogurt,PRODUCTS,YOGURTS,Greek,,,,,#DIV/0!,#DIV/0!,0,0,0,0,,,,,,,,,,,,,,,,,,,,,,,,,Greek,Plain,,,Oikos,,,,,,,,,,,,,
New,how much protein greek yogurt,PRODUCTS,YOGURTS,Greek,,,,,#DIV/0!,#DIV/0!,0,0,0,0,,,,,,,,,,,,,,,,,,,,,,,,,Greek,,,,,,,,,,,,,,,,,
EN,yogurt protein,PRODUCTS,YOGURTS,Yogurts,,,,,#DIV/0!,#DIV/0!,0,0,0,0,,,,,,,,,,,,,,,,,,,,,,,,,Yogurt,,,Protein,,,,,,,,,,,,,,
EN,greek yogurt canada,PRODUCTS,YOGURTS,Greek,,,,,#DIV/0!,#DIV/0!,0,0,0,0,,,,,,,,,,,,,,,,,,,,,,,,,Greek,,,,,,,,,,,,,,,,,
New,greek yogurt oikos nutrition facts,PRODUCTS,PLANT BASED YOGURTS,Generic,,,,,#DIV/0!,#DIV/0!,0,0,0,0,,,,,,,,,,,,,,,,,,,,,,,,,Greek,,,,Oikos,,,,,,,,,,,,,
New,what is greek yogurt,PRODUCTS,YOGURTS,Greek,,,,,#DIV/0!,#DIV/0!,0,0,0,0,,,,,,,,,,,,,,,,,,,,,,,,,Greek,,,,,,,,,,,,,,,,,
EN,oikos plain greek yogurt,PRODUCTS,YOGURTS,Greek,,,,,#DIV/0!,#DIV/0!,0,0,0,0,,,,,,,,,,,,,,,,,,,,,,,,,Greek,Plain,,,Oikos,,,,,,,,,,,,,
New,protein in 1 cup greek yogurt,PRODUCTS,PLANT BASED YOGURTS,Generic,,,,,#DIV/0!,#DIV/0!,0,0,0,0,,,,,,,,,,,,,,,,,,,,,,,,,Greek,,Cup,,,,,,,,,,,,,,,
New,oikos greek yogurt nutritional facts,EATING BETTER,HEALTHIER EATING,Labels & scoring,,,,,#DIV/0!,#DIV/0!,0,0,0,0,,,,,,,,,,,,,,,,,,,,,,,,,Greek,,,,Oikos,,,,,,,,,,,,,
New,1 cup greek yogurt protein,PRODUCTS,YOGURTS,Greek,,,,,#DIV/0!,#DIV/0!,0,0,0,0,,,,,,,,,,,,,,,,,,,,,,,,,Greek,,Cup,,,,,,,,,,,,,,,
New,protein in greek yogurt 1 cup,PRODUCTS,YOGURTS,Greek,,,,,#DIV/0!,#DIV/0!,0,0,0,0,,,,,,,,,,,,,,,,,,,,,,,,,Greek,,Cup,,,,,,,,,,,,,,,
EN,full fat yogurt,PRODUCTS,YOGURTS,Yogurts,,,,,#DIV/0!,#DIV/0!,0,0,0,0,,,,,,,,,,,,,,,,,,,,,,,,,Yogurt,,,Fat,,,,,,,,,,,,,,
New,overnight oats and greek yogurt,PRODUCTS,PLANT BASED YOGURTS,Generic,,,,,#DIV/0!,#DIV/0!,0,0,0,0,,,,,,,,,,,,,,,,,,,,,,,,,Greek,Oat,,,,,,,,,,,,,,,,
EN,benefits of yogurt,PRODUCTS,YOGURTS,Yogurts,,,,,#DIV/0!,#DIV/0!,0,0,0,0,,,,,,,,,,,,,,,,,,,,,,,,,Yogurt,,,,,,,Healthy,,,,,,,,,,
New,nutrition facts for oikos greek yogurt,EATING BETTER,HEALTHIER EATING,Labels & scoring,,,,,#DIV/0!,#DIV/0!,0,0,0,0,,,,,,,,,,,,,,,,,,,,,,,,,Greek,,,,Oikos,,,,,,,,,,,,,
New,protein 1 cup greek yogurt,PRODUCTS,PLANT BASED YOGURTS,Generic,,,,,#DIV/0!,#DIV/0!,0,0,0,0,,,,,,,,,,,,,,,,,,,,,,,,,Greek,,Cup,,,,,,,,,,,,,,,
New,advantages of yogurt,PRODUCTS,YOGURTS,Yogurts,,,,,#DIV/0!,#DIV/0!,0,0,0,0,,,,,,,,,,,,,,,,,,,,,,,,,Yogurt,,,,,,,,Advantages,,,,,,,,,
New,1 cup of greek yogurt protein,PRODUCTS,YOGURTS,Greek,,,,,#DIV/0!,#DIV/0!,0,0,0,0,,,,,,,,,,,,,,,,,,,,,,,,,Greek,,Cup,,,,,,,,,,,,,,,
New,greek yogurt oikos nutrition label,EATING BETTER,HEALTHIER EATING,Labels & scoring,,,,,#DIV/0!,#DIV/0!,0,0,0,0,,,,,,,,,,,,,,,,,,,,,,,,,Greek,,,,Oikos,,,,,,,,,,,,,
New,best greek yogurt in canada,PRODUCTS,YOGURTS,Greek,,,,,#DIV/0!,#DIV/0!,0,0,0,0,,,,,,,,,,,,,,,,,,,,,,,,,Greek,,,,,,,,Best,,,,,,,,,
New,what is in greek yogurt,PRODUCTS,PLANT BASED YOGURTS,Generic,,,,,#DIV/0!,#DIV/0!,0,0,0,0,,,,,,,,,,,,,,,,,,,,,,,,,Greek,,,,,,,,,,,,,,,,,
New,best greek yogurt canada,PRODUCTS,YOGURTS,Greek,,,,,#DIV/0!,#DIV/0!,0,0,0,0,,,,,,,,,,,,,,,,,,,,,,,,,Greek,,,,,,,,Best,,,,,,,,,
New,nutrition facts oikos greek yogurt,EATING BETTER,HEALTHIER EATING,Labels & scoring,,,,,#DIV/0!,#DIV/0!,0,0,0,0,,,,,,,,,,,,,,,,,,,,,,,,,Greek,,,,Oikos,,,,,,,,,,,,,
New,oiko greek yogurt nutrition facts,EATING BETTER,HEALTHIER EATING,Labels & scoring,,,,,#DIV/0!,#DIV/0!,0,0,0,0,,,,,,,,,,,,,,,,,,,,,,,,,Greek,,,,Oikos,,,,,,,,,,,,,
New,benefit of yogurt,PRODUCTS,PLANT BASED YOGURTS,Generic,,,,,#DIV/0!,#DIV/0!,0,0,0,0,,,,,,,,,,,,,,,,,,,,,,,,,Yogurt,,,,,,,,,,,,,,,,,
New,best protein snacks,CONSUMER HABITS,MEALS,Snack,,,,,#DIV/0!,#DIV/0!,0,0,0,0,,,,,,,,,,,,,,,,,,,,,,,,,,,,,,,,,Best,,Snack,,,,,,,
New,protein rich snacks,CONSUMER HABITS,MEALS,Snack,,,,,#DIV/0!,#DIV/0!,0,0,0,0,,,,,,,,,,,,,,,,,,,,,,,,,,,,,,,,Rich in protein,,,Snack,,,,,,,
New,healthy snacks high in protein,PRODUCTS,PLANT BASED YOGURTS,Generic,,,,,#DIV/0!,#DIV/0!,0,0,0,0,,,,,,,,,,,,,,,,,,,,,,,,,,,,,,,,Rich in protein,,,,,,,,,,
New,good protein snacks,CONSUMER HABITS,MEALS,Snack,,,,,#DIV/0!,#DIV/0!,0,0,0,0,,,,,,,,,,,,,,,,,,,,,,,,,,,,,,,,,Good or bad,,Snack,,,,,,,
New,high protein healthy snacks,CONSUMER HABITS,MEALS,Snack,,,,,#DIV/0!,#DIV/0!,0,0,0,0,,,,,,,,,,,,,,,,,,,,,,,,,,,,,,,,Rich in protein,,,Snack,,,,,,,
New,healthy high protein snacks,PRODUCTS,PLANT BASED YOGURTS,Generic,,,,,#DIV/0!,#DIV/0!,0,0,0,0,,,,,,,,,,,,,,,,,,,,,,,,,,,,,,,,Rich in protein,,,,,,,,,,
New,greek yogurt protein oikos,PRODUCTS,YOGURTS,Greek,,,,,#DIV/0!,#DIV/0!,0,0,0,0,,,,,,,,,,,,,,,,,,,,,,,,,Greek,,,,Oikos,,,,,,,,,,,,,
New,best protein snack,PRODUCTS,PLANT BASED YOGURTS,Generic,,,,,#DIV/0!,#DIV/0!,0,0,0,0,,,,,,,,,,,,,,,,,,,,,,,,,,,,,,,,,Best,,,,,,,,,
New,protein oikos greek yogurt,PRODUCTS,YOGURTS,Greek,,,,,#DIV/0!,#DIV/0!,0,0,0,0,,,,,,,,,,,,,,,,,,,,,,,,,Greek,,,,Oikos,,,,,,,,,,,,,
New,protein in oikos greek yogurt,PRODUCTS,YOGURTS,Greek,,,,,#DIV/0!,#DIV/0!,0,0,0,0,,,,,,,,,,,,,,,,,,,,,,,,,Greek,,,,Oikos,,,,,,,,,,,,,
New,breakfast ideas with high protein,PRODUCTS,PLANT BASED YOGURTS,Generic,,,,,#DIV/0!,#DIV/0!,0,0,0,0,,,,,,,,,,,,,,,,,,,,,,,,,,,,,,,,Rich in protein,,,,,,,,,,
New,high protein breakfasts,CONSUMER HABITS,MEALS,Breakfast,,,,,#DIV/0!,#DIV/0!,0,0,0,0,,,,,,,,,,,,,,,,,,,,,,,,,,,,,,,,Rich in protein,,,Breakfast,,,,,,,
New,oikos protein greek yogurt,PRODUCTS,YOGURTS,Greek,,,,,#DIV/0!,#DIV/0!,0,0,0,0,,,,,,,,,,,,,,,,,,,,,,,,,Greek,,,,Oikos,,,,,,,,,,,,,
EN,frozen greek yogurt,PRODUCTS,YOGURTS,Greek,,,,,#DIV/0!,#DIV/0!,0,0,0,0,,,,,,,,,,,,,,,,,,,,,,,,,Greek,,,,,,,Ketogenic,,,,,,,,,,
FR,sauce au fromage bleu,RECIPES,RECIPES,Sauce recipe,,,,,#DIV/0!,#DIV/0!,0,0,0,0,,,,,,,,,,,,,,,,,,,,,,,,,,,,,,,,,,,,,,,,,,
FR,sauce fromage bleu,RECIPES,RECIPES,Sauce recipe,,,,,#DIV/0!,#DIV/0!,0,0,0,0,,,,,,,,,,,,,,,,,,,,,,,,,,,,,,,,,,,,,,,,,,
EN,oikos greek yogurt nutrition facts,EATING BETTER,HEALTHIER EATING,Labels & scoring,,,,,#DIV/0!,#DIV/0!,0,0,0,0,,,,,,,,,,,,,,,,,,,,,,,,,Greek,,,,Oikos,,,,,,,,,,,,,
EN,is greek yogurt lactose free,PRODUCTS,YOGURTS,Greek,,,,,#DIV/0!,#DIV/0!,0,0,0,0,,,,,,,,,,,,,,,,,,,,,,,,,Greek,,,Lactose,,,,,,,,,,,,,,
FR,recette gâteau au fromage sans cuisson,RECIPES,RECIPES,Cakes,,,,,#DIV/0!,#DIV/0!,0,0,0,0,,,,,,,,,,,,,,,,,,,,,,,,,,,,Without,,,,,,,,,,,,,,
New,canadian made yogurt brands,EATING BETTER,ORIGIN,Made in Canada,,,,,#DIV/0!,#DIV/0!,0,0,0,0,,,,,,,,,,,,,,,,,,,,,,,,,Yogurt,,,,,,,,,,,,,,,,,
New,canada yogurt brands,PRODUCTS,YOGURTS,Yogurts,,,,,#DIV/0!,#DIV/0!,0,0,0,0,,,,,,,,,,,,,,,,,,,,,,,,,Yogurt,,,,,,,,,,,,,,,,,
New,yogurt brands canada,PRODUCTS,YOGURTS,Yogurts,,,,,#DIV/0!,#DIV/0!,0,0,0,0,,,,,,,,,,,,,,,,,,,,,,,,,Yogurt,,,,,,,,,,,,,,,,,
New,canadian made yogurt,EATING BETTER,ORIGIN,Made in Canada,,,,,#DIV/0!,#DIV/0!,0,0,0,0,,,,,,,,,,,,,,,,,,,,,,,,,Yogurt,,,,,,,,,,,,,,,,,
New,canadian made yogurts,EATING BETTER,ORIGIN,Made in Canada,,,,,#DIV/0!,#DIV/0!,0,0,0,0,,,,,,,,,,,,,,,,,,,,,,,,,Yogurt,,,,,,,,,,,,,,,,,
New,plain greek yogurt nutritional value,PRODUCTS,PLANT BASED YOGURTS,Generic,,,,,#DIV/0!,#DIV/0!,0,0,0,0,,,,,,,,,,,,,,,,,,,,,,,,,Greek,Plain,,,,,,,,,,,,,,,,
New,greek yogurt plain calories,EATING BETTER,HEALTHIER EATING,Labels & scoring,,,,,#DIV/0!,#DIV/0!,0,0,0,0,,,,,,,,,,,,,,,,,,,,,,,,,Greek,Plain,,Calorie,,,,,,,,,,,,,,
New,nondairy yogurt,PRODUCTS,YOGURTS,Yogurts,,,,,#DIV/0!,#DIV/0!,0,0,0,0,,,,,,,,,,,,,,,,,,,,,,,,,Yogurt,,,Dairy,,,,,,,,,,,,,,
New,why greek yogurt is bad for you,PRODUCTS,PLANT BASED YOGURTS,Generic,,,,,#DIV/0!,#DIV/0!,0,0,0,0,,,,,,,,,,,,,,,,,,,,,,,,,Greek,,,,,,,,Good or bad,,,,,,,,,
EN,plain greek yogurt nutrition,EATING BETTER,HEALTHIER EATING,Labels & scoring,,,,,#DIV/0!,#DIV/0!,0,0,0,0,,,,,,,,,,,,,,,,,,,,,,,,,Greek,Plain,,,,,,,,,,,,,,,,
New,greek lowfat yogurt,PRODUCTS,PLANT BASED YOGURTS,Generic,,,,,#DIV/0!,#DIV/0!,0,0,0,0,,,,,,,,,,,,,,,,,,,,,,,,,Greek,,,Fat,,,,,,,,,,,,,,
New,foods with protein for breakfast,PRODUCTS,PLANT BASED YOGURTS,Generic,,,,,#DIV/0!,#DIV/0!,0,0,0,0,,,,,,,,,,,,,,,,,,,,,,,,,,,,,,,,,,,,,,,,,,
New,protein foods for breakfast,CONSUMER HABITS,MEALS,Breakfast,,,,,#DIV/0!,#DIV/0!,0,0,0,0,,,,,,,,,,,,,,,,,,,,,,,,,,,,,,,,,,,Breakfast,,,,,,,
New,plain greek yogurt nutrition info,PRODUCTS,PLANT BASED YOGURTS,Generic,,,,,#DIV/0!,#DIV/0!,0,0,0,0,,,,,,,,,,,,,,,,,,,,,,,,,Greek,Plain,,,,,,,,,,,,,,,,
New,non dairy yogurt,PRODUCTS,YOGURTS,Yogurts,,,,,#DIV/0!,#DIV/0!,0,0,0,0,,,,,,,,,,,,,,,,,,,,,,,,,Yogurt,,,Dairy,,,,,,,,,,,,,,
New,greek plain yogurt nutrition,EATING BETTER,HEALTHIER EATING,Labels & scoring,,,,,#DIV/0!,#DIV/0!,0,0,0,0,,,,,,,,,,,,,,,,,,,,,,,,,Greek,Plain,,,,,,,,,,,,,,,,
New,fage yogurt canada,PRODUCTS,PLANT BASED YOGURTS,Generic,,,,,#DIV/0!,#DIV/0!,0,0,0,0,,,,,,,,,,,,,,,,,,,,,,,,,Yogurt,,,,,,,,,,,,,,,,,
New,protein meal for breakfast,PRODUCTS,PLANT BASED YOGURTS,Generic,,,,,#DIV/0!,#DIV/0!,0,0,0,0,,,,,,,,,,,,,,,,,,,,,,,,,,,,,,,,,,,,,,,,,,
New,greek low fat yogurt,PRODUCTS,PLANT BASED YOGURTS,Generic,,,,,#DIV/0!,#DIV/0!,0,0,0,0,,,,,,,,,,,,,,,,,,,,,,,,,Greek,,,Fat,,,,,,,,,,,,,,
New,breakfast protein options,CONSUMER HABITS,MEALS,Breakfast,,,,,#DIV/0!,#DIV/0!,0,0,0,0,,,,,,,,,,,,,,,,,,,,,,,,,,,,,,,,,,,Breakfast,,,,,,,
New,yogurt without dairy,PRODUCTS,YOGURTS,Yogurts,,,,,#DIV/0!,#DIV/0!,0,0,0,0,,,,,,,,,,,,,,,,,,,,,,,,,Yogurt,,,Dairy,,,,,,,,,,,,,,
New,plain greek yogurt nutritional info,PRODUCTS,PLANT BASED YOGURTS,Generic,,,,,#DIV/0!,#DIV/0!,0,0,0,0,,,,,,,,,,,,,,,,,,,,,,,,,Greek,Plain,,,,,,,,,,,,,,,,
New,greek yogurt nutrition 1 cup,EATING BETTER,HEALTHIER EATING,Labels & scoring,,,,,#DIV/0!,#DIV/0!,0,0,0,0,,,,,,,,,,,,,,,,,,,,,,,,,Greek,,Cup,,,,,,,,,,,,,,,
New,plain greek yogurt nutrition label,PRODUCTS,PLANT BASED YOGURTS,Generic,,,,,#DIV/0!,#DIV/0!,0,0,0,0,,,,,,,,,,,,,,,,,,,,,,,,,Greek,Plain,,,,,,,,,,,,,,,,
New,greek yogurt 1 cup nutrition,PRODUCTS,PLANT BASED YOGURTS,Generic,,,,,#DIV/0!,#DIV/0!,0,0,0,0,,,,,,,,,,,,,,,,,,,,,,,,,Greek,,Cup,,,,,,,,,,,,,,,
New,protein sources for breakfast,PRODUCTS,PLANT BASED YOGURTS,Generic,,,,,#DIV/0!,#DIV/0!,0,0,0,0,,,,,,,,,,,,,,,,,,,,,,,,,,,,,,,,,,,,,,,,,,
New,yogurt no dairy,PRODUCTS,PLANT BASED YOGURTS,Generic,,,,,#DIV/0!,#DIV/0!,0,0,0,0,,,,,,,,,,,,,,,,,,,,,,,,,Yogurt,,,Dairy,,,,,,,,,,,,,,
New,no dairy yogurt,PRODUCTS,YOGURTS,Yogurts,,,,,#DIV/0!,#DIV/0!,0,0,0,0,,,,,,,,,,,,,,,,,,,,,,,,,Yogurt,,,Dairy,,,,,,,,,,,,,,
EN,low fat greek yogurt,PRODUCTS,YOGURTS,Greek,,,,,#DIV/0!,#DIV/0!,0,0,0,0,,,,,,,,,,,,,,,,,,,,,,,,,Greek,,,Fat,,,,,,,,,,,,,,
FR,yogourt protéine,PRODUCTS,YOGURTS,Yogurts,,,,,#DIV/0!,#DIV/0!,0,0,0,0,,,,,,,,,,,,,,,,,,,,,,,,,Yogurt,,,Protein,,,,,,,,,,,,,,
New,nutrition in plain greek yogurt,EATING BETTER,HEALTHIER EATING,Labels & scoring,,,,,#DIV/0!,#DIV/0!,0,0,0,0,,,,,,,,,,,,,,,,,,,,,,,,,Greek,Plain,,,,,,,,,,,,,,,,
New,non milk yogurt,PRODUCTS,PLANT BASED YOGURTS,Generic,,,,,#DIV/0!,#DIV/0!,0,0,0,0,,,,,,,,,,,,,,,,,,,,,,,,,Yogurt,,,Milk,,,,,,,,,,,,,,
New,greek yogurt plain nutrition,EATING BETTER,HEALTHIER EATING,Labels & scoring,,,,,#DIV/0!,#DIV/0!,0,0,0,0,,,,,,,,,,,,,,,,,,,,,,,,,Greek,Plain,,,,,,,,,,,,,,,,
New,nutrition plain greek yogurt,PRODUCTS,PLANT BASED YOGURTS,Generic,,,,,#DIV/0!,#DIV/0!,0,0,0,0,,,,,,,,,,,,,,,,,,,,,,,,,Greek,Plain,,,,,,,,,,,,,,,,
New,plain greek yogurt nutrition facts,EATING BETTER,HEALTHIER EATING,Labels & scoring,,,,,#DIV/0!,#DIV/0!,0,0,0,0,,,,,,,,,,,,,,,,,,,,,,,,,Greek,Plain,,,,,,,,,,,,,,,,
New,greek yogurt low fat,PRODUCTS,YOGURTS,Greek,,,,,#DIV/0!,#DIV/0!,0,0,0,0,,,,,,,,,,,,,,,,,,,,,,,,,Greek,,,Fat,,,,,,,,,,,,,,
New,greek yogurt in canada,PRODUCTS,YOGURTS,Greek,,,,,#DIV/0!,#DIV/0!,0,0,0,0,,,,,,,,,,,,,,,,,,,,,,,,,Greek,,,,,,,,,,,,,,,,,
New,canada greek yogurt,PRODUCTS,YOGURTS,Greek,,,,,#DIV/0!,#DIV/0!,0,0,0,0,,,,,,,,,,,,,,,,,,,,,,,,,Greek,,,,,,,,,,,,,,,,,
New,canadian greek yogurt,EATING BETTER,ORIGIN,Made in Canada,,,,,#DIV/0!,#DIV/0!,0,0,0,0,,,,,,,,,,,,,,,,,,,,,,,,,Greek,,,,,,,,,,,,,,,,,
FR,oikos canada,PRODUCTS,BRANDS,Danone - generic,,,,,#DIV/0!,#DIV/0!,0,0,0,0,,,,,,,,,,,,,,,,,,,,,,,,,,,,,Oikos,,,,,,,,,,,,,
New,chobani flip canada,PRODUCTS,PLANT BASED YOGURTS,Generic,,,,,#DIV/0!,#DIV/0!,0,0,0,0,,,,,,,,,,,,,,,,,,,,,,,,,,,,,Chobani,,,,,,,,,,,,,
New,yogourt liberté grec,PRODUCTS,YOGURTS,Greek,,,,,#DIV/0!,#DIV/0!,0,0,0,0,,,,,,,,,,,,,,,,,,,,,,,,,Yogurt,,,,Liberte,,,,,,,,,,,,,
New,good high protein snacks,PRODUCTS,PLANT BASED YOGURTS,Generic,,,,,#DIV/0!,#DIV/0!,0,0,0,0,,,,,,,,,,,,,,,,,,,,,,,,,,,,,,,,Rich in protein,Good or bad,,,,,,,,,
New,best snacks high in protein,PRODUCTS,PLANT BASED YOGURTS,Generic,,,,,#DIV/0!,#DIV/0!,0,0,0,0,,,,,,,,,,,,,,,,,,,,,,,,,,,,,,,,Rich in protein,Best,,,,,,,,,
New,best high protein snacks,CONSUMER HABITS,MEALS,Snack,,,,,#DIV/0!,#DIV/0!,0,0,0,0,,,,,,,,,,,,,,,,,,,,,,,,,,,,,,,,Rich in protein,Best,,Snack,,,,,,,
New,yogourt grec liberté,PRODUCTS,YOGURTS,Greek,,,,,#DIV/0!,#DIV/0!,0,0,0,0,,,,,,,,,,,,,,,,,,,,,,,,,Yogurt,,,,Liberte,,,,,,,,,,,,,
FR,boulette de poulet haché,RECIPES,RECIPES,Chicken recipe,,,,,#DIV/0!,#DIV/0!,0,0,0,0,,,,,,,,,,,,,,,,,,,,,,,,,,,,,,,,,,,,,,,,,,
New,yogourt proteine,PRODUCTS,YOGURTS,Yogurts,,,,,#DIV/0!,#DIV/0!,0,0,0,0,,,,,,,,,,,,,,,,,,,,,,,,,Yogurt,,,,,,,,,,,,,,,,,
New,liberté yogourt grec,PRODUCTS,YOGURTS,Greek,,,,,#DIV/0!,#DIV/0!,0,0,0,0,,,,,,,,,,,,,,,,,,,,,,,,,Yogurt,,,,Liberte,,,,,,,,,,,,,
FR,recette avec yogourt grec,RECIPES,RECIPES,Recipes with yogurt,,,,,#DIV/0!,#DIV/0!,0,0,0,0,,,,,,,,,,,,,,,,,,,,,,,,,Greek,,,,,,,,,,,,,,,,,
New,yogourt grec liberte,PRODUCTS,PLANT BASED YOGURTS,Generic,,,,,#DIV/0!,#DIV/0!,0,0,0,0,,,,,,,,,,,,,,,,,,,,,,,,,Yogurt,,,,Liberte,,,,,,,,,,,,,
New,yogourt protéiné,PRODUCTS,YOGURTS,Yogurts,,,,,#DIV/0!,#DIV/0!,0,0,0,0,,,,,,,,,,,,,,,,,,,,,,,,,Yogurt,,,,,,,,,,,,,,,,,
New,what yogurt is made in canada,PRODUCTS,YOGURTS,Yogurts,,,,,#DIV/0!,#DIV/0!,0,0,0,0,,,,,,,,,,,,,,,,,,,,,,,,,Yogurt,,,,,,,,,,,,,,,,,
EN,low fat yogurt,PRODUCTS,YOGURTS,Yogurts,,,,,#DIV/0!,#DIV/0!,0,0,0,0,,,,,,,,,,,,,,,,,,,,,,,,,Yogurt,,,Fat,,,,,,,,,,,,,,
New,greek yogurt with probiotic,PRODUCTS,PLANT BASED YOGURTS,Generic,,,,,#DIV/0!,#DIV/0!,0,0,0,0,,,,,,,,,,,,,,,,,,,,,,,,,Greek,,,Probiotic,,,,,,,,,,,,,,
New,greek yogurt probiotic,HEALTH,COMPOSITION,Probiotics,,,,,#DIV/0!,#DIV/0!,0,0,0,0,,,,,,,,,,,,,,,,,,,,,,,,,Greek,,,Probiotic,,,,,,,,,,,,,,
New,greek probiotic yogurt,HEALTH,COMPOSITION,Probiotics,,,,,#DIV/0!,#DIV/0!,0,0,0,0,,,,,,,,,,,,,,,,,,,,,,,,,Greek,,,Probiotic,,,,,,,,,,,,,,
New,probiotic greek yogurt,PRODUCTS,PLANT BASED YOGURTS,Generic,,,,,#DIV/0!,#DIV/0!,0,0,0,0,,,,,,,,,,,,,,,,,,,,,,,,,Greek,,,Probiotic,,,,,,,,,,,,,,
New,best yogurt greek,PRODUCTS,PLANT BASED YOGURTS,Generic,,,,,#DIV/0!,#DIV/0!,0,0,0,0,,,,,,,,,,,,,,,,,,,,,,,,,Greek,,,,,,,,Best,,,,,,,,,
New,best greek yogurt,PRODUCTS,YOGURTS,Greek,,,,,#DIV/0!,#DIV/0!,0,0,0,0,,,,,,,,,,,,,,,,,,,,,,,,,Greek,,,,,,,,Best,,,,,,,,,
FR,recette avec du yogourt grec,RECIPES,RECIPES,Recipes with yogurt,,,,,#DIV/0!,#DIV/0!,0,0,0,0,,,,,,,,,,,,,,,,,,,,,,,,,Greek,,,,,,,,,,,,,,,,,
New,good greek yogurt,PRODUCTS,YOGURTS,Greek,,,,,#DIV/0!,#DIV/0!,0,0,0,0,,,,,,,,,,,,,,,,,,,,,,,,,Greek,,,,,,,,Good or bad,,,,,,,,,
New,greek yogurt best,PRODUCTS,YOGURTS,Greek,,,,,#DIV/0!,#DIV/0!,0,0,0,0,,,,,,,,,,,,,,,,,,,,,,,,,Greek,,,,,,,,Best,,,,,,,,,
New,beat greek yogurt,PRODUCTS,PLANT BASED YOGURTS,Generic,,,,,#DIV/0!,#DIV/0!,0,0,0,0,,,,,,,,,,,,,,,,,,,,,,,,,Greek,,,,,,,,,,,,,,,,,
New,best greek yogurts,PRODUCTS,PLANT BASED YOGURTS,Generic,,,,,#DIV/0!,#DIV/0!,0,0,0,0,,,,,,,,,,,,,,,,,,,,,,,,,Greek,,,,,,,,Best,,,,,,,,,
New,siggi's canada,PRODUCTS,PLANT BASED YOGURTS,Generic,,,,,#DIV/0!,#DIV/0!,0,0,0,0,,,,,,,,,,,,,,,,,,,,,,,,,,,,,Siggi's,,,,,,,,,,,,,
New,oikos yogurt costco,PRODUCTS,PLANT BASED YOGURTS,Generic,,,,,#DIV/0!,#DIV/0!,0,0,0,0,,,,,,,,,,,,,,,,,,,,,,,,,Yogurt,,,,Oikos,,,,,,,,,,,,,
EN,high protein yogurt canada,PRODUCTS,YOGURTS,Yogurts,,,,,#DIV/0!,#DIV/0!,0,0,0,0,,,,,,,,,,,,,,,,,,,,,,,,,Yogurt,,,Protein,,,,Rich in protein,,,,,,,,,,
FR,yogourt grec oikos,PRODUCTS,BRANDS,Yogurts,,,,,#DIV/0!,#DIV/0!,0,0,0,0,,,,,,,,,,,,,,,,,,,,,,,,,Greek,,,,Oikos,,,,,,,,,,,,,
New,is greek yogurt good for you,PRODUCTS,YOGURTS,Greek,,,,,#DIV/0!,#DIV/0!,0,0,0,0,,,,,,,,,,,,,,,,,,,,,,,,,Greek,,,,,,,,Good or bad,,,,,,,,,
EN,highest protein yogurt canada,PRODUCTS,YOGURTS,Yogurts,,,,,#DIV/0!,#DIV/0!,0,0,0,0,,,,,,,,,,,,,,,,,,,,,,,,,Yogurt,,,Protein,,,,Rich in protein,,,,,,,,,,
New,good high protein breakfast,PRODUCTS,PLANT BASED YOGURTS,Generic,,,,,#DIV/0!,#DIV/0!,0,0,0,0,,,,,,,,,,,,,,,,,,,,,,,,,,,,,,,,Rich in protein,Good or bad,,,,,,,,,
FR,recette collation protéinée,CONSUMER HABITS,MEALS,Snack,,,,,#DIV/0!,#DIV/0!,0,0,0,0,,,,,,,,,,,,,,,,,,,,,,,,,,,,,,,,Rich in protein,,,Snack,,,,,,,
New,greek yogurt with protein powder,PRODUCTS,PLANT BASED YOGURTS,Generic,,,,,#DIV/0!,#DIV/0!,0,0,0,0,,,,,,,,,,,,,,,,,,,,,,,,,Greek,,,,,,,,,,,,,,,,,
FR,collation protéinée recette,CONSUMER HABITS,MEALS,Snack,,,,,#DIV/0!,#DIV/0!,0,0,0,0,,,,,,,,,,,,,,,,,,,,,,,,,,,,,,,,Rich in protein,,,Snack,,,,,,,
FR,oikos yogourt grec,PRODUCTS,BRANDS,Yogurts,,,,,#DIV/0!,#DIV/0!,0,0,0,0,,,,,,,,,,,,,,,,,,,,,,,,,Greek,,,,Oikos,,,,,,,,,,,,,
EN,sugar free yogurt,PRODUCTS,YOGURTS,Yogurts,,,,,#DIV/0!,#DIV/0!,0,0,0,0,,,,,,,,,,,,,,,,,,,,,,,,,Yogurt,,,Sugar,,,,,,,,,,,,,,
New,greek yogurt and protein powder,PRODUCTS,YOGURTS,Greek,,,,,#DIV/0!,#DIV/0!,0,0,0,0,,,,,,,,,,,,,,,,,,,,,,,,,Greek,,,,,,,,,,,,,,,,,
New,sugar free yogurts,PRODUCTS,YOGURTS,Yogurts,,,,,#DIV/0!,#DIV/0!,0,0,0,0,,,,,,,,,,,,,,,,,,,,,,,,,Yogurt,,,Sugar,,,,,,,,,,,,,,
New,list of high protein foods,PRODUCTS,PLANT BASED YOGURTS,Generic,,,,,#DIV/0!,#DIV/0!,0,0,0,0,,,,,,,,,,,,,,,,,,,,,,,,,,,,,,,,Rich in protein,,,,,,,,,,
New,list highest protein foods,HEALTH,COMPOSITION,Proteins,,,,,#DIV/0!,#DIV/0!,0,0,0,0,,,,,,,,,,,,,,,,,,,,,,,,,,,,,,,,Rich in protein,,,,,,,,,,
FR,oikos protein,PRODUCTS,BRANDS,Danone - generic,,,,,#DIV/0!,#DIV/0!,0,0,0,0,,,,,,,,,,,,,,,,,,,,,,,,,,,,,Oikos,,,,,,,,,,,,,
New,yogurt with low sugar,PRODUCTS,YOGURTS,Yogurts,,,,,#DIV/0!,#DIV/0!,0,0,0,0,,,,,,,,,,,,,,,,,,,,,,,,,Yogurt,,,Sugar,,,,,,,,,,,,,,
New,easy high protein breakfast,CONSUMER HABITS,MEALS,Breakfast,,,,,#DIV/0!,#DIV/0!,0,0,0,0,,,,,,,,,,,,,,,,,,,,,,,,,,,,,,,,Rich in protein,,,Breakfast,,,,,,,
New,low in sugar yogurt,PRODUCTS,PLANT BASED YOGURTS,Generic,,,,,#DIV/0!,#DIV/0!,0,0,0,0,,,,,,,,,,,,,,,,,,,,,,,,,Yogurt,,,Sugar,,,,,,,,,,,,,,
New,yogurt low in sugar,PRODUCTS,PLANT BASED YOGURTS,Generic,,,,,#DIV/0!,#DIV/0!,0,0,0,0,,,,,,,,,,,,,,,,,,,,,,,,,Yogurt,,,Sugar,,,,,,,,,,,,,,
New,lower sugar yogurt,PRODUCTS,PLANT BASED YOGURTS,Generic,,,,,#DIV/0!,#DIV/0!,0,0,0,0,,,,,,,,,,,,,,,,,,,,,,,,,Yogurt,,,Sugar,,,,,,,,,,,,,,
New,yogurt greek,PRODUCTS,YOGURTS,Greek,,,,,#DIV/0!,#DIV/0!,0,0,0,0,,,,,,,,,,,,,,,,,,,,,,,,,Greek,,,,,,,,,,,,,,,,,
New,lowest sugar yogurt,PRODUCTS,PLANT BASED YOGURTS,Generic,,,,,#DIV/0!,#DIV/0!,0,0,0,0,,,,,,,,,,,,,,,,,,,,,,,,,Yogurt,,,Sugar,,,,,,,,,,,,,,
New,yogurt with least sugar,PRODUCTS,YOGURTS,Yogurts,,,,,#DIV/0!,#DIV/0!,0,0,0,0,,,,,,,,,,,,,,,,,,,,,,,,,Yogurt,,,Sugar,,,,,,,,,,,,,,
New,aliment riche en protéine,HEALTH,COMPOSITION,Proteins,,,,,#DIV/0!,#DIV/0!,0,0,0,0,,,,,,,,,,,,,,,,,,,,,,,,,,Lime,,,,,,Rich in protein,,,,,,,,,,
New,yogurts low in sugar,PRODUCTS,PLANT BASED YOGURTS,Generic,,,,,#DIV/0!,#DIV/0!,0,0,0,0,,,,,,,,,,,,,,,,,,,,,,,,,Yogurt,,,Sugar,,,,,,,,,,,,,,
New,easy protein snacks,CONSUMER HABITS,MEALS,Snack,,,,,#DIV/0!,#DIV/0!,0,0,0,0,,,,,,,,,,,,,,,,,,,,,,,,,,,,,,,,,,,Snack,,,,,,,
New,yogurt with lowest sugar,PRODUCTS,PLANT BASED YOGURTS,Generic,,,,,#DIV/0!,#DIV/0!,0,0,0,0,,,,,,,,,,,,,,,,,,,,,,,,,Yogurt,,,Sugar,,,,,,,,,,,,,,
FR,yaourt nature,PRODUCTS,YOGURTS,Yogurts,,,,,#DIV/0!,#DIV/0!,0,0,0,0,,,,,,,,,,,,,,,,,,,,,,,,,Yogurt,Plain,,,,,,,,,,,,,,,,
New,yogurts with low sugar,PRODUCTS,PLANT BASED YOGURTS,Generic,,,,,#DIV/0!,#DIV/0!,0,0,0,0,,,,,,,,,,,,,,,,,,,,,,,,,Yogurt,,,Sugar,,,,,,,,,,,,,,
New,low sugar yoghurts,PRODUCTS,PLANT BASED YOGURTS,Generic,,,,,#DIV/0!,#DIV/0!,0,0,0,0,,,,,,,,,,,,,,,,,,,,,,,,,Yogurt,,,Sugar,,,,,,,,,,,,,,
New,low sugar yogurts,PRODUCTS,PLANT BASED YOGURTS,Generic,,,,,#DIV/0!,#DIV/0!,0,0,0,0,,,,,,,,,,,,,,,,,,,,,,,,,Yogurt,,,Sugar,,,,,,,,,,,,,,
New,yogourt siggi's,PRODUCTS,BRANDS,Other,,,,,#DIV/0!,#DIV/0!,0,0,0,0,,,,,,,,,,,,,,,,,,,,,,,,,Yogurt,,,,Siggi's,,,,,,,,,,,,,
New,canadian dairy companies,EATING BETTER,ORIGIN,Made in Canada,,,,,#DIV/0!,#DIV/0!,0,0,0,0,,,,,,,,,,,,,,,,,,,,,,,,,,,,Dairy,,,,,,,,,,,,,,
New,dairy companies in canada,PRODUCTS,BRANDS,Other,,,,,#DIV/0!,#DIV/0!,0,0,0,0,,,,,,,,,,,,,,,,,,,,,,,,,,,,Dairy,,,,,,,,,,,,,,
New,best protein breakfast,PRODUCTS,PLANT BASED YOGURTS,Generic,,,,,#DIV/0!,#DIV/0!,0,0,0,0,,,,,,,,,,,,,,,,,,,,,,,,,,,,,,,,,Best,,,,,,,,,
New,oikos drinking yogurt,PRODUCTS,YOGURT DRINKS,Yogurt drinks,,,,,#DIV/0!,#DIV/0!,0,0,0,0,,,,,,,,,,,,,,,,,,,,,,,,,Yogurt,,,,Oikos,,,,,,,,,,,,,
New,oikos drinkable yogurt,PRODUCTS,YOGURT DRINKS,Yogurt drinks,,,,,#DIV/0!,#DIV/0!,0,0,0,0,,,,,,,,,,,,,,,,,,,,,,,,,Yogurt,,,,Oikos,,,,,,,,,,,,,
New,protein rich breakfast foods,PRODUCTS,PLANT BASED YOGURTS,Generic,,,,,#DIV/0!,#DIV/0!,0,0,0,0,,,,,,,,,,,,,,,,,,,,,,,,,,,,,,,,Rich in protein,,,,,,,,,,
New,good breakfast protein,CONSUMER HABITS,MEALS,Breakfast,,,,,#DIV/0!,#DIV/0!,0,0,0,0,,,,,,,,,,,,,,,,,,,,,,,,,,,,,,,,,Good or bad,,Breakfast,,,,,,,
FR,recette avec yogourt nature,RECIPES,RECIPES,Recipes with yogurt,,,,,#DIV/0!,#DIV/0!,0,0,0,0,,,,,,,,,,,,,,,,,,,,,,,,,Yogurt,Plain,,,,,,,,,,,,,,,,
New,best protein breakfasts,PRODUCTS,PLANT BASED YOGURTS,Generic,,,,,#DIV/0!,#DIV/0!,0,0,0,0,,,,,,,,,,,,,,,,,,,,,,,,,,,,,,,,,Best,,,,,,,,,
New,best protein for breakfast,CONSUMER HABITS,MEALS,Breakfast,,,,,#DIV/0!,#DIV/0!,0,0,0,0,,,,,,,,,,,,,,,,,,,,,,,,,,,,,,,,,Best,,Breakfast,,,,,,,
New,is oikos greek yogurt healthy,PRODUCTS,YOGURTS,Greek,,,,,#DIV/0!,#DIV/0!,0,0,0,0,,,,,,,,,,,,,,,,,,,,,,,,,Greek,,,,Oikos,,,Healthy,,,,,,,,,,
New,protein rich breakfast,CONSUMER HABITS,MEALS,Breakfast,,,,,#DIV/0!,#DIV/0!,0,0,0,0,,,,,,,,,,,,,,,,,,,,,,,,,,,,,,,,Rich in protein,,,Breakfast,,,,,,,
New,is oikos greek yogurt good for you,PRODUCTS,YOGURTS,Greek,,,,,#DIV/0!,#DIV/0!,0,0,0,0,,,,,,,,,,,,,,,,,,,,,,,,,Greek,,,,Oikos,,,,Good or bad,,,,,,,,,
New,does yogurt have protein,PRODUCTS,YOGURTS,Yogurts,,,,,#DIV/0!,#DIV/0!,0,0,0,0,,,,,,,,,,,,,,,,,,,,,,,,,Yogurt,,,,,,,,,,,,,,,,,
New,best protein breakfast foods,PRODUCTS,PLANT BASED YOGURTS,Generic,,,,,#DIV/0!,#DIV/0!,0,0,0,0,,,,,,,,,,,,,,,,,,,,,,,,,,,,,,,,,Best,,,,,,,,,
New,oikos drink yogurt,PRODUCTS,YOGURT DRINKS,Yogurt drinks,,,,,#DIV/0!,#DIV/0!,0,0,0,0,,,,,,,,,,,,,,,,,,,,,,,,,Yogurt,,,,Oikos,,,,,,,,,,,,,
New,two good greek yogurt,PRODUCTS,PLANT BASED YOGURTS,Generic,,,,,#DIV/0!,#DIV/0!,0,0,0,0,,,,,,,,,,,,,,,,,,,,,,,,,Greek,,,,,,,,Good or bad,,,,,,,,,
New,siggi's yogourt,PRODUCTS,BRANDS,Other,,,,,#DIV/0!,#DIV/0!,0,0,0,0,,,,,,,,,,,,,,,,,,,,,,,,,Yogurt,,,,Siggi's,,,,,,,,,,,,,
EN,low sugar yogurt,PRODUCTS,YOGURTS,Yogurts,,,,,#DIV/0!,#DIV/0!,0,0,0,0,,,,,,,,,,,,,,,,,,,,,,,,,Yogurt,,,Sugar,,,,,,,,,,,,,,
FR,yogourt nature,PRODUCTS,YOGURTS,Yogurts,,,,,#DIV/0!,#DIV/0!,0,0,0,0,,,,,,,,,,,,,,,,,,,,,,,,,Yogurt,Plain,,,,,,,,,,,,,,,,
New,chobani greek yogurt,PRODUCTS,PLANT BASED YOGURTS,Generic,,,,,#DIV/0!,#DIV/0!,0,0,0,0,,,,,,,,,,,,,,,,,,,,,,,,,Greek,,,,Chobani,,,,,,,,,,,,,
FR,yogourt grec nature,PRODUCTS,YOGURTS,Greek,,,,,#DIV/0!,#DIV/0!,0,0,0,0,,,,,,,,,,,,,,,,,,,,,,,,,Greek,Plain,,,,,,,,,,,,,,,,
EN,lactose free yogurt canada,PRODUCTS,YOGURTS,Yogurts,,,,,#DIV/0!,#DIV/0!,0,0,0,0,,,,,,,,,,,,,,,,,,,,,,,,,Yogurt,,,Lactose,,,,,,,,,,,,,,
New,canadian dairy brands,EATING BETTER,ORIGIN,Made in Canada,,,,,#DIV/0!,#DIV/0!,0,0,0,0,,,,,,,,,,,,,,,,,,,,,,,,,,,,Dairy,,,,,,,,,,,,,,
New,good post workout snacks,CONSUMER HABITS,MEALS,Sports,,,,,#DIV/0!,#DIV/0!,0,0,0,0,,,,,,,,,,,,,,,,,,,,,,,,,,,,,,,,,Good or bad,,Sports,,,,,,,
New,high protein fast breakfast,PRODUCTS,PLANT BASED YOGURTS,Generic,,,,,#DIV/0!,#DIV/0!,0,0,0,0,,,,,,,,,,,,,,,,,,,,,,,,,,,,,,,,Rich in protein,,,,,,,,,,
New,quick high protein breakfast,PRODUCTS,PLANT BASED YOGURTS,Generic,,,,,#DIV/0!,#DIV/0!,0,0,0,0,,,,,,,,,,,,,,,,,,,,,,,,,,,,,,,,Rich in protein,,,,,,,,,,
New,is greek yogurt probiotic,PRODUCTS,PLANT BASED YOGURTS,Generic,,,,,#DIV/0!,#DIV/0!,0,0,0,0,,,,,,,,,,,,,,,,,,,,,,,,,Greek,,,Probiotic,,,,,,,,,,,,,,
FR,pain banane yogourt,RECIPES,RECIPES,Recipes with yogurt,,,,,#DIV/0!,#DIV/0!,0,0,0,0,,,,,,,,,,,,,,,,,,,,,,,,,Yogurt,Banana,,,,,,,,,,,,,,,,
FR,yogourt grec proteine,PRODUCTS,YOGURTS,Greek,,,,,#DIV/0!,#DIV/0!,0,0,0,0,,,,,,,,,,,,,,,,,,,,,,,,,Greek,,,Protein,,,,,,,,,,,,,,
New,healthy yogurts,PRODUCTS,YOGURTS,Yogurts,,,,,#DIV/0!,#DIV/0!,0,0,0,0,,,,,,,,,,,,,,,,,,,,,,,,,Yogurt,,,,,,,Healthy,,,,,,,,,,
New,healthiest yogurt,PRODUCTS,YOGURTS,Yogurts,,,,,#DIV/0!,#DIV/0!,0,0,0,0,,,,,,,,,,,,,,,,,,,,,,,,,Yogurt,,,,,,,Healthy,,,,,,,,,,
New,organic greek yogurt,EATING BETTER,ORIGIN,Organic,,,,,#DIV/0!,#DIV/0!,0,0,0,0,,,,,,,,,,,,,,,,,,,,,,,,,Greek,,,,,,,,,Bio,,,,,,,,
New,health yogurt,PRODUCTS,PLANT BASED YOGURTS,Generic,,,,,#DIV/0!,#DIV/0!,0,0,0,0,,,,,,,,,,,,,,,,,,,,,,,,,Yogurt,,,,,,,Healthy,,,,,,,,,,
New,most healthy yogurt,PRODUCTS,PLANT BASED YOGURTS,Generic,,,,,#DIV/0!,#DIV/0!,0,0,0,0,,,,,,,,,,,,,,,,,,,,,,,,,Yogurt,,,,,,,Healthy,,,,,,,,,,
New,things that are high in protein,PRODUCTS,PLANT BASED YOGURTS,Generic,,,,,#DIV/0!,#DIV/0!,0,0,0,0,,,,,,,,,,,,,,,,,,,,,,,,,,,,,,,,Rich in protein,,,,,,,,,,
New,is greek yogurt a probiotic,HEALTH,COMPOSITION,Probiotics,,,,,#DIV/0!,#DIV/0!,0,0,0,0,,,,,,,,,,,,,,,,,,,,,,,,,Greek,,,Probiotic,,,,,,,,,,,,,,
New,healthy yogurt,PRODUCTS,YOGURTS,Yogurts,,,,,#DIV/0!,#DIV/0!,0,0,0,0,,,,,,,,,,,,,,,,,,,,,,,,,Yogurt,,,,,,,Healthy,,,,,,,,,,
New,is oikos yogurt made in canada,PRODUCTS,YOGURTS,Greek,,,,,#DIV/0!,#DIV/0!,0,0,0,0,,,,,,,,,,,,,,,,,,,,,,,,,Yogurt,,,,Oikos,,,,,,,,,,,,,
New,oikos pro costco,PRODUCTS,YOGURTS,Greek,,,,,#DIV/0!,#DIV/0!,0,0,0,0,,,,,,,,,,,,,,,,,,,,,,,,,,,,,Oikos,,,,,,,,,,,,,
New,lactose free yogurt in canada,PRODUCTS,YOGURTS,Greek,,,,,#DIV/0!,#DIV/0!,0,0,0,0,,,,,,,,,,,,,,,,,,,,,,,,,Yogurt,,,Lactose,,,,,,,,,,,,,,
New,milk company in canada,PRODUCTS,BRANDS,Other,,,,,#DIV/0!,#DIV/0!,0,0,0,0,,,,,,,,,,,,,,,,,,,,,,,,,,,,Milk,,,,,,,,,,,,,,
New,canadian milk companies,EATING BETTER,ORIGIN,Made in Canada,,,,,#DIV/0!,#DIV/0!,0,0,0,0,,,,,,,,,,,,,,,,,,,,,,,,,,,,Milk,,,,,,,,,,,,,,
EN,coconut yogurt canada,PRODUCTS,YOGURTS,Yogurts,,,,,#DIV/0!,#DIV/0!,0,0,0,0,,,,,,,,,,,,,,,,,,,,,,,,,Yogurt,Coconut,,,,,,,,,,,,,,,,
New,healthy breakfast protein,PRODUCTS,PLANT BASED YOGURTS,Generic,,,,,#DIV/0!,#DIV/0!,0,0,0,0,,,,,,,,,,,,,,,,,,,,,,,,,,,,,,,,Healthy,,,,,,,,,,
New,good protein for breakfast,PRODUCTS,PLANT BASED YOGURTS,Generic,,,,,#DIV/0!,#DIV/0!,0,0,0,0,,,,,,,,,,,,,,,,,,,,,,,,,,,,,,,,,Good or bad,,,,,,,,,
New,milk companies in canada,PRODUCTS,PLANT BASED YOGURTS,Generic,,,,,#DIV/0!,#DIV/0!,0,0,0,0,,,,,,,,,,,,,,,,,,,,,,,,,,,,Milk,,,,,,,,,,,,,,
New,canadian milk company,PRODUCTS,PLANT BASED YOGURTS,Generic,,,,,#DIV/0!,#DIV/0!,0,0,0,0,,,,,,,,,,,,,,,,,,,,,,,,,,,,Milk,,,,,,,,,,,,,,
New,greek yogurt for breakfast,CONSUMER HABITS,MEALS,Breakfast,,,,,#DIV/0!,#DIV/0!,0,0,0,0,,,,,,,,,,,,,,,,,,,,,,,,,Greek,,,,,,,,,,Breakfast,,,,,,,
New,0 sugar yogurt,PRODUCTS,YOGURTS,Yogurts,,,,,#DIV/0!,#DIV/0!,0,0,0,0,,,,,,,,,,,,,,,,,,,,,,,,,Yogurt,,,Sugar,,,,Sugar-free,,,,,,,,,,
New,protein greek yogurt,PRODUCTS,YOGURTS,Greek,,,,,#DIV/0!,#DIV/0!,0,0,0,0,,,,,,,,,,,,,,,,,,,,,,,,,Greek,,,,,,,,,,,,,,,,,
New,2 good yogurt,PRODUCTS,YOGURTS,Greek,,,,,#DIV/0!,#DIV/0!,0,0,0,0,,,,,,,,,,,,,,,,,,,,,,,,,Yogurt,,,,,,,,Good or bad,,,,,,,,,
New,greek yogurt breakfast,CONSUMER HABITS,MEALS,Breakfast,,,,,#DIV/0!,#DIV/0!,0,0,0,0,,,,,,,,,,,,,,,,,,,,,,,,,Greek,,,,,,,,,,Breakfast,,,,,,,
New,no sugar yogurts,PRODUCTS,PLANT BASED YOGURTS,Generic,,,,,#DIV/0!,#DIV/0!,0,0,0,0,,,,,,,,,,,,,,,,,,,,,,,,,Yogurt,,,Sugar,,,,Sugar-free,,,,,,,,,,
New,no sugar yogurt,PRODUCTS,YOGURTS,Yogurts,,,,,#DIV/0!,#DIV/0!,0,0,0,0,,,,,,,,,,,,,,,,,,,,,,,,,Yogurt,,,Sugar,,,,Sugar-free,,,,,,,,,,
New,non sugar yogurt,PRODUCTS,YOGURTS,Yogurts,,,,,#DIV/0!,#DIV/0!,0,0,0,0,,,,,,,,,,,,,,,,,,,,,,,,,Yogurt,,,Sugar,,,,,,,,,,,,,,
New,yogurt with protein powder,PRODUCTS,PLANT BASED YOGURTS,Generic,,,,,#DIV/0!,#DIV/0!,0,0,0,0,,,,,,,,,,,,,,,,,,,,,,,,,Yogurt,,,,,,,,,,,,,,,,,
New,protéine yogourt grec,PRODUCTS,YOGURTS,Greek,,,,,#DIV/0!,#DIV/0!,0,0,0,0,,,,,,,,,,,,,,,,,,,,,,,,,Yogurt,,,,,,,,,,,,,,,,,
New,yogourt grec protéine,PRODUCTS,YOGURTS,Greek,,,,,#DIV/0!,#DIV/0!,0,0,0,0,,,,,,,,,,,,,,,,,,,,,,,,,Yogurt,,,,,,,,,,,,,,,,,
New,breakfast with greek yogurt,PRODUCTS,PLANT BASED YOGURTS,Generic,,,,,#DIV/0!,#DIV/0!,0,0,0,0,,,,,,,,,,,,,,,,,,,,,,,,,Greek,,,,,,,,,,,,,,,,,
New,yogurt no sugar,PRODUCTS,YOGURTS,Yogurts,,,,,#DIV/0!,#DIV/0!,0,0,0,0,,,,,,,,,,,,,,,,,,,,,,,,,Yogurt,,,Sugar,,,,Sugar-free,,,,,,,,,,
New,milk products canada,PRODUCTS,PLANT BASED YOGURTS,Generic,,,,,#DIV/0!,#DIV/0!,0,0,0,0,,,,,,,,,,,,,,,,,,,,,,,,,,,,Milk,,,,,,,,,,,,,,
New,milk products in canada,PRODUCTS,PLANT BASED YOGURTS,Generic,,,,,#DIV/0!,#DIV/0!,0,0,0,0,,,,,,,,,,,,,,,,,,,,,,,,,,,,Milk,,,,,,,,,,,,,,
New,canadian dairy products,EATING BETTER,ORIGIN,Made in Canada,,,,,#DIV/0!,#DIV/0!,0,0,0,0,,,,,,,,,,,,,,,,,,,,,,,,,,,,Dairy,,,,,,,,,,,,,,
New,is yogurt a protein,PRODUCTS,PLANT BASED YOGURTS,Generic,,,,,#DIV/0!,#DIV/0!,0,0,0,0,,,,,,,,,,,,,,,,,,,,,,,,,Yogurt,,,,,,,,,,,,,,,,,
New,recipes using plain greek yogurt,RECIPES,RECIPES,Recipes with yogurt,,,,,#DIV/0!,#DIV/0!,0,0,0,0,,,,,,,,,,,,,,,,,,,,,,,,,Greek,Plain,,,,,,,,,,,,,,,,
New,recipe with plain greek yogurt,PRODUCTS,PLANT BASED YOGURTS,Generic,,,,,#DIV/0!,#DIV/0!,0,0,0,0,,,,,,,,,,,,,,,,,,,,,,,,,Greek,Plain,,,,,,,,,,,,,,,,
New,recipes with plain greek yogurt,RECIPES,RECIPES,Recipes with yogurt,,,,,#DIV/0!,#DIV/0!,0,0,0,0,,,,,,,,,,,,,,,,,,,,,,,,,Greek,Plain,,,,,,,,,,,,,,,,
New,recipe using plain greek yogurt,PRODUCTS,PLANT BASED YOGURTS,Generic,,,,,#DIV/0!,#DIV/0!,0,0,0,0,,,,,,,,,,,,,,,,,,,,,,,,,Greek,Plain,,,,,,,,,,,,,,,,
New,no sugar greek yogurt,PRODUCTS,YOGURTS,Greek,,,,,#DIV/0!,#DIV/0!,0,0,0,0,,,,,,,,,,,,,,,,,,,,,,,,,Greek,,,Sugar,,,,Sugar-free,,,,,,,,,,
New,plain greek yogurt recipes,PRODUCTS,PLANT BASED YOGURTS,Generic,,,,,#DIV/0!,#DIV/0!,0,0,0,0,,,,,,,,,,,,,,,,,,,,,,,,,Greek,Plain,,,,,,,,,,,,,,,,
New,greek plain yogurt recipes,PRODUCTS,PLANT BASED YOGURTS,Generic,,,,,#DIV/0!,#DIV/0!,0,0,0,0,,,,,,,,,,,,,,,,,,,,,,,,,Greek,Plain,,,,,,,,,,,,,,,,
New,greek yogurt no sugar added,PRODUCTS,PLANT BASED YOGURTS,Generic,,,,,#DIV/0!,#DIV/0!,0,0,0,0,,,,,,,,,,,,,,,,,,,,,,,,,Greek,,,Sugar,,,,Sugar-free,,,,,,,,,,
New,recipes for plain greek yogurt,RECIPES,RECIPES,Recipes with yogurt,,,,,#DIV/0!,#DIV/0!,0,0,0,0,,,,,,,,,,,,,,,,,,,,,,,,,Greek,Plain,,,,,,,,,,,,,,,,
New,easy high protein snacks,CONSUMER HABITS,MEALS,Snack,,,,,#DIV/0!,#DIV/0!,0,0,0,0,,,,,,,,,,,,,,,,,,,,,,,,,,,,,,,,Rich in protein,,,Snack,,,,,,,
New,skyr yogurt canada,PRODUCTS,PLANT BASED YOGURTS,Generic,,,,,#DIV/0!,#DIV/0!,0,0,0,0,,,,,,,,,,,,,,,,,,,,,,,,,Skyr,,,,,,,,,,,,,,,,,
New,what has the most protein,PRODUCTS,PLANT BASED YOGURTS,Generic,,,,,#DIV/0!,#DIV/0!,0,0,0,0,,,,,,,,,,,,,,,,,,,,,,,,,,,,,,,,,,,,,,,,,,
New,no sugar added greek yogurt,PRODUCTS,YOGURTS,Greek,,,,,#DIV/0!,#DIV/0!,0,0,0,0,,,,,,,,,,,,,,,,,,,,,,,,,Greek,,,Sugar,,,,Sugar-free,,,,,,,,,,
FR,trempette au yogourt grec,PRODUCTS,YOGURTS,Greek,,,,,#DIV/0!,#DIV/0!,0,0,0,0,,,,,,,,,,,,,,,,,,,,,,,,,Greek,,,,,,,,,,,,,,,,,
EN,non fat greek yogurt,PRODUCTS,YOGURTS,Greek,,,,,#DIV/0!,#DIV/0!,0,0,0,0,,,,,,,,,,,,,,,,,,,,,,,,,Greek,,,Fat,,,,,,,,,,,,,,
FR,trempette yogourt grec,PRODUCTS,YOGURTS,Greek,,,,,#DIV/0!,#DIV/0!,0,0,0,0,,,,,,,,,,,,,,,,,,,,,,,,,Greek,,,,,,,,,,,,,,,,,
New,coconut greek yogurt,PRODUCTS,PLANT BASED YOGURTS,Generic,,,,,#DIV/0!,#DIV/0!,0,0,0,0,,,,,,,,,,,,,,,,,,,,,,,,,Greek,Coconut,,,,,,,,,,,,,,,,
New,greek yogurt 0,PRODUCTS,YOGURTS,Greek,,,,,#DIV/0!,#DIV/0!,0,0,0,0,,,,,,,,,,,,,,,,,,,,,,,,,Greek,,,Without,,,,,,,,,,,,,,
EN,organic yogurt,EATING BETTER,ORIGIN,Organic,,,,,#DIV/0!,#DIV/0!,0,0,0,0,,,,,,,,,,,,,,,,,,,,,,,,,Yogurt,,,,,,,,,Bio,,,,,,,,
EN,0 greek yogurt,PRODUCTS,YOGURTS,Greek,,,,,#DIV/0!,#DIV/0!,0,0,0,0,,,,,,,,,,,,,,,,,,,,,,,,,Greek,,,Without,,,,,,,,,,,,,,
New,greek fat free yogurt,PRODUCTS,PLANT BASED YOGURTS,Generic,,,,,#DIV/0!,#DIV/0!,0,0,0,0,,,,,,,,,,,,,,,,,,,,,,,,,Greek,,,Fat,,,,Fat-free,,,,,,,,,,
EN,protein yogurt canada,PRODUCTS,YOGURTS,Yogurts,,,,,#DIV/0!,#DIV/0!,0,0,0,0,,,,,,,,,,,,,,,,,,,,,,,,,Yogurt,,,Protein,,,,,,,,,,,,,,
New,yogurt oikos,PRODUCTS,BRANDS,Danone - generic,,,,,#DIV/0!,#DIV/0!,0,0,0,0,,,,,,,,,,,,,,,,,,,,,,,,,Yogurt,,,,Oikos,,,,,,,,,,,,,
New,yogourt skyr,PRODUCTS,PLANT BASED YOGURTS,Generic,,,,,#DIV/0!,#DIV/0!,0,0,0,0,,,,,,,,,,,,,,,,,,,,,,,,,Skyr,,,,,,,,,,,,,,,,,
New,greek yogurt costco canada,PRODUCTS,YOGURTS,Greek,,,,,#DIV/0!,#DIV/0!,0,0,0,0,,,,,,,,,,,,,,,,,,,,,,,,,Greek,,,,,,,,,,,,,,,,,
EN,greek yogurt no sugar,PRODUCTS,YOGURTS,Greek,,,,,#DIV/0!,#DIV/0!,0,0,0,0,,,,,,,,,,,,,,,,,,,,,,,,,Greek,,,Sugar,,,,Sugar-free,,,,,,,,,,
New,yogurt oiko,PRODUCTS,PLANT BASED YOGURTS,Generic,,,,,#DIV/0!,#DIV/0!,0,0,0,0,,,,,,,,,,,,,,,,,,,,,,,,,Yogurt,,,,Oikos,,,,,,,,,,,,,
New,how much protein in yogurt,PRODUCTS,YOGURTS,Yogurts,,,,,#DIV/0!,#DIV/0!,0,0,0,0,,,,,,,,,,,,,,,,,,,,,,,,,Yogurt,,,,,,,,,,,,,,,,,
FR,recette gyros poulet,RECIPES,RECIPES,Chicken recipe,,,,,#DIV/0!,#DIV/0!,0,0,0,0,,,,,,,,,,,,,,,,,,,,,,,,,,,,,,,,,,,,,,,,,,
EN,0 sugar greek yogurt,PRODUCTS,YOGURTS,Greek,,,,,#DIV/0!,#DIV/0!,0,0,0,0,,,,,,,,,,,,,,,,,,,,,,,,,Greek,,,Sugar,,,,Sugar-free,,,,,,,,,,
FR,gyros au poulet,RECIPES,RECIPES,Chicken recipe,,,,,#DIV/0!,#DIV/0!,0,0,0,0,,,,,,,,,,,,,,,,,,,,,,,,,,,,,,,,,,,,,,,,,,
EN,fat free greek yogurt,PRODUCTS,YOGURTS,Greek,,,,,#DIV/0!,#DIV/0!,0,0,0,0,,,,,,,,,,,,,,,,,,,,,,,,,Greek,,,Fat,,,,Fat-free,,,,,,,,,,
FR,recette yogourt grec,RECIPES,RECIPES,Recipes with yogurt,,,,,#DIV/0!,#DIV/0!,0,0,0,0,,,,,,,,,,,,,,,,,,,,,,,,,Greek,,,,,,,,,,,,,,,,,
New,oiko yoghurt,PRODUCTS,BRANDS,Danone - generic,,,,,#DIV/0!,#DIV/0!,0,0,0,0,,,,,,,,,,,,,,,,,,,,,,,,,Yogurt,,,,Oikos,,,,,,,,,,,,,
FR,yogourt grec recette,RECIPES,RECIPES,Recipes with yogurt,,,,,#DIV/0!,#DIV/0!,0,0,0,0,,,,,,,,,,,,,,,,,,,,,,,,,Greek,,,,,,,,,,,,,,,,,
New,oikos protein yogurt drink,PRODUCTS,YOGURT DRINKS,Yogurt drinks,,,,,#DIV/0!,#DIV/0!,0,0,0,0,,,,,,,,,,,,,,,,,,,,,,,,,Yogurt,,,,Oikos,,,,,,,,,,,,,
New,oikos protein yogurt drinks,PRODUCTS,YOGURT DRINKS,Yogurt drinks,,,,,#DIV/0!,#DIV/0!,0,0,0,0,,,,,,,,,,,,,,,,,,,,,,,,,Yogurt,,,,Oikos,,,,,,,,,,,,,
FR,oikos proteine,PRODUCTS,BRANDS,Yogurts,,,,,#DIV/0!,#DIV/0!,0,0,0,0,,,,,,,,,,,,,,,,,,,,,,,,,,,,Protein,Oikos,,,,,,,,,,,,,
New,easy protein sources,PRODUCTS,PLANT BASED YOGURTS,Generic,,,,,#DIV/0!,#DIV/0!,0,0,0,0,,,,,,,,,,,,,,,,,,,,,,,,,,,,,,,,,,,,,,,,,,
New,oikos pro drinkable yogurt,PRODUCTS,YOGURT DRINKS,Yogurt drinks,,,,,#DIV/0!,#DIV/0!,0,0,0,0,,,,,,,,,,,,,,,,,,,,,,,,,Yogurt,,,,Oikos,,,,,,,,,,,,,
EN,greek yogurt plain,PRODUCTS,YOGURTS,Greek,,,,,#DIV/0!,#DIV/0!,0,0,0,0,,,,,,,,,,,,,,,,,,,,,,,,,Greek,Plain,,,,,,,,,,,,,,,,
New,calories in oikos vanilla greek yogurt,PRODUCTS,PLANT BASED YOGURTS,Generic,,,,,#DIV/0!,#DIV/0!,0,0,0,0,,,,,,,,,,,,,,,,,,,,,,,,,Greek,Vanilla,,Calorie,Oikos,,,,,,,,,,,,,
New,oikos greek yogurt plain nutrition,EATING BETTER,HEALTHIER EATING,Labels & scoring,,,,,#DIV/0!,#DIV/0!,0,0,0,0,,,,,,,,,,,,,,,,,,,,,,,,,Greek,Plain,,,Oikos,,,,,,,,,,,,,
New,oikos greek yogurt vanilla calories,EATING BETTER,HEALTHIER EATING,Labels & scoring,,,,,#DIV/0!,#DIV/0!,0,0,0,0,,,,,,,,,,,,,,,,,,,,,,,,,Greek,Vanilla,,Calorie,Oikos,,,,,,,,,,,,,
New,vanilla oikos greek yogurt nutrition,EATING BETTER,HEALTHIER EATING,Labels & scoring,,,,,#DIV/0!,#DIV/0!,0,0,0,0,,,,,,,,,,,,,,,,,,,,,,,,,Greek,Vanilla,,,Oikos,,,,,,,,,,,,,
FR,recette gâteau au fromage philadelphia sans cuisson,RECIPES,RECIPES,Cakes,,,,,#DIV/0!,#DIV/0!,0,0,0,0,,,,,,,,,,,,,,,,,,,,,,,,,,,,Without,,,,,,,,,,,,,,
New,plain oikos greek yogurt nutrition,EATING BETTER,HEALTHIER EATING,Labels & scoring,,,,,#DIV/0!,#DIV/0!,0,0,0,0,,,,,,,,,,,,,,,,,,,,,,,,,Greek,Plain,,,Oikos,,,,,,,,,,,,,
New,calories in oikos plain greek yogurt,PRODUCTS,PLANT BASED YOGURTS,Generic,,,,,#DIV/0!,#DIV/0!,0,0,0,0,,,,,,,,,,,,,,,,,,,,,,,,,Greek,Plain,,Calorie,Oikos,,,,,,,,,,,,,
New,oikos greek yogurt nutrition facts vanilla,PRODUCTS,PLANT BASED YOGURTS,Generic,,,,,#DIV/0!,#DIV/0!,0,0,0,0,,,,,,,,,,,,,,,,,,,,,,,,,Greek,Vanilla,,,Oikos,,,,,,,,,,,,,
New,oikos vanilla greek yogurt nutritional information,PRODUCTS,PLANT BASED YOGURTS,Generic,,,,,#DIV/0!,#DIV/0!,0,0,0,0,,,,,,,,,,,,,,,,,,,,,,,,,Greek,Vanilla,,,Oikos,,,,,,,,,,,,,
New,oikos greek yogurt vanilla nutrition facts,EATING BETTER,HEALTHIER EATING,Labels & scoring,,,,,#DIV/0!,#DIV/0!,0,0,0,0,,,,,,,,,,,,,,,,,,,,,,,,,Greek,Vanilla,,,Oikos,,,,,,,,,,,,,
EN,strawberry greek yogurt,PRODUCTS,YOGURTS,Greek,,,,,#DIV/0!,#DIV/0!,0,0,0,0,,,,,,,,,,,,,,,,,,,,,,,,,Greek,Strawberry,,,,,,,,,,,,,,,,
New,oikos greek yogurt nutrition vanilla,EATING BETTER,HEALTHIER EATING,Labels & scoring,,,,,#DIV/0!,#DIV/0!,0,0,0,0,,,,,,,,,,,,,,,,,,,,,,,,,Greek,Vanilla,,,Oikos,,,,,,,,,,,,,
New,calories in oikos greek yogurt vanilla,PRODUCTS,PLANT BASED YOGURTS,Generic,,,,,#DIV/0!,#DIV/0!,0,0,0,0,,,,,,,,,,,,,,,,,,,,,,,,,Greek,Vanilla,,Calorie,Oikos,,,,,,,,,,,,,
FR,yogourt a boire,PRODUCTS,YOGURT DRINKS,Yogurt drinks,,,,,#DIV/0!,#DIV/0!,0,0,0,0,,,,,,,,,,,,,,,,,,,,,,,,,Yogurt,,,,,,,,,,,,,,,,,
New,carbs in greek yogurt,PRODUCTS,YOGURTS,Greek,,,,,#DIV/0!,#DIV/0!,0,0,0,0,,,,,,,,,,,,,,,,,,,,,,,,,Greek,,,,,,,,,,,,,,,,,
New,aliments avec des protéines,PRODUCTS,PLANT BASED YOGURTS,Generic,,,,,#DIV/0!,#DIV/0!,0,0,0,0,,,,,,,,,,,,,,,,,,,,,,,,,,Lime,,,,,,,,,,,,,,,,
New,greek yogurt carb,PRODUCTS,PLANT BASED YOGURTS,Generic,,,,,#DIV/0!,#DIV/0!,0,0,0,0,,,,,,,,,,,,,,,,,,,,,,,,,Greek,,,,,,,,,,,,,,,,,
New,greek yogurt carbs,PRODUCTS,YOGURTS,Greek,,,,,#DIV/0!,#DIV/0!,0,0,0,0,,,,,,,,,,,,,,,,,,,,,,,,,Greek,,,,,,,,,,,,,,,,,
New,health benefit of greek yogurt,PRODUCTS,PLANT BASED YOGURTS,Generic,,,,,#DIV/0!,#DIV/0!,0,0,0,0,,,,,,,,,,,,,,,,,,,,,,,,,Greek,,,,,,,Healthy,,,,,,,,,,
New,greek yogurt health benefits,PRODUCTS,YOGURTS,Greek,,,,,#DIV/0!,#DIV/0!,0,0,0,0,,,,,,,,,,,,,,,,,,,,,,,,,Greek,,,,,,,Healthy,,,,,,,,,,
New,aliments avec protéines,PRODUCTS,PLANT BASED YOGURTS,Generic,,,,,#DIV/0!,#DIV/0!,0,0,0,0,,,,,,,,,,,,,,,,,,,,,,,,,,Lime,,,,,,,,,,,,,,,,
New,health benefits of greek yogurt,PRODUCTS,YOGURTS,Greek,,,,,#DIV/0!,#DIV/0!,0,0,0,0,,,,,,,,,,,,,,,,,,,,,,,,,Greek,,,,,,,Healthy,,,,,,,,,,
New,drinkable probiotic yogurt,PRODUCTS,PLANT BASED YOGURTS,Generic,,,,,#DIV/0!,#DIV/0!,0,0,0,0,,,,,,,,,,,,,,,,,,,,,,,,,Yogurt,,,Probiotic,,,,,,,,,,,,,,
EN,oikos greek yogurt vanilla nutrition,EATING BETTER,HEALTHIER EATING,Labels & scoring,,,,,#DIV/0!,#DIV/0!,0,0,0,0,,,,,,,,,,,,,,,,,,,,,,,,,Greek,Vanilla,,,Oikos,,,,,,,,,,,,,
EN,oikos greek yogurt ingredients,HEALTH,COMPOSITION,Generic,,,,,#DIV/0!,#DIV/0!,0,0,0,0,,,,,,,,,,,,,,,,,,,,,,,,,Greek,,,Composition,Oikos,,,,,,,,,,,,,
New,probiotic drink yogurt,PRODUCTS,PLANT BASED YOGURTS,Generic,,,,,#DIV/0!,#DIV/0!,0,0,0,0,,,,,,,,,,,,,,,,,,,,,,,,,Yogurt,,,Probiotic,,,,,,,,,,,,,,
New,greek yogurt flavours,PRODUCTS,YOGURTS,Greek,,,,,#DIV/0!,#DIV/0!,0,0,0,0,,,,,,,,,,,,,,,,,,,,,,,,,Greek,,,,,,,,,,,,,,,,,
New,flavored greek yogurt,PRODUCTS,YOGURTS,Greek,,,,,#DIV/0!,#DIV/0!,0,0,0,0,,,,,,,,,,,,,,,,,,,,,,,,,Greek,,,,,,,,,,,,,,,,,
New,probiotic drinkable yogurt,PRODUCTS,PLANT BASED YOGURTS,Generic,,,,,#DIV/0!,#DIV/0!,0,0,0,0,,,,,,,,,,,,,,,,,,,,,,,,,Yogurt,,,Probiotic,,,,,,,,,,,,,,
EN,oikos vanilla greek yogurt calories,EATING BETTER,HEALTHIER EATING,Labels & scoring,,,,,#DIV/0!,#DIV/0!,0,0,0,0,,,,,,,,,,,,,,,,,,,,,,,,,Greek,Vanilla,,Calorie,Oikos,,,,,,,,,,,,,
EN,oikos vanilla greek yogurt nutrition facts,EATING BETTER,HEALTHIER EATING,Labels & scoring,,,,,#DIV/0!,#DIV/0!,0,0,0,0,,,,,,,,,,,,,,,,,,,,,,,,,Greek,Vanilla,,,Oikos,,,,,,,,,,,,,
New,greek flavored yogurt,PRODUCTS,YOGURTS,Greek,,,,,#DIV/0!,#DIV/0!,0,0,0,0,,,,,,,,,,,,,,,,,,,,,,,,,Greek,,,,,,,,,,,,,,,,,
New,probiotic yogurt drinks,PRODUCTS,PLANT BASED YOGURTS,Generic,,,,,#DIV/0!,#DIV/0!,0,0,0,0,,,,,,,,,,,,,,,,,,,,,,,,,Yogurt,,,Probiotic,,,,,,,,,,,,,,
New,greek yogurt vanilla,PRODUCTS,YOGURTS,Greek,,,,,#DIV/0!,#DIV/0!,0,0,0,0,,,,,,,,,,,,,,,,,,,,,,,,,Greek,Vanilla,,,,,,,,,,,,,,,,
New,greek yogurt flavors,PRODUCTS,YOGURTS,Greek,,,,,#DIV/0!,#DIV/0!,0,0,0,0,,,,,,,,,,,,,,,,,,,,,,,,,Greek,,,,,,,,,,,,,,,,,
New,flavors of greek yogurt,PRODUCTS,YOGURTS,Greek,,,,,#DIV/0!,#DIV/0!,0,0,0,0,,,,,,,,,,,,,,,,,,,,,,,,,Greek,,,,,,,,,,,,,,,,,
New,greek yogurt flavor,PRODUCTS,YOGURTS,Greek,,,,,#DIV/0!,#DIV/0!,0,0,0,0,,,,,,,,,,,,,,,,,,,,,,,,,Greek,,,,,,,,,,,,,,,,,
FR,valeur nutritive yogourt grec,EATING BETTER,HEALTHIER EATING,Labels & scoring,,,,,#DIV/0!,#DIV/0!,0,0,0,0,,,,,,,,,,,,,,,,,,,,,,,,,Greek,,,,,,,,,,,,,,,,,
New,oikos yogurt canada,PRODUCTS,YOGURTS,Greek,,,,,#DIV/0!,#DIV/0!,0,0,0,0,,,,,,,,,,,,,,,,,,,,,,,,,Yogurt,,,,Oikos,,,,,,,,,,,,,
EN,oikos plain greek yogurt nutrition,EATING BETTER,HEALTHIER EATING,Labels & scoring,,,,,#DIV/0!,#DIV/0!,0,0,0,0,,,,,,,,,,,,,,,,,,,,,,,,,Greek,Plain,,,Oikos,,,,,,,,,,,,,
EN,oikos vanilla greek yogurt nutrition label,EATING BETTER,HEALTHIER EATING,Labels & scoring,,,,,#DIV/0!,#DIV/0!,0,0,0,0,,,,,,,,,,,,,,,,,,,,,,,,,Greek,Vanilla,,,Oikos,,,,,,,,,,,,,
EN,oikos vanilla greek yogurt nutrition,EATING BETTER,HEALTHIER EATING,Labels & scoring,,,,,#DIV/0!,#DIV/0!,0,0,0,0,,,,,,,,,,,,,,,,,,,,,,,,,Greek,Vanilla,,,Oikos,,,,,,,,,,,,,
New,flavoured greek yogurt,PRODUCTS,YOGURTS,Greek,,,,,#DIV/0!,#DIV/0!,0,0,0,0,,,,,,,,,,,,,,,,,,,,,,,,,Greek,,,,,,,,,,,,,,,,,
New,yogourt sans sucre,PRODUCTS,YOGURTS,Yogurts,,,,,#DIV/0!,#DIV/0!,0,0,0,0,,,,,,,,,,,,,,,,,,,,,,,,,Yogurt,,,Without,,,,,,,,,,,,,,
FR,yogourt grec valeur nutritive,EATING BETTER,HEALTHIER EATING,Labels & scoring,,,,,#DIV/0!,#DIV/0!,0,0,0,0,,,,,,,,,,,,,,,,,,,,,,,,,Greek,,,,,,,,,,,,,,,,,
New,canadian milk products,EATING BETTER,ORIGIN,Made in Canada,,,,,#DIV/0!,#DIV/0!,0,0,0,0,,,,,,,,,,,,,,,,,,,,,,,,,,,,Milk,,,,,,,,,,,,,,
New,canadian yogurt companies,EATING BETTER,ORIGIN,Made in Canada,,,,,#DIV/0!,#DIV/0!,0,0,0,0,,,,,,,,,,,,,,,,,,,,,,,,,Yogurt,,,,,,,,,,,,,,,,,
New,iogo nano nutrition,EATING BETTER,HEALTHIER EATING,Labels & scoring,,,,,#DIV/0!,#DIV/0!,0,0,0,0,,,,,,,,,,,,,,,,,,,,,,,,,,,,,,,,,,,,,,,,,,
New,two good yogurt canada,PRODUCTS,YOGURTS,Yogurts,,,,,#DIV/0!,#DIV/0!,0,0,0,0,,,,,,,,,,,,,,,,,,,,,,,,,Yogurt,,,,,,,,Good or bad,,,,,,,,,
New,ingredients for greek yogurt,PRODUCTS,PLANT BASED YOGURTS,Generic,,,,,#DIV/0!,#DIV/0!,0,0,0,0,,,,,,,,,,,,,,,,,,,,,,,,,Greek,,,,,,,,,,,,,,,,,
EN,greek yogurt ingredients,HEALTH,COMPOSITION,Generic,,,,,#DIV/0!,#DIV/0!,0,0,0,0,,,,,,,,,,,,,,,,,,,,,,,,,Greek,,,Composition,,,,,,,,,,,,,,
New,oikos triple zero yogurt,PRODUCTS,YOGURTS,Greek,,,,,#DIV/0!,#DIV/0!,0,0,0,0,,,,,,,,,,,,,,,,,,,,,,,,,Yogurt,,,,Oikos,,,,,,,,,,,,,
New,health benefit of yogurt,PRODUCTS,PLANT BASED YOGURTS,Generic,,,,,#DIV/0!,#DIV/0!,0,0,0,0,,,,,,,,,,,,,,,,,,,,,,,,,Yogurt,,,,,,,Healthy,,,,,,,,,,
New,greek yogurt ingredient,PRODUCTS,PLANT BASED YOGURTS,Generic,,,,,#DIV/0!,#DIV/0!,0,0,0,0,,,,,,,,,,,,,,,,,,,,,,,,,Greek,,,,,,,,,,,,,,,,,
New,triple zero oikos yogurt,PRODUCTS,BRANDS,Yogurts,,,,,#DIV/0!,#DIV/0!,0,0,0,0,,,,,,,,,,,,,,,,,,,,,,,,,Yogurt,,,,Oikos,,,,,,,,,,,,,
New,whole milk greek yogurt,PRODUCTS,YOGURTS,Greek,,,,,#DIV/0!,#DIV/0!,0,0,0,0,,,,,,,,,,,,,,,,,,,,,,,,,Greek,,,Milk,,,,,,,,,,,,,,
EN,drinkable protein yogurt,PRODUCTS,PLANT BASED YOGURTS,Generic,,,,,#DIV/0!,#DIV/0!,0,0,0,0,,,,,,,,,,,,,,,,,,,,,,,,,Yogurt,,,Protein,,,,,,,,,,,,,,
New,ingredients in oikos greek yogurt,HEALTH,COMPOSITION,Generic,,,,,#DIV/0!,#DIV/0!,0,0,0,0,,,,,,,,,,,,,,,,,,,,,,,,,Greek,,,,Oikos,,,,,,,,,,,,,
EN,protein yogurt drink,PRODUCTS,YOGURT DRINKS,Yogurt drinks,,,,,#DIV/0!,#DIV/0!,0,0,0,0,,,,,,,,,,,,,,,,,,,,,,,,,Yogurt,,,Protein,,,,,,,,,,,,,,
New,health benefits yogurt,PRODUCTS,PLANT BASED YOGURTS,Generic,,,,,#DIV/0!,#DIV/0!,0,0,0,0,,,,,,,,,,,,,,,,,,,,,,,,,Yogurt,,,,,,,Healthy,,,,,,,,,,
New,greek yoghurt ingredients,PRODUCTS,PLANT BASED YOGURTS,Generic,,,,,#DIV/0!,#DIV/0!,0,0,0,0,,,,,,,,,,,,,,,,,,,,,,,,,Greek,,,,,,,,,,,,,,,,,
New,yogurt health benefits,PRODUCTS,YOGURTS,Yogurts,,,,,#DIV/0!,#DIV/0!,0,0,0,0,,,,,,,,,,,,,,,,,,,,,,,,,Yogurt,,,,,,,Healthy,,,,,,,,,,
New,how to make greek yogurt at home,PRODUCTS,PLANT BASED YOGURTS,Generic,,,,,#DIV/0!,#DIV/0!,0,0,0,0,,,,,,,,,,,,,,,,,,,,,,,,,Greek,,,,,,,,,,,,,,,,,
New,whole greek yogurt,PRODUCTS,YOGURTS,Greek,,,,,#DIV/0!,#DIV/0!,0,0,0,0,,,,,,,,,,,,,,,,,,,,,,,,,Greek,,,,,,,,,,,,,,,,,
New,aliments proteine liste,PRODUCTS,PLANT BASED YOGURTS,Generic,,,,,#DIV/0!,#DIV/0!,0,0,0,0,,,,,,,,,,,,,,,,,,,,,,,,,,Lime,,,,,,,,,,,,,,,,
New,how can i make greek yogurt at home,PRODUCTS,PLANT BASED YOGURTS,Generic,,,,,#DIV/0!,#DIV/0!,0,0,0,0,,,,,,,,,,,,,,,,,,,,,,,,,Greek,,,,,,,,,,,,,,,,,
New,yogurt oikos triple zero,PRODUCTS,BRANDS,Yogurts,,,,,#DIV/0!,#DIV/0!,0,0,0,0,,,,,,,,,,,,,,,,,,,,,,,,,Yogurt,,,,Oikos,,,,,,,,,,,,,
New,ingredients oikos greek yogurt,HEALTH,COMPOSITION,Generic,,,,,#DIV/0!,#DIV/0!,0,0,0,0,,,,,,,,,,,,,,,,,,,,,,,,,Greek,,,,Oikos,,,,,,,,,,,,,
New,collation proteine,CONSUMER HABITS,MEALS,Snack,,,,,#DIV/0!,#DIV/0!,0,0,0,0,,,,,,,,,,,,,,,,,,,,,,,,,,,,,,,,,,,Snack,,,,,,,
EN,best greek yogurt for protein,PRODUCTS,YOGURTS,Greek,,,,,#DIV/0!,#DIV/0!,0,0,0,0,,,,,,,,,,,,,,,,,,,,,,,,,Greek,,,Protein,,,,,Best,,,,,,,,,
New,lactose greek yogurt,PRODUCTS,PLANT BASED YOGURTS,Generic,,,,,#DIV/0!,#DIV/0!,0,0,0,0,,,,,,,,,,,,,,,,,,,,,,,,,Greek,,,Lactose,,,,,,,,,,,,,,
New,oikos yogurt triple zero,PRODUCTS,BRANDS,Yogurts,,,,,#DIV/0!,#DIV/0!,0,0,0,0,,,,,,,,,,,,,,,,,,,,,,,,,Yogurt,,,,Oikos,,,,,,,,,,,,,
New,oikos triple 0 yogurt,PRODUCTS,PLANT BASED YOGURTS,Generic,,,,,#DIV/0!,#DIV/0!,0,0,0,0,,,,,,,,,,,,,,,,,,,,,,,,,Yogurt,,,Without,Oikos,,,,,,,,,,,,,
New,contents of greek yogurt,PRODUCTS,PLANT BASED YOGURTS,Generic,,,,,#DIV/0!,#DIV/0!,0,0,0,0,,,,,,,,,,,,,,,,,,,,,,,,,Greek,,,,,,,,,,,,,,,,,
New,ingredients of greek yogurt,HEALTH,COMPOSITION,Generic,,,,,#DIV/0!,#DIV/0!,0,0,0,0,,,,,,,,,,,,,,,,,,,,,,,,,Greek,,,,,,,,,,,,,,,,,
New,collation proteiné,PRODUCTS,PLANT BASED YOGURTS,Generic,,,,,#DIV/0!,#DIV/0!,0,0,0,0,,,,,,,,,,,,,,,,,,,,,,,,,,,,,,,,,,,,,,,,,,
New,ingredients in greek yogurt,HEALTH,COMPOSITION,Generic,,,,,#DIV/0!,#DIV/0!,0,0,0,0,,,,,,,,,,,,,,,,,,,,,,,,,Greek,,,,,,,,,,,,,,,,,
New,oikos yogurt drinks,PRODUCTS,YOGURT DRINKS,Yogurt drinks,,,,,#DIV/0!,#DIV/0!,0,0,0,0,,,,,,,,,,,,,,,,,,,,,,,,,Yogurt,,,,Oikos,,,,,,,,,,,,,
New,oikos yogurt drink,PRODUCTS,YOGURT DRINKS,Yogurt drinks,,,,,#DIV/0!,#DIV/0!,0,0,0,0,,,,,,,,,,,,,,,,,,,,,,,,,Yogurt,,,,Oikos,,,,,,,,,,,,,
New,top canadian yogurt brands,EATING BETTER,ORIGIN,Made in Canada,,,,,#DIV/0!,#DIV/0!,0,0,0,0,,,,,,,,,,,,,,,,,,,,,,,,,Yogurt,,,,,,,,,,,,,,,,,
FR,vinaigrette yogourt grec,RECIPES,RECIPES,Recipes with yogurt,,,,,#DIV/0!,#DIV/0!,0,0,0,0,,,,,,,,,,,,,,,,,,,,,,,,,Greek,,,,,,,,,,,,,,,,,
EN,greek yogurt 0 fat,PRODUCTS,YOGURTS,Greek,,,,,#DIV/0!,#DIV/0!,0,0,0,0,,,,,,,,,,,,,,,,,,,,,,,,,Greek,,,Fat,,,,Fat-free,,,,,,,,,,
New,oikos canadian,PRODUCTS,BRANDS,Danone - generic,,,,,#DIV/0!,#DIV/0!,0,0,0,0,,,,,,,,,,,,,,,,,,,,,,,,,,,,,Oikos,,,,,,,,,,,,,
New,best high protein breakfast,CONSUMER HABITS,MEALS,Breakfast,,,,,#DIV/0!,#DIV/0!,0,0,0,0,,,,,,,,,,,,,,,,,,,,,,,,,,,,,,,,Rich in protein,Best,,Breakfast,,,,,,,
New,high protein muffins with greek yogurt,PRODUCTS,YOGURTS,Greek,,,,,#DIV/0!,#DIV/0!,0,0,0,0,,,,,,,,,,,,,,,,,,,,,,,,,Greek,,,,,,,Rich in protein,,,,,,,,,,
FR,gateau au yogourt,RECIPES,RECIPES,Recipes with yogurt,,,,,#DIV/0!,#DIV/0!,0,0,0,0,,,,,,,,,,,,,,,,,,,,,,,,,Yogurt,,,,,,,,,,,,,,,,,
FR,muffin banane yogourt grec,RECIPES,RECIPES,Recipes with yogurt,,,,,#DIV/0!,#DIV/0!,0,0,0,0,,,,,,,,,,,,,,,,,,,,,,,,,Greek,Banana,,,,,,,,,,,,,,,,
New,best protein greek yogurt,PRODUCTS,PLANT BASED YOGURTS,Generic,,,,,#DIV/0!,#DIV/0!,0,0,0,0,,,,,,,,,,,,,,,,,,,,,,,,,Greek,,,,,,,,Best,,,,,,,,,
New,healthiest yogurt canada,PRODUCTS,YOGURTS,Yogurts,,,,,#DIV/0!,#DIV/0!,0,0,0,0,,,,,,,,,,,,,,,,,,,,,,,,,Yogurt,,,,,,,Healthy,,,,,,,,,,
New,healthiest yogurt in canada,PRODUCTS,YOGURTS,Yogurts,,,,,#DIV/0!,#DIV/0!,0,0,0,0,,,,,,,,,,,,,,,,,,,,,,,,,Yogurt,,,,,,,Healthy,,,,,,,,,,
New,vanilla yogurt oikos,PRODUCTS,YOGURTS,Greek,,,,,#DIV/0!,#DIV/0!,0,0,0,0,,,,,,,,,,,,,,,,,,,,,,,,,Yogurt,Vanilla,,,Oikos,,,,,,,,,,,,,
New,oikos vanilla yogurt,PRODUCTS,YOGURTS,Greek,,,,,#DIV/0!,#DIV/0!,0,0,0,0,,,,,,,,,,,,,,,,,,,,,,,,,Yogurt,Vanilla,,,Oikos,,,,,,,,,,,,,
New,vanilla oikos yogurt,PRODUCTS,PLANT BASED YOGURTS,Generic,,,,,#DIV/0!,#DIV/0!,0,0,0,0,,,,,,,,,,,,,,,,,,,,,,,,,Yogurt,Vanilla,,,Oikos,,,,,,,,,,,,,
New,oikos yogurt vanilla,PRODUCTS,YOGURTS,Greek,,,,,#DIV/0!,#DIV/0!,0,0,0,0,,,,,,,,,,,,,,,,,,,,,,,,,Yogurt,Vanilla,,,Oikos,,,,,,,,,,,,,
EN,0 fat greek yogurt,PRODUCTS,YOGURTS,Greek,,,,,#DIV/0!,#DIV/0!,0,0,0,0,,,,,,,,,,,,,,,,,,,,,,,,,Greek,,,Fat,,,,Fat-free,,,,,,,,,,
New,oikos strawberry yogurt,PRODUCTS,YOGURTS,Greek,,,,,#DIV/0!,#DIV/0!,0,0,0,0,,,,,,,,,,,,,,,,,,,,,,,,,Yogurt,Strawberry,,,Oikos,,,,,,,,,,,,,
New,yoplait protein yogurt,PRODUCTS,YOGURTS,Yogurts,,,,,#DIV/0!,#DIV/0!,0,0,0,0,,,,,,,,,,,,,,,,,,,,,,,,,Yogurt,,,,,,,,,,,,,,,,,
EN,high fat yogurt,PRODUCTS,YOGURTS,Yogurts,,,,,#DIV/0!,#DIV/0!,0,0,0,0,,,,,,,,,,,,,,,,,,,,,,,,,Yogurt,,,Fat,,,,Rich in protein,,,,,,,,,,
New,yogurt protein drinks,PRODUCTS,PLANT BASED YOGURTS,Generic,,,,,#DIV/0!,#DIV/0!,0,0,0,0,,,,,,,,,,,,,,,,,,,,,,,,,Yogurt,,,,,,,,,,,,,,,,,
New,oikos banana yogurt,PRODUCTS,BRANDS,Danone - generic,,,,,#DIV/0!,#DIV/0!,0,0,0,0,,,,,,,,,,,,,,,,,,,,,,,,,Yogurt,Banana,,,Oikos,,,,,,,,,,,,,
New,protein yogurt drinks,PRODUCTS,YOGURT DRINKS,Yogurt drinks,,,,,#DIV/0!,#DIV/0!,0,0,0,0,,,,,,,,,,,,,,,,,,,,,,,,,Yogurt,,,,,,,,,,,,,,,,,
New,source protein yogurt,PRODUCTS,PLANT BASED YOGURTS,Generic,,,,,#DIV/0!,#DIV/0!,0,0,0,0,,,,,,,,,,,,,,,,,,,,,,,,,Yogurt,,,,,,,,,,,,,,,,,
New,yogurt protein drink,PRODUCTS,YOGURT DRINKS,Yogurt drinks,,,,,#DIV/0!,#DIV/0!,0,0,0,0,,,,,,,,,,,,,,,,,,,,,,,,,Yogurt,,,,,,,,,,,,,,,,,
FR,gateau yogourt,RECIPES,RECIPES,Recipes with yogurt,,,,,#DIV/0!,#DIV/0!,0,0,0,0,,,,,,,,,,,,,,,,,,,,,,,,,Yogurt,,,,,,,,,,,,,,,,,
EN,lactose free greek yogurt canada,PRODUCTS,YOGURTS,Greek,,,,,#DIV/0!,#DIV/0!,0,0,0,0,,,,,,,,,,,,,,,,,,,,,,,,,Greek,,,Lactose,,,,,,,,,,,,,,
EN,fat free yogurt,PRODUCTS,YOGURTS,Yogurts,,,,,#DIV/0!,#DIV/0!,0,0,0,0,,,,,,,,,,,,,,,,,,,,,,,,,Yogurt,,,Fat,,,,Fat-free,,,,,,,,,,
New,healthy blueberry muffins greek yogurt,PRODUCTS,PLANT BASED YOGURTS,Generic,,,,,#DIV/0!,#DIV/0!,0,0,0,0,,,,,,,,,,,,,,,,,,,,,,,,,Greek,Blueberry,,,,,,Healthy,,,,,,,,,,
FR,trempette yogourt grec pour légumes,PRODUCTS,YOGURTS,Greek,,,,,#DIV/0!,#DIV/0!,0,0,0,0,,,,,,,,,,,,,,,,,,,,,,,,,Greek,,,,,,,,,,,,,,,,,
FR,pain aux bananes yogourt grec,RECIPES,RECIPES,Recipes with yogurt,,,,,#DIV/0!,#DIV/0!,0,0,0,0,,,,,,,,,,,,,,,,,,,,,,,,,Greek,Banana,,,,,,,,,,,,,,,,
EN,oikos greek yogurt nutrition 100g,EATING BETTER,HEALTHIER EATING,Labels & scoring,,,,,#DIV/0!,#DIV/0!,0,0,0,0,,,,,,,,,,,,,,,,,,,,,,,,,Greek,,Gram,Without,Oikos,,,,,,,,,,,,,
New,oikos pro yogurt drink,PRODUCTS,YOGURT DRINKS,Yogurt drinks,,,,,#DIV/0!,#DIV/0!,0,0,0,0,,,,,,,,,,,,,,,,,,,,,,,,,Yogurt,,,,Oikos,,,,,,,,,,,,,
EN,oikos key lime greek yogurt,PRODUCTS,YOGURTS,Greek,,,,,#DIV/0!,#DIV/0!,0,0,0,0,,,,,,,,,,,,,,,,,,,,,,,,,Greek,Lime,,,Oikos,,,,,,,,,,,,,
New,déjeuner santé protéiné,CONSUMER HABITS,MEALS,Lunch,,,,,#DIV/0!,#DIV/0!,0,0,0,0,,,,,,,,,,,,,,,,,,,,,,,,,,,,,,,,,,,Lunch,,,,,,,
New,1 2 cup greek yogurt protein,PRODUCTS,PLANT BASED YOGURTS,Generic,,,,,#DIV/0!,#DIV/0!,0,0,0,0,,,,,,,,,,,,,,,,,,,,,,,,,Greek,,Cup,,,,,,,,,,,,,,,
New,oikos cappuccino yogurt,PRODUCTS,YOGURTS,Greek,,,,,#DIV/0!,#DIV/0!,0,0,0,0,,,,,,,,,,,,,,,,,,,,,,,,,Yogurt,Cappuccino,,,Oikos,,,,,,,,,,,,,
New,skyr yogourt,PRODUCTS,YOGURTS,Skyr,,,,,#DIV/0!,#DIV/0!,0,0,0,0,,,,,,,,,,,,,,,,,,,,,,,,,Skyr,,,,,,,,,,,,,,,,,
New,milk made in canada,EATING BETTER,ORIGIN,Made in Canada,,,,,#DIV/0!,#DIV/0!,0,0,0,0,,,,,,,,,,,,,,,,,,,,,,,,,,,,Milk,,,,,,,,,,,,,,
New,collations protéinées,PRODUCTS,PLANT BASED YOGURTS,Generic,,,,,#DIV/0!,#DIV/0!,0,0,0,0,,,,,,,,,,,,,,,,,,,,,,,,,,,,,,,,,,,,,,,,,,
New,oikos pro yogurt canada,PRODUCTS,YOGURTS,Greek,,,,,#DIV/0!,#DIV/0!,0,0,0,0,,,,,,,,,,,,,,,,,,,,,,,,,Yogurt,,,,Oikos,,,,,,,,,,,,,
FR,yaourt proteine,PRODUCTS,YOGURTS,Yogurts,,,,,#DIV/0!,#DIV/0!,0,0,0,0,,,,,,,,,,,,,,,,,,,,,,,,,Yogurt,,,Protein,,,,,,,,,,,,,,
New,greek yogurt sugar free,PRODUCTS,YOGURTS,Greek,,,,,#DIV/0!,#DIV/0!,0,0,0,0,,,,,,,,,,,,,,,,,,,,,,,,,Greek,,,Sugar,,,,,,,,,,,,,,
New,what yogurt is the healthiest,PRODUCTS,YOGURTS,Yogurts,,,,,#DIV/0!,#DIV/0!,0,0,0,0,,,,,,,,,,,,,,,,,,,,,,,,,Yogurt,,,,,,,Healthy,,,,,,,,,,
EN,greek yogurt protein per 100g,PRODUCTS,YOGURTS,Greek,,,,,#DIV/0!,#DIV/0!,0,0,0,0,,,,,,,,,,,,,,,,,,,,,,,,,Greek,,Gram,Protein,,,,,,,,,,,,,,
New,what is healthiest yogurt,PRODUCTS,PLANT BASED YOGURTS,Generic,,,,,#DIV/0!,#DIV/0!,0,0,0,0,,,,,,,,,,,,,,,,,,,,,,,,,Yogurt,,,,,,,Healthy,,,,,,,,,,
New,best yogurt in canada,PRODUCTS,YOGURTS,Yogurts,,,,,#DIV/0!,#DIV/0!,0,0,0,0,,,,,,,,,,,,,,,,,,,,,,,,,Yogurt,,,,,,,,Best,,,,,,,,,
EN,sugar free yogurt canada,PRODUCTS,YOGURTS,Yogurts,,,,,#DIV/0!,#DIV/0!,0,0,0,0,,,,,,,,,,,,,,,,,,,,,,,,,Yogurt,,,Sugar,,,,,,,,,,,,,,
New,does greek yogurt have protein,PRODUCTS,YOGURTS,Greek,,,,,#DIV/0!,#DIV/0!,0,0,0,0,,,,,,,,,,,,,,,,,,,,,,,,,Greek,,,,,,,,,,,,,,,,,
New,oikos greek yogurt 0,PRODUCTS,YOGURTS,Greek,,,,,#DIV/0!,#DIV/0!,0,0,0,0,,,,,,,,,,,,,,,,,,,,,,,,,Greek,,,Without,Oikos,,,,,,,,,,,,,
New,what are the healthiest yogurts,PRODUCTS,YOGURTS,Yogurts,,,,,#DIV/0!,#DIV/0!,0,0,0,0,,,,,,,,,,,,,,,,,,,,,,,,,Yogurt,,,,,,,Healthy,,,,,,,,,,
New,what are healthy yogurts,PRODUCTS,PLANT BASED YOGURTS,Generic,,,,,#DIV/0!,#DIV/0!,0,0,0,0,,,,,,,,,,,,,,,,,,,,,,,,,Yogurt,,,,,,,Healthy,,,,,,,,,,
EN,cappuccino yogurt,PRODUCTS,YOGURTS,Yogurts,,,,,#DIV/0!,#DIV/0!,0,0,0,0,,,,,,,,,,,,,,,,,,,,,,,,,Yogurt,Cappuccino,,,,,,,,,,,,,,,,
New,oikos triple zero greek yogurt,PRODUCTS,YOGURTS,Greek,,,,,#DIV/0!,#DIV/0!,0,0,0,0,,,,,,,,,,,,,,,,,,,,,,,,,Greek,,,,Oikos,,,,,,,,,,,,,
New,high protein breakfast foods,PRODUCTS,PLANT BASED YOGURTS,Generic,,,,,#DIV/0!,#DIV/0!,0,0,0,0,,,,,,,,,,,,,,,,,,,,,,,,,,,,,,,,Rich in protein,,,,,,,,,,
New,oikos greek yogurt key lime,PRODUCTS,YOGURTS,Greek,,,,,#DIV/0!,#DIV/0!,0,0,0,0,,,,,,,,,,,,,,,,,,,,,,,,,Greek,Lime,,,Oikos,,,,,,,,,,,,,
New,best yogurt canada,PRODUCTS,YOGURTS,Yogurts,,,,,#DIV/0!,#DIV/0!,0,0,0,0,,,,,,,,,,,,,,,,,,,,,,,,,Yogurt,,,,,,,,Best,,,,,,,,,
New,what is the healthiest yogurt,PRODUCTS,YOGURTS,Yogurts,,,,,#DIV/0!,#DIV/0!,0,0,0,0,,,,,,,,,,,,,,,,,,,,,,,,,Yogurt,,,,,,,Healthy,,,,,,,,,,
New,oikos greek yogurt triple zero,PRODUCTS,YOGURTS,Greek,,,,,#DIV/0!,#DIV/0!,0,0,0,0,,,,,,,,,,,,,,,,,,,,,,,,,Greek,,,,Oikos,,,,,,,,,,,,,
New,what yogurt is healthiest,PRODUCTS,PLANT BASED YOGURTS,Generic,,,,,#DIV/0!,#DIV/0!,0,0,0,0,,,,,,,,,,,,,,,,,,,,,,,,,Yogurt,,,,,,,Healthy,,,,,,,,,,
FR,oikos high protein,PRODUCTS,BRANDS,Danone - generic,,,,,#DIV/0!,#DIV/0!,0,0,0,0,,,,,,,,,,,,,,,,,,,,,,,,,,,,,Oikos,,,Rich in protein,,,,,,,,,,
New,ratio protein yogurt,PRODUCTS,YOGURTS,Yogurts,,,,,#DIV/0!,#DIV/0!,0,0,0,0,,,,,,,,,,,,,,,,,,,,,,,,,Yogurt,,,,,,,,,,,,,,,,,
EN,oikos pro greek yogurt,PRODUCTS,YOGURTS,Greek,,,,,#DIV/0!,#DIV/0!,0,0,0,0,,,,,,,,,,,,,,,,,,,,,,,,,Greek,,,,Oikos,,,,,,,,,,,,,
New,too good yogurt canada,PRODUCTS,PLANT BASED YOGURTS,Generic,,,,,#DIV/0!,#DIV/0!,0,0,0,0,,,,,,,,,,,,,,,,,,,,,,,,,Yogurt,,,,,,,,Good or bad,,,,,,,,,
FR,recette pancake proteine,RECIPES,RECIPES,Cakes,,,,,#DIV/0!,#DIV/0!,0,0,0,0,,,,,,,,,,,,,,,,,,,,,,,,,,,,Protein,,,,,,,,,,,,,,
FR,sauce yogourt grec,RECIPES,RECIPES,Recipes with yogurt,,,,,#DIV/0!,#DIV/0!,0,0,0,0,,,,,,,,,,,,,,,,,,,,,,,,,Greek,,,,,,,,,,,,,,,,,
New,canadian yogurt brands list,EATING BETTER,ORIGIN,Made in Canada,,,,,#DIV/0!,#DIV/0!,0,0,0,0,,,,,,,,,,,,,,,,,,,,,,,,,Yogurt,,,,,,,,,,,,,,,,,
New,protein banana bread greek yogurt,PRODUCTS,YOGURTS,Greek,,,,,#DIV/0!,#DIV/0!,0,0,0,0,,,,,,,,,,,,,,,,,,,,,,,,,Greek,Banana,,,,,,,,,,,,,,,,
FR,recette avec yogourt grec nature,RECIPES,RECIPES,Recipes with yogurt,,,,,#DIV/0!,#DIV/0!,0,0,0,0,,,,,,,,,,,,,,,,,,,,,,,,,Greek,Plain,,,,,,,,,,,,,,,,
EN,oikos 0 greek yogurt,PRODUCTS,YOGURTS,Greek,,,,,#DIV/0!,#DIV/0!,0,0,0,0,,,,,,,,,,,,,,,,,,,,,,,,,Greek,,,Without,Oikos,,,,,,,,,,,,,
New,yogurt for lactose intolerant,HEALTH,ALLERGIES & INTOLERANCES,Lactose intolerance,,,,,#DIV/0!,#DIV/0!,0,0,0,0,,,,,,,,,,,,,,,,,,,,,,,,,Yogurt,,,Lactose,,,,,,,,,,,,,,
New,greek yogurt macro,PRODUCTS,PLANT BASED YOGURTS,Generic,,,,,#DIV/0!,#DIV/0!,0,0,0,0,,,,,,,,,,,,,,,,,,,,,,,,,Greek,,,,,,,,,,,,,,,,,
New,lactose intolerance yogurt,HEALTH,ALLERGIES & INTOLERANCES,Lactose intolerance,,,,,#DIV/0!,#DIV/0!,0,0,0,0,,,,,,,,,,,,,,,,,,,,,,,,,Yogurt,,,Lactose,,,,,,,,,,,,,,
New,what is greek yogurt made of,PRODUCTS,YOGURTS,Greek,,,,,#DIV/0!,#DIV/0!,0,0,0,0,,,,,,,,,,,,,,,,,,,,,,,,,Greek,,,,,,,,,,,,,,,,,
FR,gateau farine d amande,RECIPES,RECIPES,Cakes,,,,,#DIV/0!,#DIV/0!,0,0,0,0,,,,,,,,,,,,,,,,,,,,,,,,,,Almond,,,,,,,,,,,,,,,,
New,greek yogurt macros,PRODUCTS,YOGURTS,Greek,,,,,#DIV/0!,#DIV/0!,0,0,0,0,,,,,,,,,,,,,,,,,,,,,,,,,Greek,,,,,,,,,,,,,,,,,
New,dairy intolerance yogurt,PRODUCTS,PLANT BASED YOGURTS,Generic,,,,,#DIV/0!,#DIV/0!,0,0,0,0,,,,,,,,,,,,,,,,,,,,,,,,,Yogurt,,,Dairy,,,,,,,,,,,,,,
FR,recette avec du yogourt grec nature,RECIPES,RECIPES,Recipes with yogurt,,,,,#DIV/0!,#DIV/0!,0,0,0,0,,,,,,,,,,,,,,,,,,,,,,,,,Greek,Plain,,,,,,,,,,,,,,,,
New,yogur griego,PRODUCTS,YOGURTS,Greek,,,,,#DIV/0!,#DIV/0!,0,0,0,0,,,,,,,,,,,,,,,,,,,,,,,,,Yogurt,,,,,,,,,,,,,,,,,
New,greek yogurt made in canada,PRODUCTS,YOGURTS,Greek,,,,,#DIV/0!,#DIV/0!,0,0,0,0,,,,,,,,,,,,,,,,,,,,,,,,,Greek,,,,,,,,,,,,,,,,,
New,two good yogourt,PRODUCTS,PLANT BASED YOGURTS,Generic,,,,,#DIV/0!,#DIV/0!,0,0,0,0,,,,,,,,,,,,,,,,,,,,,,,,,Yogurt,,,,,,,,Good or bad,,,,,,,,,
New,yogourt olympic,PRODUCTS,PLANT BASED YOGURTS,Generic,,,,,#DIV/0!,#DIV/0!,0,0,0,0,,,,,,,,,,,,,,,,,,,,,,,,,Yogurt,,,,,,,,,,,,,,,,,
New,what yogurt is canadian,EATING BETTER,ORIGIN,Made in Canada,,,,,#DIV/0!,#DIV/0!,0,0,0,0,,,,,,,,,,,,,,,,,,,,,,,,,Yogurt,,,,,,,,,,,,,,,,,
New,zero sugar yogurt,PRODUCTS,YOGURTS,Yogurts,,,,,#DIV/0!,#DIV/0!,0,0,0,0,,,,,,,,,,,,,,,,,,,,,,,,,Yogurt,,,Sugar,,,,,,,,,,,,,,
New,greek yogurt with less sugar,PRODUCTS,YOGURTS,Greek,,,,,#DIV/0!,#DIV/0!,0,0,0,0,,,,,,,,,,,,,,,,,,,,,,,,,Greek,,,Sugar,,,,,,,,,,,,,,
New,greek yogurt with least sugar,PRODUCTS,PLANT BASED YOGURTS,Generic,,,,,#DIV/0!,#DIV/0!,0,0,0,0,,,,,,,,,,,,,,,,,,,,,,,,,Greek,,,Sugar,,,,,,,,,,,,,,
New,yogurt with zero sugar,PRODUCTS,YOGURTS,Yogurts,,,,,#DIV/0!,#DIV/0!,0,0,0,0,,,,,,,,,,,,,,,,,,,,,,,,,Yogurt,,,Sugar,,,,,,,,,,,,,,
New,yogurt zero sugar,PRODUCTS,YOGURTS,Yogurts,,,,,#DIV/0!,#DIV/0!,0,0,0,0,,,,,,,,,,,,,,,,,,,,,,,,,Yogurt,,,Sugar,,,,,,,,,,,,,,
New,how much protein is in greek yogurt,PRODUCTS,YOGURTS,Greek,,,,,#DIV/0!,#DIV/0!,0,0,0,0,,,,,,,,,,,,,,,,,,,,,,,,,Greek,,,,,,,,,,,,,,,,,
FR,recette avec yogourt,RECIPES,RECIPES,Recipes with yogurt,,,,,#DIV/0!,#DIV/0!,0,0,0,0,,,,,,,,,,,,,,,,,,,,,,,,,Yogurt,,,,,,,,,,,,,,,,,
New,greek yogurt healthy,PRODUCTS,PLANT BASED YOGURTS,Generic,,,,,#DIV/0!,#DIV/0!,0,0,0,0,,,,,,,,,,,,,,,,,,,,,,,,,Greek,,,,,,,Healthy,,,,,,,,,,
New,best greek yogurt for weight loss,PRODUCTS,YOGURTS,Greek,,,,,#DIV/0!,#DIV/0!,0,0,0,0,,,,,,,,,,,,,,,,,,,,,,,,,Greek,,,,,,,,Best,,,,,,,,,
New,greek yogurt low sugar,PRODUCTS,YOGURTS,Greek,,,,,#DIV/0!,#DIV/0!,0,0,0,0,,,,,,,,,,,,,,,,,,,,,,,,,Greek,,,Sugar,,,,,,,,,,,,,,
New,reduced sugar greek yogurt,PRODUCTS,PLANT BASED YOGURTS,Generic,,,,,#DIV/0!,#DIV/0!,0,0,0,0,,,,,,,,,,,,,,,,,,,,,,,,,Greek,,,Sugar,,,,,,,,,,,,,,
New,greek yogurt with low sugar,PRODUCTS,YOGURTS,Greek,,,,,#DIV/0!,#DIV/0!,0,0,0,0,,,,,,,,,,,,,,,,,,,,,,,,,Greek,,,Sugar,,,,,,,,,,,,,,
New,greek yogurt lowest sugar,PRODUCTS,PLANT BASED YOGURTS,Generic,,,,,#DIV/0!,#DIV/0!,0,0,0,0,,,,,,,,,,,,,,,,,,,,,,,,,Greek,,,Sugar,,,,,,,,,,,,,,
New,greek yogurt for weight loss,PRODUCTS,YOGURTS,Greek,,,,,#DIV/0!,#DIV/0!,0,0,0,0,,,,,,,,,,,,,,,,,,,,,,,,,Greek,,,,,,,,,,,,,,,,,
New,lowest sugar greek yogurt,PRODUCTS,YOGURTS,Greek,,,,,#DIV/0!,#DIV/0!,0,0,0,0,,,,,,,,,,,,,,,,,,,,,,,,,Greek,,,Sugar,,,,,,,,,,,,,,
New,oikos strawberry cheesecake yogurt,PRODUCTS,YOGURTS,Greek,,,,,#DIV/0!,#DIV/0!,0,0,0,0,,,,,,,,,,,,,,,,,,,,,,,,,Yogurt,Cheesecake,,,Oikos,,,,,,,,,,,,,
New,best greek yogurt for losing weight,PRODUCTS,PLANT BASED YOGURTS,Generic,,,,,#DIV/0!,#DIV/0!,0,0,0,0,,,,,,,,,,,,,,,,,,,,,,,,,Greek,,,,,,,,Best,,,,,,,,,
New,greek yogurt low in sugar,PRODUCTS,YOGURTS,Greek,,,,,#DIV/0!,#DIV/0!,0,0,0,0,,,,,,,,,,,,,,,,,,,,,,,,,Greek,,,Sugar,,,,,,,,,,,,,,
New,where is oikos greek yogurt made,PRODUCTS,YOGURTS,Greek,,,,,#DIV/0!,#DIV/0!,0,0,0,0,,,,,,,,,,,,,,,,,,,,,,,,,Greek,,,,Oikos,,,,,,,,,,,,,
New,healthiest greek yogurt,PRODUCTS,YOGURTS,Greek,,,,,#DIV/0!,#DIV/0!,0,0,0,0,,,,,,,,,,,,,,,,,,,,,,,,,Greek,,,,,,,Healthy,,,,,,,,,,
New,greek yogurt with the lowest sugar,PRODUCTS,PLANT BASED YOGURTS,Generic,,,,,#DIV/0!,#DIV/0!,0,0,0,0,,,,,,,,,,,,,,,,,,,,,,,,,Greek,,,Sugar,,,,,,,,,,,,,,
FR,pain aux bananes avec yogourt,RECIPES,RECIPES,Recipes with yogurt,,,,,#DIV/0!,#DIV/0!,0,0,0,0,,,,,,,,,,,,,,,,,,,,,,,,,Yogurt,Banana,,,,,,,,,,,,,,,,
EN,sugar free greek yogurt,PRODUCTS,YOGURTS,Greek,,,,,#DIV/0!,#DIV/0!,0,0,0,0,,,,,,,,,,,,,,,,,,,,,,,,,Greek,,,Sugar,,,,,,,,,,,,,,
New,oikos yogurt cups,PRODUCTS,YOGURTS,Greek,,,,,#DIV/0!,#DIV/0!,0,0,0,0,,,,,,,,,,,,,,,,,,,,,,,,,Yogurt,,Cup,,Oikos,,,,,,,,,,,,,
FR,pain au banane avec yogourt,RECIPES,RECIPES,Recipes with yogurt,,,,,#DIV/0!,#DIV/0!,0,0,0,0,,,,,,,,,,,,,,,,,,,,,,,,,Yogurt,Banana,,,,,,,,,,,,,,,,
FR,yaourt sans lactose,PRODUCTS,YOGURTS,Yogurts,,,,,#DIV/0!,#DIV/0!,0,0,0,0,,,,,,,,,,,,,,,,,,,,,,,,,Yogurt,,,Lactose,,,,,,,,,,,,,,
New,yaourts sans lactose,PRODUCTS,PLANT BASED YOGURTS,Generic,,,,,#DIV/0!,#DIV/0!,0,0,0,0,,,,,,,,,,,,,,,,,,,,,,,,,Yogurt,,,Lactose,,,,,,,,,,,,,,
New,protein in 1 cup yogurt,PRODUCTS,PLANT BASED YOGURTS,Generic,,,,,#DIV/0!,#DIV/0!,0,0,0,0,,,,,,,,,,,,,,,,,,,,,,,,,Yogurt,,Cup,,,,,,,,,,,,,,,
FR,gâteau moelleux au yogourt,RECIPES,RECIPES,Recipes with yogurt,,,,,#DIV/0!,#DIV/0!,0,0,0,0,,,,,,,,,,,,,,,,,,,,,,,,,Yogurt,,,,,,,,,,,,,,,,,
New,oikos yogurt cup,PRODUCTS,YOGURTS,Greek,,,,,#DIV/0!,#DIV/0!,0,0,0,0,,,,,,,,,,,,,,,,,,,,,,,,,Yogurt,,Cup,,Oikos,,,,,,,,,,,,,
New,oikos high protein yogurt drink,PRODUCTS,YOGURT DRINKS,Yogurt drinks,,,,,#DIV/0!,#DIV/0!,0,0,0,0,,,,,,,,,,,,,,,,,,,,,,,,,Yogurt,,,,Oikos,,,Rich in protein,,,,,,,,,,
EN,oikos greek yogurt high protein,PRODUCTS,YOGURTS,Greek,,,,,#DIV/0!,#DIV/0!,0,0,0,0,,,,,,,,,,,,,,,,,,,,,,,,,Greek,,,Protein,Oikos,,,Rich in protein,,,,,,,,,,
New,healthy snacks protein,PRODUCTS,PLANT BASED YOGURTS,Generic,,,,,#DIV/0!,#DIV/0!,0,0,0,0,,,,,,,,,,,,,,,,,,,,,,,,,,,,,,,,Healthy,,,,,,,,,,
New,healthy snack with protein,PRODUCTS,PLANT BASED YOGURTS,Generic,,,,,#DIV/0!,#DIV/0!,0,0,0,0,,,,,,,,,,,,,,,,,,,,,,,,,,,,,,,,Healthy,,,,,,,,,,
New,protein healthy snacks,PRODUCTS,PLANT BASED YOGURTS,Generic,,,,,#DIV/0!,#DIV/0!,0,0,0,0,,,,,,,,,,,,,,,,,,,,,,,,,,,,,,,,Healthy,,,,,,,,,,
New,blueberry greek yogurt,PRODUCTS,PLANT BASED YOGURTS,Generic,,,,,#DIV/0!,#DIV/0!,0,0,0,0,,,,,,,,,,,,,,,,,,,,,,,,,Greek,Blueberry,,,,,,,,,,,,,,,,
New,greek yogurt calcium,HEALTH,FOOD SUPPLEMENTS,Calcium,,,,,#DIV/0!,#DIV/0!,0,0,0,0,,,,,,,,,,,,,,,,,,,,,,,,,Greek,,,Calcium,,,,,,,,,,,,,,
EN,oikos greek yogurt & protein,PRODUCTS,YOGURTS,Greek,,,,,#DIV/0!,#DIV/0!,0,0,0,0,,,,,,,,,,,,,,,,,,,,,,,,,Greek,,,Protein,Oikos,,,,,,,,,,,,,
EN,low sugar greek yogurt,PRODUCTS,YOGURTS,Greek,,,,,#DIV/0!,#DIV/0!,0,0,0,0,,,,,,,,,,,,,,,,,,,,,,,,,Greek,,,Sugar,,,,,,,,,,,,,,
FR,pain aux bananes et yogourt,RECIPES,RECIPES,Recipes with yogurt,,,,,#DIV/0!,#DIV/0!,0,0,0,0,,,,,,,,,,,,,,,,,,,,,,,,,Yogurt,Banana,,,,,,,,,,,,,,,,
New,foods with a lot of protein,PRODUCTS,PLANT BASED YOGURTS,Generic,,,,,#DIV/0!,#DIV/0!,0,0,0,0,,,,,,,,,,,,,,,,,,,,,,,,,,,,,,,,,,,,,,,,,,
New,greek yogurt recipes breakfast,PRODUCTS,PLANT BASED YOGURTS,Generic,,,,,#DIV/0!,#DIV/0!,0,0,0,0,,,,,,,,,,,,,,,,,,,,,,,,,Greek,,,,,,,,,,,,,,,,,
New,calcium in greek yogurt,HEALTH,FOOD SUPPLEMENTS,Calcium,,,,,#DIV/0!,#DIV/0!,0,0,0,0,,,,,,,,,,,,,,,,,,,,,,,,,Greek,,,Calcium,,,,,,,,,,,,,,
EN,oasis yogurt,PRODUCTS,YOGURTS,Yogurts,,,,,#DIV/0!,#DIV/0!,0,0,0,0,,,,,,,,,,,,,,,,,,,,,,,,,Yogurt,,,,,,,,,,,,,,,,,
FR,collation protéinée maison,CONSUMER HABITS,MEALS,Snack,,,,,#DIV/0!,#DIV/0!,0,0,0,0,,,,,,,,,,,,,,,,,,,,,,,,,,,,,,,,Rich in protein,,,Snack,,,,,,,
New,why is yogurt healthy,PRODUCTS,PLANT BASED YOGURTS,Generic,,,,,#DIV/0!,#DIV/0!,0,0,0,0,,,,,,,,,,,,,,,,,,,,,,,,,Yogurt,,,,,,,Healthy,,,,,,,,,,
FR,recette avec du yogourt,RECIPES,RECIPES,Recipes with yogurt,,,,,#DIV/0!,#DIV/0!,0,0,0,0,,,,,,,,,,,,,,,,,,,,,,,,,Yogurt,,,,,,,,,,,,,,,,,
New,who makes oikos yogurt,PRODUCTS,YOGURTS,Greek,,,,,#DIV/0!,#DIV/0!,0,0,0,0,,,,,,,,,,,,,,,,,,,,,,,,,Yogurt,,,,Oikos,,,,,,,,,,,,,
New,protein easy breakfast,PRODUCTS,PLANT BASED YOGURTS,Generic,,,,,#DIV/0!,#DIV/0!,0,0,0,0,,,,,,,,,,,,,,,,,,,,,,,,,,,,,,,,,,,,,,,,,,
New,oikos pro canada where to buy,PRODUCTS,YOGURTS,Yogurts,,,,,#DIV/0!,#DIV/0!,0,0,0,0,,,,,,,,,,,,,,,,,,,,,,,,,,,,,Oikos,,,,,,,,,,,,,
New,easy protein breakfasts,PRODUCTS,PLANT BASED YOGURTS,Generic,,,,,#DIV/0!,#DIV/0!,0,0,0,0,,,,,,,,,,,,,,,,,,,,,,,,,,,,,,,,,,,,,,,,,,
New,protein filled meals,PRODUCTS,PLANT BASED YOGURTS,Generic,,,,,#DIV/0!,#DIV/0!,0,0,0,0,,,,,,,,,,,,,,,,,,,,,,,,,,,,,,,,,,,,,,,,,,
New,pc yogurt,PRODUCTS,PLANT BASED YOGURTS,Generic,,,,,#DIV/0!,#DIV/0!,0,0,0,0,,,,,,,,,,,,,,,,,,,,,,,,,Yogurt,,,,,,,,,,,,,,,,,
New,greek nonfat yogurt,PRODUCTS,YOGURTS,Greek,,,,,#DIV/0!,#DIV/0!,0,0,0,0,,,,,,,,,,,,,,,,,,,,,,,,,Greek,,,Fat,,,,,,,,,,,,,,
EN,nonfat greek yogurt,PRODUCTS,YOGURTS,Greek,,,,,#DIV/0!,#DIV/0!,0,0,0,0,,,,,,,,,,,,,,,,,,,,,,,,,Greek,,,Fat,,,,,,,,,,,,,,
New,high protein quick snacks,PRODUCTS,PLANT BASED YOGURTS,Generic,,,,,#DIV/0!,#DIV/0!,0,0,0,0,,,,,,,,,,,,,,,,,,,,,,,,,,,,,,,,Rich in protein,,,,,,,,,,
New,high protein yogurt low sugar,PRODUCTS,PLANT BASED YOGURTS,Generic,,,,,#DIV/0!,#DIV/0!,0,0,0,0,,,,,,,,,,,,,,,,,,,,,,,,,Yogurt,,,Sugar,,,,Rich in protein,,,,,,,,,,
New,yogurt low sugar high protein,PRODUCTS,PLANT BASED YOGURTS,Generic,,,,,#DIV/0!,#DIV/0!,0,0,0,0,,,,,,,,,,,,,,,,,,,,,,,,,Yogurt,,,Sugar,,,,Rich in protein,,,,,,,,,,
New,yogurt high protein low sugar,PRODUCTS,PLANT BASED YOGURTS,Generic,,,,,#DIV/0!,#DIV/0!,0,0,0,0,,,,,,,,,,,,,,,,,,,,,,,,,Yogurt,,,Sugar,,,,Rich in protein,,,,,,,,,,
New,high protein low sugar yogurt,PRODUCTS,YOGURTS,Yogurts,,,,,#DIV/0!,#DIV/0!,0,0,0,0,,,,,,,,,,,,,,,,,,,,,,,,,Yogurt,,,Sugar,,,,Rich in protein,,,,,,,,,,
EN,is oikos greek yogurt,PRODUCTS,YOGURTS,Greek,,,,,#DIV/0!,#DIV/0!,0,0,0,0,,,,,,,,,,,,,,,,,,,,,,,,,Greek,,,,Oikos,,,,,,,,,,,,,
New,liquid yogurt,PRODUCTS,YOGURT DRINKS,Yogurt drinks,,,,,#DIV/0!,#DIV/0!,0,0,0,0,,,,,,,,,,,,,,,,,,,,,,,,,Yogurt,,,,,,,,,,,,,,,,,
New,yogourt grec maxi,PRODUCTS,PLANT BASED YOGURTS,Generic,,,,,#DIV/0!,#DIV/0!,0,0,0,0,,,,,,,,,,,,,,,,,,,,,,,,,Yogurt,,,,,Maxi,,,,,,,,,,,,
New,yogurt high in protein low in sugar,PRODUCTS,PLANT BASED YOGURTS,Generic,,,,,#DIV/0!,#DIV/0!,0,0,0,0,,,,,,,,,,,,,,,,,,,,,,,,,Yogurt,,,Sugar,,,,Rich in protein,,,,,,,,,,
New,benefits of eating yogurt,PRODUCTS,YOGURTS,Yogurts,,,,,#DIV/0!,#DIV/0!,0,0,0,0,,,,,,,,,,,,,,,,,,,,,,,,,Yogurt,,,,,,,,,,,,,,,,,
New,what to make with greek yogurt,RECIPES,RECIPES,Recipes with yogurt,,,,,#DIV/0!,#DIV/0!,0,0,0,0,,,,,,,,,,,,,,,,,,,,,,,,,Greek,,,,,,,,,,,,,,,,,
FR,recette avec yogourt passé date,RECIPES,RECIPES,Recipes with yogurt,,,,,#DIV/0!,#DIV/0!,0,0,0,0,,,,,,,,,,,,,,,,,,,,,,,,,Yogurt,,,,,,,,,,,,,,,,,
New,lactose yogurt,PRODUCTS,YOGURTS,Yogurts,,,,,#DIV/0!,#DIV/0!,0,0,0,0,,,,,,,,,,,,,,,,,,,,,,,,,Yogurt,,,Lactose,,,,,,,,,,,,,,
New,low sugar high protein yogurt,PRODUCTS,YOGURTS,Yogurts,,,,,#DIV/0!,#DIV/0!,0,0,0,0,,,,,,,,,,,,,,,,,,,,,,,,,Yogurt,,,Sugar,,,,Rich in protein,,,,,,,,,,
FR,pain banane yogourt grec,RECIPES,RECIPES,Recipes with yogurt,,,,,#DIV/0!,#DIV/0!,0,0,0,0,,,,,,,,,,,,,,,,,,,,,,,,,Greek,Banana,,,,,,,,,,,,,,,,
New,quick high protein snacks,PRODUCTS,PLANT BASED YOGURTS,Generic,,,,,#DIV/0!,#DIV/0!,0,0,0,0,,,,,,,,,,,,,,,,,,,,,,,,,,,,,,,,Rich in protein,,,,,,,,,,
New,liberte grec,PRODUCTS,YOGURTS,Greek,,,,,#DIV/0!,#DIV/0!,0,0,0,0,,,,,,,,,,,,,,,,,,,,,,,,,,,,,Liberte,,,,,,,,,,,,,
New,yogourt sans produit laitier,PRODUCTS,YOGURTS,Yogurts,,,,,#DIV/0!,#DIV/0!,0,0,0,0,,,,,,,,,,,,,,,,,,,,,,,,,Yogurt,,,Without,,,,,,,,,,,,,,
New,yogourt sans produits laitiers,PRODUCTS,YOGURTS,Yogurts,,,,,#DIV/0!,#DIV/0!,0,0,0,0,,,,,,,,,,,,,,,,,,,,,,,,,Yogurt,,,Without,,,,,,,,,,,,,,
New,dairy products canada,PRODUCTS,PLANT BASED YOGURTS,Generic,,,,,#DIV/0!,#DIV/0!,0,0,0,0,,,,,,,,,,,,,,,,,,,,,,,,,,,,Dairy,,,,,,,,,,,,,,
New,canadian brand yogurt,EATING BETTER,ORIGIN,Made in Canada,,,,,#DIV/0!,#DIV/0!,0,0,0,0,,,,,,,,,,,,,,,,,,,,,,,,,Yogurt,,,,,,,,,,,,,,,,,
New,is oikos yogurt greek yogurt,PRODUCTS,PLANT BASED YOGURTS,Generic,,,,,#DIV/0!,#DIV/0!,0,0,0,0,,,,,,,,,,,,,,,,,,,,,,,,,Greek,,,,Oikos,,,,,,,,,,,,,
New,oikos yogurt lactose free,PRODUCTS,BRANDS,Danone - generic,,,,,#DIV/0!,#DIV/0!,0,0,0,0,,,,,,,,,,,,,,,,,,,,,,,,,Yogurt,,,Lactose,Oikos,,,,,,,,,,,,,
New,high protein yogurt bowl,PRODUCTS,PLANT BASED YOGURTS,Generic,,,,,#DIV/0!,#DIV/0!,0,0,0,0,,,,,,,,,,,,,,,,,,,,,,,,,Yogurt,,,,,,,Rich in protein,,,,,,,,,,
New,making greek yogurt at home,PRODUCTS,PLANT BASED YOGURTS,Generic,,,,,#DIV/0!,#DIV/0!,0,0,0,0,,,,,,,,,,,,,,,,,,,,,,,,,Greek,,,,,,,,,,,,,,,,,
New,high protein snacks to buy,CONSUMER HABITS,MEALS,Snack,,,,,#DIV/0!,#DIV/0!,0,0,0,0,,,,,,,,,,,,,,,,,,,,,,,,,,,,,,,,Rich in protein,,,Snack,,,,,,,
New,collation santé protéinée,CONSUMER HABITS,MEALS,Snack,,,,,#DIV/0!,#DIV/0!,0,0,0,0,,,,,,,,,,,,,,,,,,,,,,,,,,,,,,,,,,,Snack,,,,,,,
New,which is the healthiest yogurt,PRODUCTS,YOGURTS,Yogurts,,,,,#DIV/0!,#DIV/0!,0,0,0,0,,,,,,,,,,,,,,,,,,,,,,,,,Yogurt,,,,,,,Healthy,,,,,,,,,,
New,oikos lactose free yogurt,PRODUCTS,BRANDS,Danone - generic,,,,,#DIV/0!,#DIV/0!,0,0,0,0,,,,,,,,,,,,,,,,,,,,,,,,,Yogurt,,,Lactose,Oikos,,,,,,,,,,,,,
New,which yogurt is the healthiest,PRODUCTS,YOGURTS,Yogurts,,,,,#DIV/0!,#DIV/0!,0,0,0,0,,,,,,,,,,,,,,,,,,,,,,,,,Yogurt,,,,,,,Healthy,,,,,,,,,,
New,dannon light & fit greek yogurt,PRODUCTS,PLANT BASED YOGURTS,Generic,,,,,#DIV/0!,#DIV/0!,0,0,0,0,,,,,,,,,,,,,,,,,,,,,,,,,Greek,,,,,,,Light,,,,,,,,,,
New,dannon light and fit greek yogurt,PRODUCTS,PLANT BASED YOGURTS,Generic,,,,,#DIV/0!,#DIV/0!,0,0,0,0,,,,,,,,,,,,,,,,,,,,,,,,,Greek,,,,,,,Light,,,,,,,,,,
New,greek yogurt fiber,PRODUCTS,PLANT BASED YOGURTS,Generic,,,,,#DIV/0!,#DIV/0!,0,0,0,0,,,,,,,,,,,,,,,,,,,,,,,,,Greek,,,,,,,,,,,,,,,,,
New,which yogurt is healthiest,PRODUCTS,YOGURTS,Yogurts,,,,,#DIV/0!,#DIV/0!,0,0,0,0,,,,,,,,,,,,,,,,,,,,,,,,,Yogurt,,,,,,,Healthy,,,,,,,,,,
New,greek yogurt vanilla nutrition,PRODUCTS,PLANT BASED YOGURTS,Generic,,,,,#DIV/0!,#DIV/0!,0,0,0,0,,,,,,,,,,,,,,,,,,,,,,,,,Greek,Vanilla,,,,,,,,,,,,,,,,
FR,trempette yogourt pour légumes,PRODUCTS,YOGURTS,Yogurts,,,,,#DIV/0!,#DIV/0!,0,0,0,0,,,,,,,,,,,,,,,,,,,,,,,,,Yogurt,,,,,,,,,,,,,,,,,
New,oikos greek yogurt cup,PRODUCTS,YOGURTS,Greek,,,,,#DIV/0!,#DIV/0!,0,0,0,0,,,,,,,,,,,,,,,,,,,,,,,,,Greek,,Cup,,Oikos,,,,,,,,,,,,,
New,yogurt no sugar added,PRODUCTS,YOGURTS,Yogurts,,,,,#DIV/0!,#DIV/0!,0,0,0,0,,,,,,,,,,,,,,,,,,,,,,,,,Yogurt,,,Sugar,,,,Sugar-free,,,,,,,,,,
FR,trempette legumes yogourt,PRODUCTS,YOGURTS,Yogurts,,,,,#DIV/0!,#DIV/0!,0,0,0,0,,,,,,,,,,,,,,,,,,,,,,,,,Yogurt,,,,,,,,,,,,,,,,,
New,yogourt grec vanille,PRODUCTS,YOGURTS,Greek,,,,,#DIV/0!,#DIV/0!,0,0,0,0,,,,,,,,,,,,,,,,,,,,,,,,,Yogurt,Vanilla,,,,,,,,,,,,,,,,
New,oikos greek yogurt strawberry,PRODUCTS,YOGURTS,Greek,,,,,#DIV/0!,#DIV/0!,0,0,0,0,,,,,,,,,,,,,,,,,,,,,,,,,Greek,Strawberry,,,Oikos,,,,,,,,,,,,,
New,oikos flavored greek yogurt,PRODUCTS,YOGURTS,Greek,,,,,#DIV/0!,#DIV/0!,0,0,0,0,,,,,,,,,,,,,,,,,,,,,,,,,Greek,,,,Oikos,,,,,,,,,,,,,
FR,sauce yogourt grec pour poulet,RECIPES,RECIPES,Recipes with yogurt,,,,,#DIV/0!,#DIV/0!,0,0,0,0,,,,,,,,,,,,,,,,,,,,,,,,,Greek,,,,,,,,,,,,,,,,,
EN,how much protein in oikos greek yogurt,PRODUCTS,YOGURTS,Greek,,,,,#DIV/0!,#DIV/0!,0,0,0,0,,,,,,,,,,,,,,,,,,,,,,,,How,Greek,,,Protein,Oikos,,,,,,,,,,,,,
New,no added sugar yogurt,PRODUCTS,YOGURTS,Yogurts,,,,,#DIV/0!,#DIV/0!,0,0,0,0,,,,,,,,,,,,,,,,,,,,,,,,,Yogurt,,,Sugar,,,,,,,,,,,,,,
New,no sugar added yogurt,PRODUCTS,YOGURTS,Yogurts,,,,,#DIV/0!,#DIV/0!,0,0,0,0,,,,,,,,,,,,,,,,,,,,,,,,,Yogurt,,,Sugar,,,,Sugar-free,,,,,,,,,,
New,does oikos have probiotics,HEALTH,COMPOSITION,Probiotics,,,,,#DIV/0!,#DIV/0!,0,0,0,0,,,,,,,,,,,,,,,,,,,,,,,,,,,,Probiotic,Oikos,,,,,,,,,,,,,
New,yoghurt no added sugar,PRODUCTS,PLANT BASED YOGURTS,Generic,,,,,#DIV/0!,#DIV/0!,0,0,0,0,,,,,,,,,,,,,,,,,,,,,,,,,Yogurt,,,Sugar,,,,,,,,,,,,,,
New,yogurt with no added sugar,PRODUCTS,YOGURTS,Yogurts,,,,,#DIV/0!,#DIV/0!,0,0,0,0,,,,,,,,,,,,,,,,,,,,,,,,,Yogurt,,,Sugar,,,,,,,,,,,,,,
EN,oikos greek yogurt flavors,PRODUCTS,YOGURTS,Greek,,,,,#DIV/0!,#DIV/0!,0,0,0,0,,,,,,,,,,,,,,,,,,,,,,,,,Greek,,,,Oikos,,,,,,,,,,,,,
New,how much protein is in oikos greek yogurt,PRODUCTS,YOGURTS,Greek,,,,,#DIV/0!,#DIV/0!,0,0,0,0,,,,,,,,,,,,,,,,,,,,,,,,,Greek,,,,Oikos,,,,,,,,,,,,,
New,yogurt with no sugar added,PRODUCTS,YOGURTS,Yogurts,,,,,#DIV/0!,#DIV/0!,0,0,0,0,,,,,,,,,,,,,,,,,,,,,,,,,Yogurt,,,Sugar,,,,Sugar-free,,,,,,,,,,
New,oikos greek yogurt flavours,PRODUCTS,YOGURTS,Greek,,,,,#DIV/0!,#DIV/0!,0,0,0,0,,,,,,,,,,,,,,,,,,,,,,,,,Greek,,,,Oikos,,,,,,,,,,,,,
FR,trempette legume yogourt,PRODUCTS,YOGURTS,Yogurts,,,,,#DIV/0!,#DIV/0!,0,0,0,0,,,,,,,,,,,,,,,,,,,,,,,,,Yogurt,,,,,,,,,,,,,,,,,
New,yogurt no added sugar,PRODUCTS,PLANT BASED YOGURTS,Generic,,,,,#DIV/0!,#DIV/0!,0,0,0,0,,,,,,,,,,,,,,,,,,,,,,,,,Yogurt,,,Sugar,,,,,,,,,,,,,,
EN,oikos strawberry greek yogurt,PRODUCTS,YOGURTS,Greek,,,,,#DIV/0!,#DIV/0!,0,0,0,0,,,,,,,,,,,,,,,,,,,,,,,,,Greek,Strawberry,,,Oikos,,,,,,,,,,,,,
EN,low sugar yogurt canada,PRODUCTS,YOGURTS,Yogurts,,,,,#DIV/0!,#DIV/0!,0,0,0,0,,,,,,,,,,,,,,,,,,,,,,,,,Yogurt,,,Sugar,,,,,,,,,,,,,,
New,vanilla greek yogurt nutrition,EATING BETTER,HEALTHIER EATING,Labels & scoring,,,,,#DIV/0!,#DIV/0!,0,0,0,0,,,,,,,,,,,,,,,,,,,,,,,,,Greek,Vanilla,,,,,,,,,,,,,,,,
New,olympic yogourt,PRODUCTS,PLANT BASED YOGURTS,Generic,,,,,#DIV/0!,#DIV/0!,0,0,0,0,,,,,,,,,,,,,,,,,,,,,,,,,Yogurt,,,,,,,,,,,,,,,,,
New,iogo protein yogurt,PRODUCTS,YOGURTS,Greek,,,,,#DIV/0!,#DIV/0!,0,0,0,0,,,,,,,,,,,,,,,,,,,,,,,,,Yogurt,,,,,,,,,,,,,,,,,
New,iogo yogurt protein,PRODUCTS,YOGURTS,Yogurts,,,,,#DIV/0!,#DIV/0!,0,0,0,0,,,,,,,,,,,,,,,,,,,,,,,,,Yogurt,,,,,,,,,,,,,,,,,
New,astro greek yogurt,PRODUCTS,PLANT BASED YOGURTS,Generic,,,,,#DIV/0!,#DIV/0!,0,0,0,0,,,,,,,,,,,,,,,,,,,,,,,,,Greek,,,,,,,,,,,,,,,,,
New,oikos nutritional info,EATING BETTER,HEALTHIER EATING,Labels & scoring,,,,,#DIV/0!,#DIV/0!,0,0,0,0,,,,,,,,,,,,,,,,,,,,,,,,,,,,,Oikos,,,,,,,,,,,,,
New,oikos nutrition information,EATING BETTER,HEALTHIER EATING,Labels & scoring,,,,,#DIV/0!,#DIV/0!,0,0,0,0,,,,,,,,,,,,,,,,,,,,,,,,,,,,,Oikos,,,,,,,,,,,,,
FR,trempette yogourt,PRODUCTS,YOGURTS,Yogurts,,,,,#DIV/0!,#DIV/0!,0,0,0,0,,,,,,,,,,,,,,,,,,,,,,,,,Yogurt,,,,,,,,,,,,,,,,,
FR,pain banane yogourt grec ricardo,RECIPES,RECIPES,Recipes with yogurt,,,,,#DIV/0!,#DIV/0!,0,0,0,0,,,,,,,,,,,,,,,,,,,,,,,,,Greek,Banana,,,,,,,,,,,,,,,,
New,greek yogurt cup calories,PRODUCTS,PLANT BASED YOGURTS,Generic,,,,,#DIV/0!,#DIV/0!,0,0,0,0,,,,,,,,,,,,,,,,,,,,,,,,,Greek,,Cup,Calorie,,,,,,,,,,,,,,
New,recipes with vanilla greek yogurt,PRODUCTS,PLANT BASED YOGURTS,Generic,,,,,#DIV/0!,#DIV/0!,0,0,0,0,,,,,,,,,,,,,,,,,,,,,,,,,Greek,Vanilla,,,,,,,,,,,,,,,,
New,high fat greek yogurt,PRODUCTS,YOGURTS,Greek,,,,,#DIV/0!,#DIV/0!,0,0,0,0,,,,,,,,,,,,,,,,,,,,,,,,,Greek,,,Fat,,,,Rich in protein,,,,,,,,,,
New,oikos nutrition label,EATING BETTER,HEALTHIER EATING,Labels & scoring,,,,,#DIV/0!,#DIV/0!,0,0,0,0,,,,,,,,,,,,,,,,,,,,,,,,,,,,,Oikos,,,,,,,,,,,,,
FR,yogourt grec nature valeur nutritive,EATING BETTER,HEALTHIER EATING,Labels & scoring,,,,,#DIV/0!,#DIV/0!,0,0,0,0,,,,,,,,,,,,,,,,,,,,,,,,,Greek,Plain,,,,,,,,,,,,,,,,
New,canadian yoghurt brands,EATING BETTER,ORIGIN,Made in Canada,,,,,#DIV/0!,#DIV/0!,0,0,0,0,,,,,,,,,,,,,,,,,,,,,,,,,Yogurt,,,,,,,,,,,,,,,,,
FR,oikos drink,PRODUCTS,YOGURT DRINKS,Yogurt drinks,,,,,#DIV/0!,#DIV/0!,0,0,0,0,,,,,,,,,,,,,,,,,,,,,,,,,,,,,Oikos,,,,,,,,,,,,,
EN,full fat greek yogurt canada,PRODUCTS,YOGURTS,Greek,,,,,#DIV/0!,#DIV/0!,0,0,0,0,,,,,,,,,,,,,,,,,,,,,,,,,Greek,,,Fat,,,,,,,,,,,,,,
FR,yaourt grec nature,PRODUCTS,YOGURTS,Greek,,,,,#DIV/0!,#DIV/0!,0,0,0,0,,,,,,,,,,,,,,,,,,,,,,,,,Greek,Plain,,,,,,,,,,,,,,,,
New,what is yogurt good for,PRODUCTS,YOGURTS,Yogurts,,,,,#DIV/0!,#DIV/0!,0,0,0,0,,,,,,,,,,,,,,,,,,,,,,,,,Yogurt,,,,,,,,Good or bad,,,,,,,,,
FR,trempette au yogourt,PRODUCTS,YOGURTS,Yogurts,,,,,#DIV/0!,#DIV/0!,0,0,0,0,,,,,,,,,,,,,,,,,,,,,,,,,Yogurt,,,,,,,,,,,,,,,,,
New,yogourt grec 0,PRODUCTS,YOGURTS,Greek,,,,,#DIV/0!,#DIV/0!,0,0,0,0,,,,,,,,,,,,,,,,,,,,,,,,,Yogurt,,,Without,,,,,,,,,,,,,,
New,oikos nutritional information,PRODUCTS,PLANT BASED YOGURTS,Generic,,,,,#DIV/0!,#DIV/0!,0,0,0,0,,,,,,,,,,,,,,,,,,,,,,,,,,,,,Oikos,,,,,,,,,,,,,
New,ratio yogurt,PRODUCTS,PLANT BASED YOGURTS,Generic,,,,,#DIV/0!,#DIV/0!,0,0,0,0,,,,,,,,,,,,,,,,,,,,,,,,,Yogurt,,,,,,,,,,,,,,,,,
New,oikos greek yogurt drink,PRODUCTS,YOGURT DRINKS,Yogurt drinks,,,,,#DIV/0!,#DIV/0!,0,0,0,0,,,,,,,,,,,,,,,,,,,,,,,,,Greek,,,,Oikos,,,,,,,,,,,,,
New,oikos greek yogurt drinkable,PRODUCTS,YOGURT DRINKS,Yogurt drinks,,,,,#DIV/0!,#DIV/0!,0,0,0,0,,,,,,,,,,,,,,,,,,,,,,,,,Greek,,,,Oikos,,,,,,,,,,,,,
New,greek yogurt low calorie,PRODUCTS,PLANT BASED YOGURTS,Generic,,,,,#DIV/0!,#DIV/0!,0,0,0,0,,,,,,,,,,,,,,,,,,,,,,,,,Greek,,,Calorie,,,,,,,,,,,,,,
New,lowest calorie greek yogurt,EATING BETTER,HEALTHIER EATING,Labels & scoring,,,,,#DIV/0!,#DIV/0!,0,0,0,0,,,,,,,,,,,,,,,,,,,,,,,,,Greek,,,Calorie,,,,,,,,,,,,,,
New,low calorie greek yogurt,EATING BETTER,HEALTHIER EATING,Labels & scoring,,,,,#DIV/0!,#DIV/0!,0,0,0,0,,,,,,,,,,,,,,,,,,,,,,,,,Greek,,,Calorie,,,,,,,,,,,,,,
New,what breakfast foods are high in protein,PRODUCTS,PLANT BASED YOGURTS,Generic,,,,,#DIV/0!,#DIV/0!,0,0,0,0,,,,,,,,,,,,,,,,,,,,,,,,,,,,,,,,Rich in protein,,,,,,,,,,
New,dairy products in canada,PRODUCTS,PLANT BASED YOGURTS,Generic,,,,,#DIV/0!,#DIV/0!,0,0,0,0,,,,,,,,,,,,,,,,,,,,,,,,,,,,Dairy,,,,,,,,,,,,,,
New,what is a high protein breakfast,PRODUCTS,PLANT BASED YOGURTS,Generic,,,,,#DIV/0!,#DIV/0!,0,0,0,0,,,,,,,,,,,,,,,,,,,,,,,,,,,,,,,,Rich in protein,,,,,,,,,,
New,what yogurts are made in canada,PRODUCTS,YOGURTS,Yogurts,,,,,#DIV/0!,#DIV/0!,0,0,0,0,,,,,,,,,,,,,,,,,,,,,,,,,Yogurt,,,,,,,,,,,,,,,,,
New,low cal greek yogurt,PRODUCTS,PLANT BASED YOGURTS,Generic,,,,,#DIV/0!,#DIV/0!,0,0,0,0,,,,,,,,,,,,,,,,,,,,,,,,,Greek,,,,,,,,,,,,,,,,,
FR,yogourt oikos proteine,PRODUCTS,BRANDS,Yogurts,,,,,#DIV/0!,#DIV/0!,0,0,0,0,,,,,,,,,,,,,,,,,,,,,,,,,Yogurt,,,Protein,Oikos,,,,,,,,,,,,,
New,high protein foods and snacks,PRODUCTS,PLANT BASED YOGURTS,Generic,,,,,#DIV/0!,#DIV/0!,0,0,0,0,,,,,,,,,,,,,,,,,,,,,,,,,,,,,,,,Rich in protein,,,,,,,,,,
FR,oikos nutrition facts,EATING BETTER,HEALTHIER EATING,Labels & scoring,,,,,#DIV/0!,#DIV/0!,0,0,0,0,,,,,,,,,,,,,,,,,,,,,,,,,,,,,Oikos,,,,,,,,,,,,,
FR,meilleur gâteau aux amandes,RECIPES,RECIPES,Cakes,,,,,#DIV/0!,#DIV/0!,0,0,0,0,,,,,,,,,,,,,,,,,,,,,,,,,,Almond,,,,,,,Best,,,,,,,,,
New,snacks with the most protein,PRODUCTS,PLANT BASED YOGURTS,Generic,,,,,#DIV/0!,#DIV/0!,0,0,0,0,,,,,,,,,,,,,,,,,,,,,,,,,,,,,,,,,,,,,,,,,,
New,calories yogourt grec,PRODUCTS,PLANT BASED YOGURTS,Generic,,,,,#DIV/0!,#DIV/0!,0,0,0,0,,,,,,,,,,,,,,,,,,,,,,,,,Yogurt,,,Calorie,,,,,,,,,,,,,,
New,oikos vanilla,PRODUCTS,BRANDS,Danone - generic,,,,,#DIV/0!,#DIV/0!,0,0,0,0,,,,,,,,,,,,,,,,,,,,,,,,,,Vanilla,,,Oikos,,,,,,,,,,,,,
EN,100g greek yogurt protein,PRODUCTS,YOGURTS,Greek,,,,,#DIV/0!,#DIV/0!,0,0,0,0,,,,,,,,,,,,,,,,,,,,,,,,,Greek,,Gram,Protein,,,,,,,,,,,,,,
New,oikos coconut yogurt,PRODUCTS,YOGURTS,Yogurts,,,,,#DIV/0!,#DIV/0!,0,0,0,0,,,,,,,,,,,,,,,,,,,,,,,,,Yogurt,Coconut,,,Oikos,,,,,,,,,,,,,
FR,vinaigrette au yogourt,RECIPES,RECIPES,Recipes with yogurt,,,,,#DIV/0!,#DIV/0!,0,0,0,0,,,,,,,,,,,,,,,,,,,,,,,,,Yogurt,,,,,,,,,,,,,,,,,
New,is oikos yogurt healthy,PRODUCTS,YOGURTS,Greek,,,,,#DIV/0!,#DIV/0!,0,0,0,0,,,,,,,,,,,,,,,,,,,,,,,,,Yogurt,,,,Oikos,,,Healthy,,,,,,,,,,
New,oikos danone,PRODUCTS,BRANDS,Danone - generic,,,,,#DIV/0!,#DIV/0!,0,0,0,0,,,,,,,,,,,,,,,,,,,,,,,,,,,,,Oikos,,,,,,,,,,,,,
New,protein packed breakfast,CONSUMER HABITS,MEALS,Breakfast,,,,,#DIV/0!,#DIV/0!,0,0,0,0,,,,,,,,,,,,,,,,,,,,,,,,,,,,,,,,,,,Breakfast,,,,,,,
New,healthy greek yogurt,PRODUCTS,YOGURTS,Greek,,,,,#DIV/0!,#DIV/0!,0,0,0,0,,,,,,,,,,,,,,,,,,,,,,,,,Greek,,,,,,,Healthy,,,,,,,,,,
New,siggi's yogurt protein,PRODUCTS,PLANT BASED YOGURTS,Generic,,,,,#DIV/0!,#DIV/0!,0,0,0,0,,,,,,,,,,,,,,,,,,,,,,,,,Yogurt,,,,Siggi's,,,,,,,,,,,,,
New,is plain greek yogurt good for you,PRODUCTS,YOGURTS,Greek,,,,,#DIV/0!,#DIV/0!,0,0,0,0,,,,,,,,,,,,,,,,,,,,,,,,,Greek,Plain,,,,,,,Good or bad,,,,,,,,,
New,oikos triple zero nutrition,EATING BETTER,HEALTHIER EATING,Labels & scoring,,,,,#DIV/0!,#DIV/0!,0,0,0,0,,,,,,,,,,,,,,,,,,,,,,,,,,,,,Oikos,,,,,,,,,,,,,
New,oikos dairy free,PRODUCTS,PLANT BASED YOGURTS,Generic,,,,,#DIV/0!,#DIV/0!,0,0,0,0,,,,,,,,,,,,,,,,,,,,,,,,,,,,Dairy,Oikos,,,,,,,,,,,,,
FR,vinaigrette yogourt,RECIPES,RECIPES,Recipes with yogurt,,,,,#DIV/0!,#DIV/0!,0,0,0,0,,,,,,,,,,,,,,,,,,,,,,,,,Yogurt,,,,,,,,,,,,,,,,,
New,yogurt griego,PRODUCTS,PLANT BASED YOGURTS,Generic,,,,,#DIV/0!,#DIV/0!,0,0,0,0,,,,,,,,,,,,,,,,,,,,,,,,,Yogurt,,,,,,,,,,,,,,,,,
New,liberte greek,PRODUCTS,PLANT BASED YOGURTS,Generic,,,,,#DIV/0!,#DIV/0!,0,0,0,0,,,,,,,,,,,,,,,,,,,,,,,,,Greek,,,,Liberte,,,,,,,,,,,,,
New,is plain yogurt good for you,PRODUCTS,PLANT BASED YOGURTS,Generic,,,,,#DIV/0!,#DIV/0!,0,0,0,0,,,,,,,,,,,,,,,,,,,,,,,,,Yogurt,Plain,,,,,,,Good or bad,,,,,,,,,
FR,sauce yaourt grec,RECIPES,RECIPES,Recipes with yogurt,,,,,#DIV/0!,#DIV/0!,0,0,0,0,,,,,,,,,,,,,,,,,,,,,,,,,Greek,,,,,,,,,,,,,,,,,
New,vanilla oikos,PRODUCTS,BRANDS,Danone - generic,,,,,#DIV/0!,#DIV/0!,0,0,0,0,,,,,,,,,,,,,,,,,,,,,,,,,,Vanilla,,,Oikos,,,,,,,,,,,,,
New,protein filled snacks,PRODUCTS,PLANT BASED YOGURTS,Generic,,,,,#DIV/0!,#DIV/0!,0,0,0,0,,,,,,,,,,,,,,,,,,,,,,,,,,,,,,,,,,,,,,,,,,
FR,calorie yogourt grec,EATING BETTER,HEALTHIER EATING,Labels & scoring,,,,,#DIV/0!,#DIV/0!,0,0,0,0,,,,,,,,,,,,,,,,,,,,,,,,,Greek,,,Calorie,,,,,,,,,,,,,,
New,oikos lactose free,PRODUCTS,BRANDS,Danone - generic,,,,,#DIV/0!,#DIV/0!,0,0,0,0,,,,,,,,,,,,,,,,,,,,,,,,,,,,Lactose,Oikos,,,,,,,,,,,,,
New,why is greek yogurt better for you,PRODUCTS,YOGURTS,Greek,,,,,#DIV/0!,#DIV/0!,0,0,0,0,,,,,,,,,,,,,,,,,,,,,,,,,Greek,,,,,,,,,,,,,,,,,
New,snack full of protein,PRODUCTS,PLANT BASED YOGURTS,Generic,,,,,#DIV/0!,#DIV/0!,0,0,0,0,,,,,,,,,,,,,,,,,,,,,,,,,,,,,,,,,,,,,,,,,,
New,is oikos yogurt good for you,PRODUCTS,YOGURTS,Greek,,,,,#DIV/0!,#DIV/0!,0,0,0,0,,,,,,,,,,,,,,,,,,,,,,,,,Yogurt,,,,Oikos,,,,Good or bad,,,,,,,,,
New,chobani protein drink,PRODUCTS,YOGURT DRINKS,Yogurt drinks,,,,,#DIV/0!,#DIV/0!,0,0,0,0,,,,,,,,,,,,,,,,,,,,,,,,,,,,,Chobani,,,,,,,,,,,,,
FR,yogourt grec calorie,EATING BETTER,HEALTHIER EATING,Labels & scoring,,,,,#DIV/0!,#DIV/0!,0,0,0,0,,,,,,,,,,,,,,,,,,,,,,,,,Greek,,,Calorie,,,,,,,,,,,,,,
New,oikos yogurt coconut,PRODUCTS,PLANT BASED YOGURTS,Generic,,,,,#DIV/0!,#DIV/0!,0,0,0,0,,,,,,,,,,,,,,,,,,,,,,,,,Yogurt,Coconut,,,Oikos,,,,,,,,,,,,,
New,high protein snack foods,PRODUCTS,PLANT BASED YOGURTS,Generic,,,,,#DIV/0!,#DIV/0!,0,0,0,0,,,,,,,,,,,,,,,,,,,,,,,,,,,,,,,,Rich in protein,,,,,,,,,,
New,yogourt grec calories,EATING BETTER,HEALTHIER EATING,Labels & scoring,,,,,#DIV/0!,#DIV/0!,0,0,0,0,,,,,,,,,,,,,,,,,,,,,,,,,Yogurt,,,Calorie,,,,,,,,,,,,,,
New,why is greek yogurt better,PRODUCTS,YOGURTS,Greek,,,,,#DIV/0!,#DIV/0!,0,0,0,0,,,,,,,,,,,,,,,,,,,,,,,,,Greek,,,,,,,,,,,,,,,,,
New,healthy yogurts brands,PRODUCTS,PLANT BASED YOGURTS,Generic,,,,,#DIV/0!,#DIV/0!,0,0,0,0,,,,,,,,,,,,,,,,,,,,,,,,,Yogurt,,,,,,,Healthy,,,,,,,,,,
New,healthy yogurt brand,PRODUCTS,PLANT BASED YOGURTS,Generic,,,,,#DIV/0!,#DIV/0!,0,0,0,0,,,,,,,,,,,,,,,,,,,,,,,,,Yogurt,,,,,,,Healthy,,,,,,,,,,
New,oikos triple zero calories,EATING BETTER,HEALTHIER EATING,Labels & scoring,,,,,#DIV/0!,#DIV/0!,0,0,0,0,,,,,,,,,,,,,,,,,,,,,,,,,,,,Calorie,Oikos,,,,,,,,,,,,,
New,is oiko yogurt healthy,PRODUCTS,PLANT BASED YOGURTS,Generic,,,,,#DIV/0!,#DIV/0!,0,0,0,0,,,,,,,,,,,,,,,,,,,,,,,,,Yogurt,,,,Oikos,,,Healthy,,,,,,,,,,
New,healthy yogurt brands,PRODUCTS,YOGURTS,Yogurts,,,,,#DIV/0!,#DIV/0!,0,0,0,0,,,,,,,,,,,,,,,,,,,,,,,,,Yogurt,,,,,,,Healthy,,,,,,,,,,
EN,is oikos greek yogurt halal,PRODUCTS,YOGURTS,Greek,,,,,#DIV/0!,#DIV/0!,0,0,0,0,,,,,,,,,,,,,,,,,,,,,,,,,Greek,,,,Oikos,,,,,,,,,,,,,
FR,oikos 19g protein,PRODUCTS,BRANDS,Danone - generic,,,,,#DIV/0!,#DIV/0!,0,0,0,0,,,,,,,,,,,,,,,,,,,,,,,,,,,,,Oikos,,,,,,,,,,,,,
FR,yogourt grec oikos valeur nutritive,EATING BETTER,HEALTHIER EATING,Labels & scoring,,,,,#DIV/0!,#DIV/0!,0,0,0,0,,,,,,,,,,,,,,,,,,,,,,,,,Greek,,,,Oikos,,,,,,,,,,,,,
New,oikos blueberry yogurt,PRODUCTS,BRANDS,Danone - generic,,,,,#DIV/0!,#DIV/0!,0,0,0,0,,,,,,,,,,,,,,,,,,,,,,,,,Yogurt,Blueberry,,,Oikos,,,,,,,,,,,,,
EN,banana greek yogurt,PRODUCTS,YOGURTS,Greek,,,,,#DIV/0!,#DIV/0!,0,0,0,0,,,,,,,,,,,,,,,,,,,,,,,,,Greek,Banana,,,,,,,,,,,,,,,,
New,oikos plain yogurt,PRODUCTS,BRANDS,Danone - generic,,,,,#DIV/0!,#DIV/0!,0,0,0,0,,,,,,,,,,,,,,,,,,,,,,,,,Yogurt,Plain,,,Oikos,,,,,,,,,,,,,
New,easy high protein breakfasts,PRODUCTS,PLANT BASED YOGURTS,Generic,,,,,#DIV/0!,#DIV/0!,0,0,0,0,,,,,,,,,,,,,,,,,,,,,,,,,,,,,,,,Rich in protein,,,,,,,,,,
FR,yaourt oikos,PRODUCTS,BRANDS,Yogurts,,,,,#DIV/0!,#DIV/0!,0,0,0,0,,,,,,,,,,,,,,,,,,,,,,,,,Yogurt,,,,Oikos,,,,,,,,,,,,,
New,greek yogurt with fat,PRODUCTS,PLANT BASED YOGURTS,Generic,,,,,#DIV/0!,#DIV/0!,0,0,0,0,,,,,,,,,,,,,,,,,,,,,,,,,Greek,,,Fat,,,,,,,,,,,,,,
FR,crêpe aux bleuets,RECIPES,RECIPES,Crepes and pancakes,,,,,#DIV/0!,#DIV/0!,0,0,0,0,,,,,,,,,,,,,,,,,,,,,,,,,,,,,,,,,,,,,,,,,,
New,easy high protein breakfast ideas,PRODUCTS,PLANT BASED YOGURTS,Generic,,,,,#DIV/0!,#DIV/0!,0,0,0,0,,,,,,,,,,,,,,,,,,,,,,,,,,,,,,,,Rich in protein,,,,,,,,,,
New,why is greek yogurt healthy,PRODUCTS,YOGURTS,Greek,,,,,#DIV/0!,#DIV/0!,0,0,0,0,,,,,,,,,,,,,,,,,,,,,,,,,Greek,,,,,,,Healthy,,,,,,,,,,
New,oikos yogurt plain,PRODUCTS,YOGURTS,Greek,,,,,#DIV/0!,#DIV/0!,0,0,0,0,,,,,,,,,,,,,,,,,,,,,,,,,Yogurt,Plain,,,Oikos,,,,,,,,,,,,,
New,greek yogurt for sale,PRODUCTS,PLANT BASED YOGURTS,Generic,,,,,#DIV/0!,#DIV/0!,0,0,0,0,,,,,,,,,,,,,,,,,,,,,,,,,Greek,,,,,,,,,,,,,,,,,
FR,pancake aux bleuets,RECIPES,RECIPES,Cakes,,,,,#DIV/0!,#DIV/0!,0,0,0,0,,,,,,,,,,,,,,,,,,,,,,,,,,,,,,,,,,,,,,,,,,
FR,pain banane avoine yogourt,RECIPES,RECIPES,Recipes with yogurt,,,,,#DIV/0!,#DIV/0!,0,0,0,0,,,,,,,,,,,,,,,,,,,,,,,,,Yogurt,Oat,,,,,,,,,,,,,,,,
New,plain oikos yogurt,PRODUCTS,PLANT BASED YOGURTS,Generic,,,,,#DIV/0!,#DIV/0!,0,0,0,0,,,,,,,,,,,,,,,,,,,,,,,,,Yogurt,Plain,,,Oikos,,,,,,,,,,,,,
New,oikos yogurt blueberry,PRODUCTS,PLANT BASED YOGURTS,Generic,,,,,#DIV/0!,#DIV/0!,0,0,0,0,,,,,,,,,,,,,,,,,,,,,,,,,Yogurt,Blueberry,,,Oikos,,,,,,,,,,,,,
New,aliment avec le plus de proteine,PRODUCTS,PLANT BASED YOGURTS,Generic,,,,,#DIV/0!,#DIV/0!,0,0,0,0,,,,,,,,,,,,,,,,,,,,,,,,,,Lime,,,,,,,,,,,,,,,,
FR,dessert avec yogourt grec,CONSUMER HABITS,MEALS,Dessert,,,,,#DIV/0!,#DIV/0!,0,0,0,0,,,,,,,,,,,,,,,,,,,,,,,,,Greek,,,,,,,,,,Dessert,,,,,,,
New,what does yogurt do for your body,PRODUCTS,YOGURTS,Yogurts,,,,,#DIV/0!,#DIV/0!,0,0,0,0,,,,,,,,,,,,,,,,,,,,,,,,,Yogurt,,,,,,,,,,,,,,,,,
New,protein in 100g greek yogurt,PRODUCTS,PLANT BASED YOGURTS,Generic,,,,,#DIV/0!,#DIV/0!,0,0,0,0,,,,,,,,,,,,,,,,,,,,,,,,,Greek,,Gram,Without,,,,,,,,,,,,,,
New,oikos berry yogurt,PRODUCTS,PLANT BASED YOGURTS,Generic,,,,,#DIV/0!,#DIV/0!,0,0,0,0,,,,,,,,,,,,,,,,,,,,,,,,,Yogurt,,,,Oikos,,,,,,,,,,,,,
New,greek yogurt fat,PRODUCTS,PLANT BASED YOGURTS,Generic,,,,,#DIV/0!,#DIV/0!,0,0,0,0,,,,,,,,,,,,,,,,,,,,,,,,,Greek,,,Fat,,,,,,,,,,,,,,
New,liberte yoghurt,PRODUCTS,YOGURTS,Yogurts,,,,,#DIV/0!,#DIV/0!,0,0,0,0,,,,,,,,,,,,,,,,,,,,,,,,,Yogurt,,,,Liberte,,,,,,,,,,,,,
New,healthy greek yogurt recipes,PRODUCTS,PLANT BASED YOGURTS,Generic,,,,,#DIV/0!,#DIV/0!,0,0,0,0,,,,,,,,,,,,,,,,,,,,,,,,,Greek,,,,,,,Healthy,,,,,,,,,,
EN,whole fat greek yogurt,PRODUCTS,YOGURTS,Greek,,,,,#DIV/0!,#DIV/0!,0,0,0,0,,,,,,,,,,,,,,,,,,,,,,,,,Greek,,,Fat,,,,,,,,,,,,,,
New,chobani protein yogurt,PRODUCTS,YOGURTS,Greek,,,,,#DIV/0!,#DIV/0!,0,0,0,0,,,,,,,,,,,,,,,,,,,,,,,,,Yogurt,,,,Chobani,,,,,,,,,,,,,
New,canadian made yogurt brands list,EATING BETTER,ORIGIN,Made in Canada,,,,,#DIV/0!,#DIV/0!,0,0,0,0,,,,,,,,,,,,,,,,,,,,,,,,,Yogurt,,,,,,,,,,,,,,,,,
New,2 greek yogurt,PRODUCTS,PLANT BASED YOGURTS,Generic,,,,,#DIV/0!,#DIV/0!,0,0,0,0,,,,,,,,,,,,,,,,,,,,,,,,,Greek,,,,,,,,,,,,,,,,,
New,greek oikos,PRODUCTS,YOGURTS,Greek,,,,,#DIV/0!,#DIV/0!,0,0,0,0,,,,,,,,,,,,,,,,,,,,,,,,,Greek,,,,Oikos,,,,,,,,,,,,,
New,healthy recipes with greek yogurt,PRODUCTS,PLANT BASED YOGURTS,Generic,,,,,#DIV/0!,#DIV/0!,0,0,0,0,,,,,,,,,,,,,,,,,,,,,,,,,Greek,,,,,,,Healthy,,,,,,,,,,
FR,sauce pour poulet frit,RECIPES,RECIPES,Chicken recipe,,,,,#DIV/0!,#DIV/0!,0,0,0,0,,,,,,,,,,,,,,,,,,,,,,,,,,,,,,,,,,,,,,,,,,
FR,pain au banane yogourt grec,RECIPES,RECIPES,Recipes with yogurt,,,,,#DIV/0!,#DIV/0!,0,0,0,0,,,,,,,,,,,,,,,,,,,,,,,,,Greek,Banana,,,,,,,,,,,,,,,,
New,greek yogurt 2,PRODUCTS,PLANT BASED YOGURTS,Generic,,,,,#DIV/0!,#DIV/0!,0,0,0,0,,,,,,,,,,,,,,,,,,,,,,,,,Greek,,,,,,,,,,,,,,,,,
New,oiko greek,PRODUCTS,PLANT BASED YOGURTS,Generic,,,,,#DIV/0!,#DIV/0!,0,0,0,0,,,,,,,,,,,,,,,,,,,,,,,,,Greek,,,,Oikos,,,,,,,,,,,,,
New,chobani yogurt protein,PRODUCTS,PLANT BASED YOGURTS,Generic,,,,,#DIV/0!,#DIV/0!,0,0,0,0,,,,,,,,,,,,,,,,,,,,,,,,,Yogurt,,,,Chobani,,,,,,,,,,,,,
New,greek yoghurt protein,PRODUCTS,YOGURTS,Greek,,,,,#DIV/0!,#DIV/0!,0,0,0,0,,,,,,,,,,,,,,,,,,,,,,,,,Greek,,,,,,,,,,,,,,,,,
New,siggi's high protein yogurt,PRODUCTS,PLANT BASED YOGURTS,Generic,,,,,#DIV/0!,#DIV/0!,0,0,0,0,,,,,,,,,,,,,,,,,,,,,,,,,Yogurt,,,,Siggi's,,,Rich in protein,,,,,,,,,,
FR,oikos sans lactose,PRODUCTS,BRANDS,Danone - generic,,,,,#DIV/0!,#DIV/0!,0,0,0,0,,,,,,,,,,,,,,,,,,,,,,,,,,,,Lactose,Oikos,,,,,,,,,,,,,
New,iogo greek yogurt,PRODUCTS,PLANT BASED YOGURTS,Generic,,,,,#DIV/0!,#DIV/0!,0,0,0,0,,,,,,,,,,,,,,,,,,,,,,,,,Greek,,,,,,,,,,,,,,,,,
New,made in canada yogurt,PRODUCTS,YOGURTS,Yogurts,,,,,#DIV/0!,#DIV/0!,0,0,0,0,,,,,,,,,,,,,,,,,,,,,,,,,Yogurt,,,,,,,,,,,,,,,,,
New,unsweetened yogurt,PRODUCTS,YOGURTS,Yogurts,,,,,#DIV/0!,#DIV/0!,0,0,0,0,,,,,,,,,,,,,,,,,,,,,,,,,Yogurt,,,,,,,,,,,,,,,,,
New,unsweetened greek yogurt,PRODUCTS,YOGURTS,Greek,,,,,#DIV/0!,#DIV/0!,0,0,0,0,,,,,,,,,,,,,,,,,,,,,,,,,Greek,,,,,,,,,,,,,,,,,
New,greek yogurt unsweetened,PRODUCTS,PLANT BASED YOGURTS,Generic,,,,,#DIV/0!,#DIV/0!,0,0,0,0,,,,,,,,,,,,,,,,,,,,,,,,,Greek,,,,,,,,,,,,,,,,,
FR,poulet gyros,RECIPES,RECIPES,Chicken recipe,,,,,#DIV/0!,#DIV/0!,0,0,0,0,,,,,,,,,,,,,,,,,,,,,,,,,,,,,,,,,,,,,,,,,,
FR,sauce poulet frit,RECIPES,RECIPES,Chicken recipe,,,,,#DIV/0!,#DIV/0!,0,0,0,0,,,,,,,,,,,,,,,,,,,,,,,,,,,,,,,,,,,,,,,,,,
New,zero sugar greek yogurt,PRODUCTS,YOGURTS,Greek,,,,,#DIV/0!,#DIV/0!,0,0,0,0,,,,,,,,,,,,,,,,,,,,,,,,,Greek,,,Sugar,,,,,,,,,,,,,,
EN,dairy free greek yogurt canada,PRODUCTS,YOGURTS,Greek,,,,,#DIV/0!,#DIV/0!,0,0,0,0,,,,,,,,,,,,,,,,,,,,,,,,,Greek,,,Dairy,,,,,,,,,,,,,,
New,greek yogurt for lactose intolerant,HEALTH,ALLERGIES & INTOLERANCES,Lactose intolerance,,,,,#DIV/0!,#DIV/0!,0,0,0,0,,,,,,,,,,,,,,,,,,,,,,,,,Greek,,,Lactose,,,,,,,,,,,,,,
EN,full fat yogurt canada,PRODUCTS,YOGURTS,Yogurts,,,,,#DIV/0!,#DIV/0!,0,0,0,0,,,,,,,,,,,,,,,,,,,,,,,,,Yogurt,,,Fat,,,,,,,,,,,,,,
New,greek yogurt with zero sugar,PRODUCTS,PLANT BASED YOGURTS,Generic,,,,,#DIV/0!,#DIV/0!,0,0,0,0,,,,,,,,,,,,,,,,,,,,,,,,,Greek,,,Sugar,,,,,,,,,,,,,,
New,oikos greek,PRODUCTS,YOGURTS,Greek,,,,,#DIV/0!,#DIV/0!,0,0,0,0,,,,,,,,,,,,,,,,,,,,,,,,,Greek,,,,Oikos,,,,,,,,,,,,,
EN,key lime yogurt,PRODUCTS,YOGURTS,Yogurts,,,,,#DIV/0!,#DIV/0!,0,0,0,0,,,,,,,,,,,,,,,,,,,,,,,,,Yogurt,Lime,,,,,,,,,,,,,,,,
New,oikos drinkable,PRODUCTS,YOGURT DRINKS,Yogurt drinks,,,,,#DIV/0!,#DIV/0!,0,0,0,0,,,,,,,,,,,,,,,,,,,,,,,,,,,,,Oikos,,,,,,,,,,,,,
New,oikos pro nutrition facts,EATING BETTER,HEALTHIER EATING,Labels & scoring,,,,,#DIV/0!,#DIV/0!,0,0,0,0,,,,,,,,,,,,,,,,,,,,,,,,,,,,,Oikos,,,,,,,,,,,,,
New,oikos drinks,PRODUCTS,YOGURT DRINKS,Yogurt drinks,,,,,#DIV/0!,#DIV/0!,0,0,0,0,,,,,,,,,,,,,,,,,,,,,,,,,,,,,Oikos,,,,,,,,,,,,,
New,what is a good source of protein,HEALTH,COMPOSITION,Proteins,,,,,#DIV/0!,#DIV/0!,0,0,0,0,,,,,,,,,,,,,,,,,,,,,,,,,,,,,,,,,Good or bad,,,,,,,,,
New,oikos greek yogurt canadian,EATING BETTER,ORIGIN,Made in Canada,,,,,#DIV/0!,#DIV/0!,0,0,0,0,,,,,,,,,,,,,,,,,,,,,,,,,Greek,,,,Oikos,,,,,,,,,,,,,
New,oikos protein yogurt canada,PRODUCTS,BRANDS,Danone - generic,,,,,#DIV/0!,#DIV/0!,0,0,0,0,,,,,,,,,,,,,,,,,,,,,,,,,Yogurt,,,,Oikos,,,,,,,,,,,,,
EN,lactose free high protein yogurt,PRODUCTS,YOGURTS,Yogurts,,,,,#DIV/0!,#DIV/0!,0,0,0,0,,,,,,,,,,,,,,,,,,,,,,,,,Yogurt,,,Lactose,,,,Rich in protein,,,,,,,,,,
New,yogurt made in canada brands,PRODUCTS,YOGURTS,Yogurts,,,,,#DIV/0!,#DIV/0!,0,0,0,0,,,,,,,,,,,,,,,,,,,,,,,,,Yogurt,,,,,,,,,,,,,,,,,
EN,oikos greek yogurt banana,PRODUCTS,YOGURTS,Greek,,,,,#DIV/0!,#DIV/0!,0,0,0,0,,,,,,,,,,,,,,,,,,,,,,,,,Greek,Banana,,,Oikos,,,,,,,,,,,,,
New,grass fed greek yogurt,PRODUCTS,PLANT BASED YOGURTS,Generic,,,,,#DIV/0!,#DIV/0!,0,0,0,0,,,,,,,,,,,,,,,,,,,,,,,,,Greek,,,,,,,,,,,,,,,,,
EN,high protein lactose free yogurt,PRODUCTS,YOGURTS,Yogurts,,,,,#DIV/0!,#DIV/0!,0,0,0,0,,,,,,,,,,,,,,,,,,,,,,,,,Yogurt,,,Lactose,,,,Rich in protein,,,,,,,,,,
New,sources protéines,PRODUCTS,PLANT BASED YOGURTS,Generic,,,,,#DIV/0!,#DIV/0!,0,0,0,0,,,,,,,,,,,,,,,,,,,,,,,,,,,,,,,,,,,,,,,,,,
New,oikos strawberry banana yogurt nutrition facts,EATING BETTER,HEALTHIER EATING,Labels & scoring,,,,,#DIV/0!,#DIV/0!,0,0,0,0,,,,,,,,,,,,,,,,,,,,,,,,,Yogurt,Banana,,,Oikos,,,,,,,,,,,,,
FR,pancakes protéinés,RECIPES,RECIPES,Cakes,,,,,#DIV/0!,#DIV/0!,0,0,0,0,,,,,,,,,,,,,,,,,,,,,,,,,,,,,,,,Rich in protein,,,,,,,,,,
FR,oikos pro drink nutrition facts,EATING BETTER,HEALTHIER EATING,Labels & scoring,,,,,#DIV/0!,#DIV/0!,0,0,0,0,,,,,,,,,,,,,,,,,,,,,,,,,,,,,Oikos,,,,,,,,,,,,,
New,lactose free yogurt high protein,PRODUCTS,PLANT BASED YOGURTS,Generic,,,,,#DIV/0!,#DIV/0!,0,0,0,0,,,,,,,,,,,,,,,,,,,,,,,,,Yogurt,,,Lactose,,,,Rich in protein,,,,,,,,,,
New,yogourt à boire,PRODUCTS,YOGURT DRINKS,Yogurt drinks,,,,,#DIV/0!,#DIV/0!,0,0,0,0,,,,,,,,,,,,,,,,,,,,,,,,,Yogurt,,,,,,,,,,,,,,,,,
FR,dessert avec yogourt,CONSUMER HABITS,MEALS,Dessert,,,,,#DIV/0!,#DIV/0!,0,0,0,0,,,,,,,,,,,,,,,,,,,,,,,,,Yogurt,,,,,,,,,,Dessert,,,,,,,
New,chobani complete,PRODUCTS,PLANT BASED YOGURTS,Generic,,,,,#DIV/0!,#DIV/0!,0,0,0,0,,,,,,,,,,,,,,,,,,,,,,,,,,,,,Chobani,,,,,,,,,,,,,
EN,greek yogurt drink,PRODUCTS,YOGURT DRINKS,Yogurt drinks,,,,,#DIV/0!,#DIV/0!,0,0,0,0,,,,,,,,,,,,,,,,,,,,,,,,,Greek,,,,,,,,,,,,,,,,,
New,produits protéinés,HEALTH,COMPOSITION,Proteins,,,,,#DIV/0!,#DIV/0!,0,0,0,0,,,,,,,,,,,,,,,,,,,,,,,,,,,,,,,,,,,,,,,,,,
FR,yogourt oikos valeur nutritive,EATING BETTER,HEALTHIER EATING,Labels & scoring,,,,,#DIV/0!,#DIV/0!,0,0,0,0,,,,,,,,,,,,,,,,,,,,,,,,,Yogurt,,,,Oikos,,,,,,,,,,,,,
FR,recette gateau fromage sans cuisson,RECIPES,RECIPES,Cakes,,,,,#DIV/0!,#DIV/0!,0,0,0,0,,,,,,,,,,,,,,,,,,,,,,,,,,,,Without,,,,,,,,,,,,,,
EN,greek yogurt zero sugar,PRODUCTS,YOGURTS,Greek,,,,,#DIV/0!,#DIV/0!,0,0,0,0,,,,,,,,,,,,,,,,,,,,,,,,,Greek,,,Sugar,,,,,,,,,,,,,,
New,oikos triple zero yogurt nutrition facts,EATING BETTER,HEALTHIER EATING,Labels & scoring,,,,,#DIV/0!,#DIV/0!,0,0,0,0,,,,,,,,,,,,,,,,,,,,,,,,,Yogurt,,,,Oikos,,,,,,,,,,,,,
New,good for you yogurt,PRODUCTS,PLANT BASED YOGURTS,Generic,,,,,#DIV/0!,#DIV/0!,0,0,0,0,,,,,,,,,,,,,,,,,,,,,,,,,Yogurt,,,,,,,,Good or bad,,,,,,,,,
New,two good vanilla yogurt,PRODUCTS,PLANT BASED YOGURTS,Generic,,,,,#DIV/0!,#DIV/0!,0,0,0,0,,,,,,,,,,,,,,,,,,,,,,,,,Yogurt,Vanilla,,,,,,,Good or bad,,,,,,,,,
FR,gateau yogourt grec,RECIPES,RECIPES,Recipes with yogurt,,,,,#DIV/0!,#DIV/0!,0,0,0,0,,,,,,,,,,,,,,,,,,,,,,,,,Greek,,,,,,,,,,,,,,,,,
New,bagel proteine yogourt grec,PRODUCTS,YOGURTS,Greek,,,,,#DIV/0!,#DIV/0!,0,0,0,0,,,,,,,,,,,,,,,,,,,,,,,,,Yogurt,,,,,,,,,,,,,,,,,
New,yogurt good for you,PRODUCTS,YOGURTS,Yogurts,,,,,#DIV/0!,#DIV/0!,0,0,0,0,,,,,,,,,,,,,,,,,,,,,,,,,Yogurt,,,,,,,,Good or bad,,,,,,,,,
New,produit proteine,PRODUCTS,PLANT BASED YOGURTS,Generic,,,,,#DIV/0!,#DIV/0!,0,0,0,0,,,,,,,,,,,,,,,,,,,,,,,,,,,,,,,,,,,,,,,,,,
FR,sauce avec yogourt grec,RECIPES,RECIPES,Recipes with yogurt,,,,,#DIV/0!,#DIV/0!,0,0,0,0,,,,,,,,,,,,,,,,,,,,,,,,,Greek,,,,,,,,,,,,,,,,,
FR,gateau banane yogourt,RECIPES,RECIPES,Recipes with yogurt,,,,,#DIV/0!,#DIV/0!,0,0,0,0,,,,,,,,,,,,,,,,,,,,,,,,,Yogurt,Banana,,,,,,,,,,,,,,,,
New,siggi's skyr yogurt,PRODUCTS,PLANT BASED YOGURTS,Generic,,,,,#DIV/0!,#DIV/0!,0,0,0,0,,,,,,,,,,,,,,,,,,,,,,,,,Skyr,,,,Siggi's,,,,,,,,,,,,,
EN,oikos high protein greek yogurt,PRODUCTS,YOGURTS,Greek,,,,,#DIV/0!,#DIV/0!,0,0,0,0,,,,,,,,,,,,,,,,,,,,,,,,,Greek,,,Protein,Oikos,,,Rich in protein,,,,,,,,,,
New,produits proteines,PRODUCTS,PLANT BASED YOGURTS,Generic,,,,,#DIV/0!,#DIV/0!,0,0,0,0,,,,,,,,,,,,,,,,,,,,,,,,,,,,,,,,,,,,,,,,,,
New,skotidakis yogourt,PRODUCTS,YOGURTS,Yogurts,,,,,#DIV/0!,#DIV/0!,0,0,0,0,,,,,,,,,,,,,,,,,,,,,,,,,Yogurt,,,,,,,,,,,,,,,,,
New,yogourt skotidakis,PRODUCTS,YOGURTS,Yogurts,,,,,#DIV/0!,#DIV/0!,0,0,0,0,,,,,,,,,,,,,,,,,,,,,,,,,Yogurt,,,,,,,,,,,,,,,,,
New,canadian made greek yogurt,EATING BETTER,ORIGIN,Made in Canada,,,,,#DIV/0!,#DIV/0!,0,0,0,0,,,,,,,,,,,,,,,,,,,,,,,,,Greek,,,,,,,,,,,,,,,,,
New,greek yogurt protein per cup,PRODUCTS,YOGURTS,Greek,,,,,#DIV/0!,#DIV/0!,0,0,0,0,,,,,,,,,,,,,,,,,,,,,,,,,Greek,,Cup,,,,,,,,,,,,,,,
New,oikos pro protein yogurt,PRODUCTS,BRANDS,Danone - generic,,,,,#DIV/0!,#DIV/0!,0,0,0,0,,,,,,,,,,,,,,,,,,,,,,,,,Yogurt,,,,Oikos,,,,,,,,,,,,,
FR,crêpe yogourt grec,RECIPES,RECIPES,Recipes with yogurt,,,,,#DIV/0!,#DIV/0!,0,0,0,0,,,,,,,,,,,,,,,,,,,,,,,,,Greek,,,,,,,,,,,,,,,,,
New,aliment avec beaucoup de proteine,PRODUCTS,PLANT BASED YOGURTS,Generic,,,,,#DIV/0!,#DIV/0!,0,0,0,0,,,,,,,,,,,,,,,,,,,,,,,,,,Lime,,,,,,,,,,,,,,,,
New,oikos yogurt canadian,PRODUCTS,BRANDS,Danone - generic,,,,,#DIV/0!,#DIV/0!,0,0,0,0,,,,,,,,,,,,,,,,,,,,,,,,,Yogurt,,,,Oikos,,,,,,,,,,,,,
FR,oikos greek yoghurt,PRODUCTS,BRANDS,Danone - generic,,,,,#DIV/0!,#DIV/0!,0,0,0,0,,,,,,,,,,,,,,,,,,,,,,,,,Greek,,,,Oikos,,,,,,,,,,,,,
New,aliments avec beaucoup de proteines,PRODUCTS,PLANT BASED YOGURTS,Generic,,,,,#DIV/0!,#DIV/0!,0,0,0,0,,,,,,,,,,,,,,,,,,,,,,,,,,Lime,,,,,,,,,,,,,,,,
New,oikos 25g protein yogurt,PRODUCTS,YOGURTS,Greek,,,,,#DIV/0!,#DIV/0!,0,0,0,0,,,,,,,,,,,,,,,,,,,,,,,,,Yogurt,,Gram,,Oikos,,,,,,,,,,,,,
FR,danone oikos,PRODUCTS,BRANDS,Danone - generic,,,,,#DIV/0!,#DIV/0!,0,0,0,0,,,,,,,,,,,,,,,,,,,,,,,,,,,,,Oikos,,,,,,,,,,,,,
New,oikos nutrition,EATING BETTER,HEALTHIER EATING,Labels & scoring,,,,,#DIV/0!,#DIV/0!,0,0,0,0,,,,,,,,,,,,,,,,,,,,,,,,,,,,,Oikos,,,,,,,,,,,,,
New,protein shake with greek yogurt,PRODUCTS,YOGURTS,Greek,,,,,#DIV/0!,#DIV/0!,0,0,0,0,,,,,,,,,,,,,,,,,,,,,,,,,Greek,,,,,,,,,,,,,,,,,
New,how many grams of protein in greek yogurt,PRODUCTS,PLANT BASED YOGURTS,Generic,,,,,#DIV/0!,#DIV/0!,0,0,0,0,,,,,,,,,,,,,,,,,,,,,,,,,Greek,,Gram,,,,,,,,,,,,,,,
New,manger protéiné,PRODUCTS,PLANT BASED YOGURTS,Generic,,,,,#DIV/0!,#DIV/0!,0,0,0,0,,,,,,,,,,,,,,,,,,,,,,,,,,,,,,,,,,,,,,,,,,
New,what yogurt is lactose free,PRODUCTS,YOGURTS,Yogurts,,,,,#DIV/0!,#DIV/0!,0,0,0,0,,,,,,,,,,,,,,,,,,,,,,,,,Yogurt,,,Lactose,,,,,,,,,,,,,,
New,yogurt with the most protein,PRODUCTS,YOGURTS,Yogurts,,,,,#DIV/0!,#DIV/0!,0,0,0,0,,,,,,,,,,,,,,,,,,,,,,,,,Yogurt,,,,,,,,,,,,,,,,,
New,what yogurts are lactose free,PRODUCTS,YOGURTS,Yogurts,,,,,#DIV/0!,#DIV/0!,0,0,0,0,,,,,,,,,,,,,,,,,,,,,,,,,Yogurt,,,Lactose,,,,,,,,,,,,,,
New,oikos yogurt flavors,PRODUCTS,YOGURTS,Yogurts,,,,,#DIV/0!,#DIV/0!,0,0,0,0,,,,,,,,,,,,,,,,,,,,,,,,,Yogurt,,,,Oikos,,,,,,,,,,,,,
New,greek yogurt protein shake,PRODUCTS,YOGURTS,Greek,,,,,#DIV/0!,#DIV/0!,0,0,0,0,,,,,,,,,,,,,,,,,,,,,,,,,Greek,,,,,,,,,,,,,,,,,
New,what to do with greek yogurt,RECIPES,RECIPES,Recipes with yogurt,,,,,#DIV/0!,#DIV/0!,0,0,0,0,,,,,,,,,,,,,,,,,,,,,,,,,Greek,,,,,,,,,,,,,,,,,
New,no fat yogurt,PRODUCTS,YOGURTS,Yogurts,,,,,#DIV/0!,#DIV/0!,0,0,0,0,,,,,,,,,,,,,,,,,,,,,,,,,Yogurt,,,Fat,,,,,,,,,,,,,,
New,what is lactose free yogurt,PRODUCTS,YOGURTS,Yogurts,,,,,#DIV/0!,#DIV/0!,0,0,0,0,,,,,,,,,,,,,,,,,,,,,,,,,Yogurt,,,Lactose,,,,,,,,,,,,,,
New,best yogurt for protein,PRODUCTS,YOGURTS,Yogurts,,,,,#DIV/0!,#DIV/0!,0,0,0,0,,,,,,,,,,,,,,,,,,,,,,,,,Yogurt,,,,,,,,Best,,,,,,,,,
FR,vinaigrette avec yogourt grec,RECIPES,RECIPES,Recipes with yogurt,,,,,#DIV/0!,#DIV/0!,0,0,0,0,,,,,,,,,,,,,,,,,,,,,,,,,Greek,,,,,,,,,,,,,,,,,
New,oikos pro vanilla,PRODUCTS,YOGURTS,Greek,,,,,#DIV/0!,#DIV/0!,0,0,0,0,,,,,,,,,,,,,,,,,,,,,,,,,,Vanilla,,,Oikos,,,,,,,,,,,,,
New,protein shake greek yogurt,PRODUCTS,PLANT BASED YOGURTS,Generic,,,,,#DIV/0!,#DIV/0!,0,0,0,0,,,,,,,,,,,,,,,,,,,,,,,,,Greek,,,,,,,,,,,,,,,,,
New,oikos yogurt ingredients,HEALTH,COMPOSITION,Generic,,,,,#DIV/0!,#DIV/0!,0,0,0,0,,,,,,,,,,,,,,,,,,,,,,,,,Yogurt,,,,Oikos,,,,,,,,,,,,,
New,oikos nutritional value,PRODUCTS,PLANT BASED YOGURTS,Generic,,,,,#DIV/0!,#DIV/0!,0,0,0,0,,,,,,,,,,,,,,,,,,,,,,,,,,,,,Oikos,,,,,,,,,,,,,
New,what are good protein snacks,PRODUCTS,PLANT BASED YOGURTS,Generic,,,,,#DIV/0!,#DIV/0!,0,0,0,0,,,,,,,,,,,,,,,,,,,,,,,,,,,,,,,,,Good or bad,,,,,,,,,
FR,gâteau au yogourt ricardo,RECIPES,RECIPES,Recipes with yogurt,,,,,#DIV/0!,#DIV/0!,0,0,0,0,,,,,,,,,,,,,,,,,,,,,,,,,Yogurt,,,,,,,,,,,,,,,,,
New,skyr yogurt nutrition,PRODUCTS,PLANT BASED YOGURTS,Generic,,,,,#DIV/0!,#DIV/0!,0,0,0,0,,,,,,,,,,,,,,,,,,,,,,,,,Skyr,,,,,,,,,,,,,,,,,
New,ingredients in oikos yogurt,HEALTH,COMPOSITION,Generic,,,,,#DIV/0!,#DIV/0!,0,0,0,0,,,,,,,,,,,,,,,,,,,,,,,,,Yogurt,,,,Oikos,,,,,,,,,,,,,
New,oikos company,PRODUCTS,BRANDS,Danone - generic,,,,,#DIV/0!,#DIV/0!,0,0,0,0,,,,,,,,,,,,,,,,,,,,,,,,,,,,,Oikos,,,,,,,,,,,,,
FR,oikos calories,EATING BETTER,HEALTHIER EATING,Labels & scoring,,,,,#DIV/0!,#DIV/0!,0,0,0,0,,,,,,,,,,,,,,,,,,,,,,,,,,,,Calorie,Oikos,,,,,,,,,,,,,
New,best yogurt with protein,PRODUCTS,YOGURTS,Yogurts,,,,,#DIV/0!,#DIV/0!,0,0,0,0,,,,,,,,,,,,,,,,,,,,,,,,,Yogurt,,,,,,,,Best,,,,,,,,,
New,oikos 24g protein,PRODUCTS,BRANDS,Danone - generic,,,,,#DIV/0!,#DIV/0!,0,0,0,0,,,,,,,,,,,,,,,,,,,,,,,,,,,,,Oikos,,,,,,,,,,,,,
FR,yaourt grec proteine,PRODUCTS,YOGURTS,Greek,,,,,#DIV/0!,#DIV/0!,0,0,0,0,,,,,,,,,,,,,,,,,,,,,,,,,Greek,,,Protein,,,,,,,,,,,,,,
New,healthiest greek yogurt canada,PRODUCTS,YOGURTS,Greek,,,,,#DIV/0!,#DIV/0!,0,0,0,0,,,,,,,,,,,,,,,,,,,,,,,,,Greek,,,,,,,Healthy,,,,,,,,,,
New,why is greek yogurt good for you,PRODUCTS,YOGURTS,Greek,,,,,#DIV/0!,#DIV/0!,0,0,0,0,,,,,,,,,,,,,,,,,,,,,,,,,Greek,,,,,,,,Good or bad,,,,,,,,,
FR,yogourt grec sans sucre,PRODUCTS,YOGURTS,Greek,,,,,#DIV/0!,#DIV/0!,0,0,0,0,,,,,,,,,,,,,,,,,,,,,,,,,Greek,,,Without,,,,Sugar-free,,,,,,,,,,
FR,recette gateau aux amandes,RECIPES,RECIPES,Cakes,,,,,#DIV/0!,#DIV/0!,0,0,0,0,,,,,,,,,,,,,,,,,,,,,,,,,,Almond,,,,,,,,,,,,,,,,
New,healthiest greek yogurt in canada,PRODUCTS,YOGURTS,Greek,,,,,#DIV/0!,#DIV/0!,0,0,0,0,,,,,,,,,,,,,,,,,,,,,,,,,Greek,,,,,,,Healthy,,,,,,,,,,
New,why greek yogurt is healthy,PRODUCTS,PLANT BASED YOGURTS,Generic,,,,,#DIV/0!,#DIV/0!,0,0,0,0,,,,,,,,,,,,,,,,,,,,,,,,,Greek,,,,,,,Healthy,,,,,,,,,,
New,good sources of protein for breakfast,PRODUCTS,PLANT BASED YOGURTS,Generic,,,,,#DIV/0!,#DIV/0!,0,0,0,0,,,,,,,,,,,,,,,,,,,,,,,,,,,,,,,,,Good or bad,,,,,,,,,
New,les aliments riches en protéines,HEALTH,COMPOSITION,Proteins,,,,,#DIV/0!,#DIV/0!,0,0,0,0,,,,,,,,,,,,,,,,,,,,,,,,,,Lime,,,,,,Rich in protein,,,,,,,,,,
New,yaourt grec proteines,PRODUCTS,PLANT BASED YOGURTS,Generic,,,,,#DIV/0!,#DIV/0!,0,0,0,0,,,,,,,,,,,,,,,,,,,,,,,,,Yogurt,,,,,,,,,,,,,,,,,
New,yaourt grecque proteine,PRODUCTS,PLANT BASED YOGURTS,Generic,,,,,#DIV/0!,#DIV/0!,0,0,0,0,,,,,,,,,,,,,,,,,,,,,,,,,Yogurt,,,,,,,,,,,,,,,,,
FR,dessert yogourt grec,CONSUMER HABITS,MEALS,Dessert,,,,,#DIV/0!,#DIV/0!,0,0,0,0,,,,,,,,,,,,,,,,,,,,,,,,,Greek,,,,,,,,,,Dessert,,,,,,,
FR,trempette avec yogourt grec,PRODUCTS,YOGURTS,Greek,,,,,#DIV/0!,#DIV/0!,0,0,0,0,,,,,,,,,,,,,,,,,,,,,,,,,Greek,,,,,,,,,,,,,,,,,
New,sources of protein for breakfast,PRODUCTS,PLANT BASED YOGURTS,Generic,,,,,#DIV/0!,#DIV/0!,0,0,0,0,,,,,,,,,,,,,,,,,,,,,,,,,,,,,,,,,,,,,,,,,,
New,nourriture protéinée,PRODUCTS,PLANT BASED YOGURTS,Generic,,,,,#DIV/0!,#DIV/0!,0,0,0,0,,,,,,,,,,,,,,,,,,,,,,,,,,,,,,,,,,,,,,,,,,
New,nourriture protéines,PRODUCTS,PLANT BASED YOGURTS,Generic,,,,,#DIV/0!,#DIV/0!,0,0,0,0,,,,,,,,,,,,,,,,,,,,,,,,,,,,,,,,,,,,,,,,,,
New,benefits of plain yogurt,PRODUCTS,PLANT BASED YOGURTS,Generic,,,,,#DIV/0!,#DIV/0!,0,0,0,0,,,,,,,,,,,,,,,,,,,,,,,,,Yogurt,Plain,,,,,,,,,,,,,,,,
New,which yogurt is canadian,EATING BETTER,ORIGIN,Made in Canada,,,,,#DIV/0!,#DIV/0!,0,0,0,0,,,,,,,,,,,,,,,,,,,,,,,,,Yogurt,,,,,,,,,,,,,,,,,
New,lactose free yoghurt,PRODUCTS,YOGURTS,Yogurts,,,,,#DIV/0!,#DIV/0!,0,0,0,0,,,,,,,,,,,,,,,,,,,,,,,,,Yogurt,,,Lactose,,,,,,,,,,,,,,
New,greek yogurt drinks,PRODUCTS,YOGURT DRINKS,Yogurt drinks,,,,,#DIV/0!,#DIV/0!,0,0,0,0,,,,,,,,,,,,,,,,,,,,,,,,,Greek,,,,,,,,,,,,,,,,,
New,oikos banana greek yogurt,PRODUCTS,YOGURTS,Greek,,,,,#DIV/0!,#DIV/0!,0,0,0,0,,,,,,,,,,,,,,,,,,,,,,,,,Greek,Banana,,,Oikos,,,,,,,,,,,,,
EN,oikos select greek yogurt nutrition,EATING BETTER,HEALTHIER EATING,Labels & scoring,,,,,#DIV/0!,#DIV/0!,0,0,0,0,,,,,,,,,,,,,,,,,,,,,,,,,Greek,,,,Oikos,,,,,,,,,,,,,
New,oikos protein yogurt nutrition facts,EATING BETTER,HEALTHIER EATING,Labels & scoring,,,,,#DIV/0!,#DIV/0!,0,0,0,0,,,,,,,,,,,,,,,,,,,,,,,,,Yogurt,,,,Oikos,,,,,,,,,,,,,
New,ou trouver des proteines,HEALTH,COMPOSITION,Proteins,,,,,#DIV/0!,#DIV/0!,0,0,0,0,,,,,,,,,,,,,,,,,,,,,,,,,,,,,,,,,,,,,,,,,,
New,où trouver des protéines,HEALTH,COMPOSITION,Proteins,,,,,#DIV/0!,#DIV/0!,0,0,0,0,,,,,,,,,,,,,,,,,,,,,,,,,,,,,,,,,,,,,,,,,,
FR,marinade poulet gyros,RECIPES,RECIPES,Chicken recipe,,,,,#DIV/0!,#DIV/0!,0,0,0,0,,,,,,,,,,,,,,,,,,,,,,,,,,,,,,,,,,,,,,,,,,
New,which greek yogurt is healthiest,PRODUCTS,PLANT BASED YOGURTS,Generic,,,,,#DIV/0!,#DIV/0!,0,0,0,0,,,,,,,,,,,,,,,,,,,,,,,,,Greek,,,,,,,Healthy,,,,,,,,,,
New,yogourt grec skotidakis,PRODUCTS,YOGURTS,Greek,,,,,#DIV/0!,#DIV/0!,0,0,0,0,,,,,,,,,,,,,,,,,,,,,,,,,Yogurt,,,,,,,,,,,,,,,,,
New,which greek yogurt is best,PRODUCTS,YOGURTS,Greek,,,,,#DIV/0!,#DIV/0!,0,0,0,0,,,,,,,,,,,,,,,,,,,,,,,,,Greek,,,,,,,,Best,,,,,,,,,
EN,oikos greek yogurt canada,PRODUCTS,YOGURTS,Greek,,,,,#DIV/0!,#DIV/0!,0,0,0,0,,,,,,,,,,,,,,,,,,,,,,,,,Greek,,,,Oikos,,,,,,,,,,,,,
New,yogourt nature sans sucre,PRODUCTS,PLANT BASED YOGURTS,Generic,,,,,#DIV/0!,#DIV/0!,0,0,0,0,,,,,,,,,,,,,,,,,,,,,,,,,Yogurt,Plain,,Without,,,,,,,,,,,,,,
New,high protein greek yogurt recipes,RECIPES,RECIPES,Recipes with yogurt,,,,,#DIV/0!,#DIV/0!,0,0,0,0,,,,,,,,,,,,,,,,,,,,,,,,,Greek,,,,,,,Rich in protein,,,,,,,,,,
FR,pain au yogourt,RECIPES,RECIPES,Recipes with yogurt,,,,,#DIV/0!,#DIV/0!,0,0,0,0,,,,,,,,,,,,,,,,,,,,,,,,,Yogurt,,,,,,,,,,,,,,,,,
EN,non fat yogurt,PRODUCTS,YOGURTS,Yogurts,,,,,#DIV/0!,#DIV/0!,0,0,0,0,,,,,,,,,,,,,,,,,,,,,,,,,Yogurt,,,Fat,,,,,,,,,,,,,,
New,liberty greek yogurt,PRODUCTS,YOGURTS,Greek,,,,,#DIV/0!,#DIV/0!,0,0,0,0,,,,,,,,,,,,,,,,,,,,,,,,,Greek,,,,Liberte,,,,,,,,,,,,,
New,oikos extra creamy yogurt,PRODUCTS,BRANDS,Danone - generic,,,,,#DIV/0!,#DIV/0!,0,0,0,0,,,,,,,,,,,,,,,,,,,,,,,,,Yogurt,,,,Oikos,,,,,,,,,,,,,
New,oikos 3 greek yogurt nutrition,EATING BETTER,HEALTHIER EATING,Labels & scoring,,,,,#DIV/0!,#DIV/0!,0,0,0,0,,,,,,,,,,,,,,,,,,,,,,,,,Greek,,,,Oikos,,,,,,,,,,,,,
New,fage greek yogurt canada,PRODUCTS,PLANT BASED YOGURTS,Generic,,,,,#DIV/0!,#DIV/0!,0,0,0,0,,,,,,,,,,,,,,,,,,,,,,,,,Greek,,,,,,,,,,,,,,,,,
New,skotidakis yogourt grec,PRODUCTS,YOGURTS,Greek,,,,,#DIV/0!,#DIV/0!,0,0,0,0,,,,,,,,,,,,,,,,,,,,,,,,,Yogurt,,,,,,,,,,,,,,,,,
New,is there protein in yogurt,PRODUCTS,YOGURTS,Yogurts,,,,,#DIV/0!,#DIV/0!,0,0,0,0,,,,,,,,,,,,,,,,,,,,,,,,,Yogurt,,,,,,,,,,,,,,,,,
New,zero fat greek yogurt,PRODUCTS,YOGURTS,Greek,,,,,#DIV/0!,#DIV/0!,0,0,0,0,,,,,,,,,,,,,,,,,,,,,,,,,Greek,,,Fat,,,,,,,,,,,,,,
New,no fat greek yogurt,PRODUCTS,YOGURTS,Greek,,,,,#DIV/0!,#DIV/0!,0,0,0,0,,,,,,,,,,,,,,,,,,,,,,,,,Greek,,,Fat,,,,,,,,,,,,,,
EN,oikos greek yogurt lactose free,PRODUCTS,YOGURTS,Greek,,,,,#DIV/0!,#DIV/0!,0,0,0,0,,,,,,,,,,,,,,,,,,,,,,,,,Greek,,,Lactose,Oikos,,,,,,,,,,,,,
New,product of canada yogurt,PRODUCTS,YOGURTS,Yogurts,,,,,#DIV/0!,#DIV/0!,0,0,0,0,,,,,,,,,,,,,,,,,,,,,,,,,Yogurt,,,,,,,,,,,,,,,,,
New,canadian yogurt brand,EATING BETTER,ORIGIN,Made in Canada,,,,,#DIV/0!,#DIV/0!,0,0,0,0,,,,,,,,,,,,,,,,,,,,,,,,,Yogurt,,,,,,,,,,,,,,,,,
New,which yogurt is made in canada,PRODUCTS,YOGURTS,Yogurts,,,,,#DIV/0!,#DIV/0!,0,0,0,0,,,,,,,,,,,,,,,,,,,,,,,,,Yogurt,,,,,,,,,,,,,,,,,
New,is greek yogurt good for gut health,PRODUCTS,YOGURTS,Greek,,,,,#DIV/0!,#DIV/0!,0,0,0,0,,,,,,,,,,,,,,,,,,,,,,,,,Greek,,,,,,,Healthy,Good or bad,,,,,,,,,
New,ratio yogurt canada,PRODUCTS,YOGURTS,Yogurts,,,,,#DIV/0!,#DIV/0!,0,0,0,0,,,,,,,,,,,,,,,,,,,,,,,,,Yogurt,,,,,,,,,,,,,,,,,
New,canadian yoghurt,EATING BETTER,ORIGIN,Made in Canada,,,,,#DIV/0!,#DIV/0!,0,0,0,0,,,,,,,,,,,,,,,,,,,,,,,,,Yogurt,,,,,,,,,,,,,,,,,
FR,recette avec yogourt vanille,RECIPES,RECIPES,Recipes with yogurt,,,,,#DIV/0!,#DIV/0!,0,0,0,0,,,,,,,,,,,,,,,,,,,,,,,,,Yogurt,Vanilla,,,,,,,,,,,,,,,,
New,greek yogurt nutritional value,EATING BETTER,HEALTHIER EATING,Labels & scoring,,,,,#DIV/0!,#DIV/0!,0,0,0,0,,,,,,,,,,,,,,,,,,,,,,,,,Greek,,,,,,,,,,,,,,,,,
New,is vanilla greek yogurt healthy,PRODUCTS,PLANT BASED YOGURTS,Generic,,,,,#DIV/0!,#DIV/0!,0,0,0,0,,,,,,,,,,,,,,,,,,,,,,,,,Greek,Vanilla,,,,,,Healthy,,,,,,,,,,
FR,oikos yoghurt,PRODUCTS,BRANDS,Yogurts,,,,,#DIV/0!,#DIV/0!,0,0,0,0,,,,,,,,,,,,,,,,,,,,,,,,,Yogurt,,,,Oikos,,,,,,,,,,,,,
New,greek yogurt 0 nutrition,EATING BETTER,HEALTHIER EATING,Labels & scoring,,,,,#DIV/0!,#DIV/0!,0,0,0,0,,,,,,,,,,,,,,,,,,,,,,,,,Greek,,,Without,,,,,,,,,,,,,,
New,0 greek yogurt nutrition,EATING BETTER,HEALTHIER EATING,Labels & scoring,,,,,#DIV/0!,#DIV/0!,0,0,0,0,,,,,,,,,,,,,,,,,,,,,,,,,Greek,,,Without,,,,,,,,,,,,,,
New,greek yogurt best brands,PRODUCTS,PLANT BASED YOGURTS,Generic,,,,,#DIV/0!,#DIV/0!,0,0,0,0,,,,,,,,,,,,,,,,,,,,,,,,,Greek,,,,,,,,Best,,,,,,,,,
New,greek yogurt nutrition value,EATING BETTER,HEALTHIER EATING,Labels & scoring,,,,,#DIV/0!,#DIV/0!,0,0,0,0,,,,,,,,,,,,,,,,,,,,,,,,,Greek,,,,,,,,,,,,,,,,,
New,what is best yogurt to eat,PRODUCTS,YOGURTS,Yogurts,,,,,#DIV/0!,#DIV/0!,0,0,0,0,,,,,,,,,,,,,,,,,,,,,,,,,Yogurt,,,,,,,,Best,,,,,,,,,
New,oikos lemon meringue,PRODUCTS,YOGURTS,Greek,,,,,#DIV/0!,#DIV/0!,0,0,0,0,,,,,,,,,,,,,,,,,,,,,,,,,,Lemon,,,Oikos,,,,,,,,,,,,,
FR,pain banane chocolat yogourt,RECIPES,RECIPES,Recipes with yogurt,,,,,#DIV/0!,#DIV/0!,0,0,0,0,,,,,,,,,,,,,,,,,,,,,,,,,Yogurt,Banana,,,,,,,,,,,,,,,,
New,best greek yogurt for high cholesterol,HEALTH,FOOD SUPPLEMENTS,Anti-cholesterol,,,,,#DIV/0!,#DIV/0!,0,0,0,0,,,,,,,,,,,,,,,,,,,,,,,,,Greek,,,,,,,Rich in protein,Best,,,,,,,,,
New,what are the best yoghurts to eat,PRODUCTS,PLANT BASED YOGURTS,Generic,,,,,#DIV/0!,#DIV/0!,0,0,0,0,,,,,,,,,,,,,,,,,,,,,,,,,Yogurt,,,,,,,,Best,,,,,,,,,
New,best brand of greek yogurt,PRODUCTS,PLANT BASED YOGURTS,Generic,,,,,#DIV/0!,#DIV/0!,0,0,0,0,,,,,,,,,,,,,,,,,,,,,,,,,Greek,,,,,,,,Best,,,,,,,,,
New,lowest carb greek yogurt,PRODUCTS,PLANT BASED YOGURTS,Generic,,,,,#DIV/0!,#DIV/0!,0,0,0,0,,,,,,,,,,,,,,,,,,,,,,,,,Greek,,,,,,,,,,,,,,,,,
New,nutritional values of greek yogurt,PRODUCTS,PLANT BASED YOGURTS,Generic,,,,,#DIV/0!,#DIV/0!,0,0,0,0,,,,,,,,,,,,,,,,,,,,,,,,,Greek,,,,,,,,,,,,,,,,,
New,yogourt grec riviera,PRODUCTS,PLANT BASED YOGURTS,Generic,,,,,#DIV/0!,#DIV/0!,0,0,0,0,,,,,,,,,,,,,,,,,,,,,,,,,Yogurt,,,,,,,,,,,,,,,,,
New,what is greek yogurt good for,PRODUCTS,YOGURTS,Greek,,,,,#DIV/0!,#DIV/0!,0,0,0,0,,,,,,,,,,,,,,,,,,,,,,,,,Greek,,,,,,,,Good or bad,,,,,,,,,
New,oikos 11,PRODUCTS,YOGURTS,Greek,,,,,#DIV/0!,#DIV/0!,0,0,0,0,,,,,,,,,,,,,,,,,,,,,,,,,,,,,Oikos,,,,,,,,,,,,,
New,yogurt griego sin azucar,PRODUCTS,YOGURTS,Greek,,,,,#DIV/0!,#DIV/0!,0,0,0,0,,,,,,,,,,,,,,,,,,,,,,,,,Yogurt,,,,,,,,,,,,,,,,,
New,benefits of plain greek yogurt,PRODUCTS,YOGURTS,Greek,,,,,#DIV/0!,#DIV/0!,0,0,0,0,,,,,,,,,,,,,,,,,,,,,,,,,Greek,Plain,,,,,,,,,,,,,,,,
New,low carb greek yogurt,PRODUCTS,YOGURTS,Greek,,,,,#DIV/0!,#DIV/0!,0,0,0,0,,,,,,,,,,,,,,,,,,,,,,,,,Greek,,,,,,,,,,,,,,,,,
New,what is the best yogurt to eat,PRODUCTS,YOGURTS,Yogurts,,,,,#DIV/0!,#DIV/0!,0,0,0,0,,,,,,,,,,,,,,,,,,,,,,,,,Yogurt,,,,,,,,Best,,,,,,,,,
New,oikos flavors,PRODUCTS,YOGURTS,Yogurts,,,,,#DIV/0!,#DIV/0!,0,0,0,0,,,,,,,,,,,,,,,,,,,,,,,,,,,,,Oikos,,,,,,,,,,,,,
New,best greek yogurt brand,PRODUCTS,PLANT BASED YOGURTS,Generic,,,,,#DIV/0!,#DIV/0!,0,0,0,0,,,,,,,,,,,,,,,,,,,,,,,,,Greek,,,,,,,,Best,,,,,,,,,
New,benefits of eating yogurt everyday,PRODUCTS,PLANT BASED YOGURTS,Generic,,,,,#DIV/0!,#DIV/0!,0,0,0,0,,,,,,,,,,,,,,,,,,,,,,,,,Yogurt,,,,,,,,,,,,,,,,,
New,greek yogurt benefits for women,PRODUCTS,PLANT BASED YOGURTS,Generic,,,,,#DIV/0!,#DIV/0!,0,0,0,0,,,,,,,,,,,,,,,,,,,,,,,,,Greek,,,,,,Women,,,,,,,,,,,
New,idée déjeuner protéiné,PRODUCTS,PLANT BASED YOGURTS,Generic,,,,,#DIV/0!,#DIV/0!,0,0,0,0,,,,,,,,,,,,,,,,,,,,,,,,,,,,,,,,,,,,,,,,,,
New,high protein ingredients,PRODUCTS,PLANT BASED YOGURTS,Generic,,,,,#DIV/0!,#DIV/0!,0,0,0,0,,,,,,,,,,,,,,,,,,,,,,,,,,,,,,,,Rich in protein,,,,,,,,,,
New,rich protein food,PRODUCTS,PLANT BASED YOGURTS,Generic,,,,,#DIV/0!,#DIV/0!,0,0,0,0,,,,,,,,,,,,,,,,,,,,,,,,,,,,,,,,Rich in protein,,,,,,,,,,
New,how many proteins in yogurt,PRODUCTS,PLANT BASED YOGURTS,Generic,,,,,#DIV/0!,#DIV/0!,0,0,0,0,,,,,,,,,,,,,,,,,,,,,,,,,Yogurt,,,,,,,,,,,,,,,,,
New,best brand greek yogurt,PRODUCTS,YOGURTS,Greek,,,,,#DIV/0!,#DIV/0!,0,0,0,0,,,,,,,,,,,,,,,,,,,,,,,,,Greek,,,,,,,,Best,,,,,,,,,
New,nutritional value of greek yogurt,EATING BETTER,HEALTHIER EATING,Labels & scoring,,,,,#DIV/0!,#DIV/0!,0,0,0,0,,,,,,,,,,,,,,,,,,,,,,,,,Greek,,,,,,,,,,,,,,,,,
FR,oikos flavours,PRODUCTS,BRANDS,Danone - generic,,,,,#DIV/0!,#DIV/0!,0,0,0,0,,,,,,,,,,,,,,,,,,,,,,,,,,,,,Oikos,,,,,,,,,,,,,
EN,oykos yogurt,PRODUCTS,YOGURTS,Yogurts,,,,,#DIV/0!,#DIV/0!,0,0,0,0,,,,,,,,,,,,,,,,,,,,,,,,,Yogurt,,,,,,,,,,,,,,,,,
FR,pancake yogourt grec,RECIPES,RECIPES,Recipes with yogurt,,,,,#DIV/0!,#DIV/0!,0,0,0,0,,,,,,,,,,,,,,,,,,,,,,,,,Greek,,,,,,,,,,,,,,,,,
FR,pain aux bananes yogourt,RECIPES,RECIPES,Recipes with yogurt,,,,,#DIV/0!,#DIV/0!,0,0,0,0,,,,,,,,,,,,,,,,,,,,,,,,,Yogurt,Banana,,,,,,,,,,,,,,,,
FR,recette gyros poulet authentique,RECIPES,RECIPES,Chicken recipe,,,,,#DIV/0!,#DIV/0!,0,0,0,0,,,,,,,,,,,,,,,,,,,,,,,,,,,,,,,,,,,,,,,,,,
New,greek yogurt 0 calories,PRODUCTS,PLANT BASED YOGURTS,Generic,,,,,#DIV/0!,#DIV/0!,0,0,0,0,,,,,,,,,,,,,,,,,,,,,,,,,Greek,,,Calorie,,,,,,,,,,,,,,
New,greek yogurt low carb,PRODUCTS,PLANT BASED YOGURTS,Generic,,,,,#DIV/0!,#DIV/0!,0,0,0,0,,,,,,,,,,,,,,,,,,,,,,,,,Greek,,,,,,,,,,,,,,,,,
New,greek yogurt sugar,PRODUCTS,PLANT BASED YOGURTS,Generic,,,,,#DIV/0!,#DIV/0!,0,0,0,0,,,,,,,,,,,,,,,,,,,,,,,,,Greek,,,Sugar,,,,,,,,,,,,,,
New,plain greek yogurt benefits,PRODUCTS,PLANT BASED YOGURTS,Generic,,,,,#DIV/0!,#DIV/0!,0,0,0,0,,,,,,,,,,,,,,,,,,,,,,,,,Greek,Plain,,,,,,,,,,,,,,,,
New,greek yogurt best brand,PRODUCTS,PLANT BASED YOGURTS,Generic,,,,,#DIV/0!,#DIV/0!,0,0,0,0,,,,,,,,,,,,,,,,,,,,,,,,,Greek,,,,,,,,Best,,,,,,,,,
New,what yogurt brands are canadian,EATING BETTER,ORIGIN,Made in Canada,,,,,#DIV/0!,#DIV/0!,0,0,0,0,,,,,,,,,,,,,,,,,,,,,,,,,Yogurt,,,,,,,,,,,,,,,,,
New,canadian made milk,EATING BETTER,ORIGIN,Made in Canada,,,,,#DIV/0!,#DIV/0!,0,0,0,0,,,,,,,,,,,,,,,,,,,,,,,,,,,,Milk,,,,,,,,,,,,,,
EN,vanilla oikos greek yogurt,PRODUCTS,YOGURTS,Greek,,,,,#DIV/0!,#DIV/0!,0,0,0,0,,,,,,,,,,,,,,,,,,,,,,,,,Greek,Vanilla,,,Oikos,,,,,,,,,,,,,
New,yogurt healthy brands,PRODUCTS,PLANT BASED YOGURTS,Generic,,,,,#DIV/0!,#DIV/0!,0,0,0,0,,,,,,,,,,,,,,,,,,,,,,,,,Yogurt,,,,,,,Healthy,,,,,,,,,,
New,triple 000 yogurt,PRODUCTS,PLANT BASED YOGURTS,Generic,,,,,#DIV/0!,#DIV/0!,0,0,0,0,,,,,,,,,,,,,,,,,,,,,,,,,Yogurt,,,Without,,,,,,,,,,,,,,
EN,oikos greek yogurt nutrition strawberry,EATING BETTER,HEALTHIER EATING,Labels & scoring,,,,,#DIV/0!,#DIV/0!,0,0,0,0,,,,,,,,,,,,,,,,,,,,,,,,,Greek,Strawberry,,,Oikos,,,,,,,,,,,,,
New,oikos triple zero canada where to buy,PRODUCTS,YOGURTS,Greek,,,,,#DIV/0!,#DIV/0!,0,0,0,0,,,,,,,,,,,,,,,,,,,,,,,,,,,,,Oikos,,,,,,,,,,,,,
New,oikos lime yogurt,PRODUCTS,YOGURTS,Greek,,,,,#DIV/0!,#DIV/0!,0,0,0,0,,,,,,,,,,,,,,,,,,,,,,,,,Yogurt,Lime,,,Oikos,,,,,,,,,,,,,
New,oikos strawberry greek yogurt calories,EATING BETTER,HEALTHIER EATING,Labels & scoring,,,,,#DIV/0!,#DIV/0!,0,0,0,0,,,,,,,,,,,,,,,,,,,,,,,,,Greek,Strawberry,,Calorie,Oikos,,,,,,,,,,,,,
New,oikos key lime,PRODUCTS,BRANDS,Danone - generic,,,,,#DIV/0!,#DIV/0!,0,0,0,0,,,,,,,,,,,,,,,,,,,,,,,,,,Lime,,,Oikos,,,,,,,,,,,,,
New,yogourt grec iga,PRODUCTS,PLANT BASED YOGURTS,Generic,,,,,#DIV/0!,#DIV/0!,0,0,0,0,,,,,,,,,,,,,,,,,,,,,,,,,Yogurt,,,,,IGA,,,,,,,,,,,,
New,safeway greek yogurt,PRODUCTS,PLANT BASED YOGURTS,Generic,,,,,#DIV/0!,#DIV/0!,0,0,0,0,,,,,,,,,,,,,,,,,,,,,,,,,Greek,,,,,,,,,,,,,,,,,
New,repas riche en protéine,HEALTH,COMPOSITION,Proteins,,,,,#DIV/0!,#DIV/0!,0,0,0,0,,,,,,,,,,,,,,,,,,,,,,,,,,,,,,,,Rich in protein,,,,,,,,,,
New,oikos pro yogurt nutrition,EATING BETTER,HEALTHIER EATING,Labels & scoring,,,,,#DIV/0!,#DIV/0!,0,0,0,0,,,,,,,,,,,,,,,,,,,,,,,,,Yogurt,,,,Oikos,,,,,,,,,,,,,
New,yogourt protein,PRODUCTS,YOGURTS,Yogurts,,,,,#DIV/0!,#DIV/0!,0,0,0,0,,,,,,,,,,,,,,,,,,,,,,,,,Yogurt,,,,,,,,,,,,,,,,,
New,oikos greek yogurt select,PRODUCTS,YOGURTS,Greek,,,,,#DIV/0!,#DIV/0!,0,0,0,0,,,,,,,,,,,,,,,,,,,,,,,,,Greek,,,,Oikos,,,,,,,,,,,,,
New,best yogurt with high protein,PRODUCTS,PLANT BASED YOGURTS,Generic,,,,,#DIV/0!,#DIV/0!,0,0,0,0,,,,,,,,,,,,,,,,,,,,,,,,,Yogurt,,,,,,,Rich in protein,Best,,,,,,,,,
New,benefits of eating greek yogurt,PRODUCTS,YOGURTS,Greek,,,,,#DIV/0!,#DIV/0!,0,0,0,0,,,,,,,,,,,,,,,,,,,,,,,,,Greek,,,,,,,,,,,,,,,,,
EN,how many calories in oikos greek yogurt,EATING BETTER,HEALTHIER EATING,Labels & scoring,,,,,#DIV/0!,#DIV/0!,0,0,0,0,,,,,,,,,,,,,,,,,,,,,,,,How,Greek,,,Calorie,Oikos,,,,,,,,,,,,,
New,produits laitiers canada,PRODUCTS,PLANT BASED YOGURTS,Generic,,,,,#DIV/0!,#DIV/0!,0,0,0,0,,,,,,,,,,,,,,,,,,,,,,,,,,,,,,,,,,,,,,,,,,
New,oikos triple zero costco canada,PRODUCTS,PLANT BASED YOGURTS,Generic,,,,,#DIV/0!,#DIV/0!,0,0,0,0,,,,,,,,,,,,,,,,,,,,,,,,,,,,,Oikos,,,,,,,,,,,,,
New,yogurt triple zero,PRODUCTS,PLANT BASED YOGURTS,Generic,,,,,#DIV/0!,#DIV/0!,0,0,0,0,,,,,,,,,,,,,,,,,,,,,,,,,Yogurt,,,,,,,,,,,,,,,,,
New,oikos select greek yogurt,PRODUCTS,YOGURTS,Greek,,,,,#DIV/0!,#DIV/0!,0,0,0,0,,,,,,,,,,,,,,,,,,,,,,,,,Greek,,,,Oikos,,,,,,,,,,,,,
New,triple 0 yogurt,PRODUCTS,YOGURTS,Greek,,,,,#DIV/0!,#DIV/0!,0,0,0,0,,,,,,,,,,,,,,,,,,,,,,,,,Yogurt,,,Without,,,,,,,,,,,,,,
New,best high protein yogurt,PRODUCTS,YOGURTS,Yogurts,,,,,#DIV/0!,#DIV/0!,0,0,0,0,,,,,,,,,,,,,,,,,,,,,,,,,Yogurt,,,,,,,Rich in protein,Best,,,,,,,,,
FR,pain banane yogourt avoine,RECIPES,RECIPES,Recipes with yogurt,,,,,#DIV/0!,#DIV/0!,0,0,0,0,,,,,,,,,,,,,,,,,,,,,,,,,Yogurt,Oat,,,,,,,,,,,,,,,,
New,healthiest brand of yogurt,PRODUCTS,PLANT BASED YOGURTS,Generic,,,,,#DIV/0!,#DIV/0!,0,0,0,0,,,,,,,,,,,,,,,,,,,,,,,,,Yogurt,,,,,,,Healthy,,,,,,,,,,
New,most healthy yogurt brand,PRODUCTS,PLANT BASED YOGURTS,Generic,,,,,#DIV/0!,#DIV/0!,0,0,0,0,,,,,,,,,,,,,,,,,,,,,,,,,Yogurt,,,,,,,Healthy,,,,,,,,,,
New,protein based foods,PRODUCTS,PLANT BASED YOGURTS,Generic,,,,,#DIV/0!,#DIV/0!,0,0,0,0,,,,,,,,,,,,,,,,,,,,,,,,,,,,,,,,,,,,,,,,,,
New,key lime oikos,PRODUCTS,BRANDS,Danone - generic,,,,,#DIV/0!,#DIV/0!,0,0,0,0,,,,,,,,,,,,,,,,,,,,,,,,,,Lime,,,Oikos,,,,,,,,,,,,,
FR,boulette de poulet haché sauce crémeuse,RECIPES,RECIPES,Chicken recipe,,,,,#DIV/0!,#DIV/0!,0,0,0,0,,,,,,,,,,,,,,,,,,,,,,,,,,,,,,,,,,,,,,,,,,
New,high protein yoghurt,PRODUCTS,YOGURTS,Yogurts,,,,,#DIV/0!,#DIV/0!,0,0,0,0,,,,,,,,,,,,,,,,,,,,,,,,,Yogurt,,,,,,,Rich in protein,,,,,,,,,,
New,healthiest yogurt brands,PRODUCTS,YOGURTS,Yogurts,,,,,#DIV/0!,#DIV/0!,0,0,0,0,,,,,,,,,,,,,,,,,,,,,,,,,Yogurt,,,,,,,Healthy,,,,,,,,,,
New,oikos pro drink canada,PRODUCTS,YOGURT DRINKS,Yogurt drinks,,,,,#DIV/0!,#DIV/0!,0,0,0,0,,,,,,,,,,,,,,,,,,,,,,,,,,,,,Oikos,,,,,,,,,,,,,
New,oikos clp sl pro yogurt,PRODUCTS,BRANDS,Danone - generic,,,,,#DIV/0!,#DIV/0!,0,0,0,0,,,,,,,,,,,,,,,,,,,,,,,,,Yogurt,,,,Oikos,,,,,,,,,,,,,
New,oikos yogurt where is it made,PRODUCTS,PLANT BASED YOGURTS,Generic,,,,,#DIV/0!,#DIV/0!,0,0,0,0,,,,,,,,,,,,,,,,,,,,,,,,,Yogurt,,,,Oikos,,,,,,,,,,,,,
New,oikos greek yogurt plain nutrition facts,PRODUCTS,PLANT BASED YOGURTS,Generic,,,,,#DIV/0!,#DIV/0!,0,0,0,0,,,,,,,,,,,,,,,,,,,,,,,,,Greek,Plain,,,Oikos,,,,,,,,,,,,,
New,aliments contenants des proteines,PRODUCTS,PLANT BASED YOGURTS,Generic,,,,,#DIV/0!,#DIV/0!,0,0,0,0,,,,,,,,,,,,,,,,,,,,,,,,,,Lime,,,,,,,,,,,,,,,,
FR,pancake yogourt,RECIPES,RECIPES,Recipes with yogurt,,,,,#DIV/0!,#DIV/0!,0,0,0,0,,,,,,,,,,,,,,,,,,,,,,,,,Yogurt,,,,,,,,,,,,,,,,,
New,oikos lime,PRODUCTS,BRANDS,Danone - generic,,,,,#DIV/0!,#DIV/0!,0,0,0,0,,,,,,,,,,,,,,,,,,,,,,,,,,Lime,,,Oikos,,,,,,,,,,,,,
New,oikos pro 24g protein,PRODUCTS,BRANDS,Danone - generic,,,,,#DIV/0!,#DIV/0!,0,0,0,0,,,,,,,,,,,,,,,,,,,,,,,,,,,,,Oikos,,,,,,,,,,,,,
New,which yogurt has most protein,PRODUCTS,YOGURTS,Yogurts,,,,,#DIV/0!,#DIV/0!,0,0,0,0,,,,,,,,,,,,,,,,,,,,,,,,,Yogurt,,,,,,,,,,,,,,,,,
EN,oikos lime greek yogurt nutrition,EATING BETTER,HEALTHIER EATING,Labels & scoring,,,,,#DIV/0!,#DIV/0!,0,0,0,0,,,,,,,,,,,,,,,,,,,,,,,,,Greek,Lime,,,Oikos,,,,,,,,,,,,,
New,best protein yogurt,PRODUCTS,YOGURTS,Yogurts,,,,,#DIV/0!,#DIV/0!,0,0,0,0,,,,,,,,,,,,,,,,,,,,,,,,,Yogurt,,,,,,,,Best,,,,,,,,,
New,which yogurt has more protein,PRODUCTS,PLANT BASED YOGURTS,Generic,,,,,#DIV/0!,#DIV/0!,0,0,0,0,,,,,,,,,,,,,,,,,,,,,,,,,Yogurt,,,,,,,,,,,,,,,,,
EN,oikos coconut greek yogurt,PRODUCTS,YOGURTS,Greek,,,,,#DIV/0!,#DIV/0!,0,0,0,0,,,,,,,,,,,,,,,,,,,,,,,,,Greek,Coconut,,,Oikos,,,,,,,,,,,,,
EN,oikos greek yogurt no sugar,PRODUCTS,YOGURTS,Greek,,,,,#DIV/0!,#DIV/0!,0,0,0,0,,,,,,,,,,,,,,,,,,,,,,,,,Greek,,,Sugar,Oikos,,,Sugar-free,,,,,,,,,,
New,what protein is good for breakfast,PRODUCTS,PLANT BASED YOGURTS,Generic,,,,,#DIV/0!,#DIV/0!,0,0,0,0,,,,,,,,,,,,,,,,,,,,,,,,,,,,,,,,,Good or bad,,,,,,,,,
New,aliment contenant des protéines,PRODUCTS,PLANT BASED YOGURTS,Generic,,,,,#DIV/0!,#DIV/0!,0,0,0,0,,,,,,,,,,,,,,,,,,,,,,,,,,Lime,,,,,,,,,,,,,,,,
New,quick source of protein,HEALTH,COMPOSITION,Proteins,,,,,#DIV/0!,#DIV/0!,0,0,0,0,,,,,,,,,,,,,,,,,,,,,,,,,,,,,,,,,,,,,,,,,,
EN,does oikos greek yogurt have probiotics,HEALTH,COMPOSITION,Probiotics,,,,,#DIV/0!,#DIV/0!,0,0,0,0,,,,,,,,,,,,,,,,,,,,,,,,Does/Do,Greek,,,Probiotic,Oikos,,,,,,,,,,,,,
New,high protein yogurt drinks,PRODUCTS,YOGURT DRINKS,Yogurt drinks,,,,,#DIV/0!,#DIV/0!,0,0,0,0,,,,,,,,,,,,,,,,,,,,,,,,,Yogurt,,,,,,,Rich in protein,,,,,,,,,,
New,best protein yogurts,PRODUCTS,YOGURTS,Yogurts,,,,,#DIV/0!,#DIV/0!,0,0,0,0,,,,,,,,,,,,,,,,,,,,,,,,,Yogurt,,,,,,,,Best,,,,,,,,,
FR,yogourt sans gluten,PRODUCTS,YOGURTS,Yogurts,,,,,#DIV/0!,#DIV/0!,0,0,0,0,,,,,,,,,,,,,,,,,,,,,,,,,Yogurt,,,Without,,,,Gluten-free,,,,,,,,,,
FR,gateau au yogourt grec,RECIPES,RECIPES,Recipes with yogurt,,,,,#DIV/0!,#DIV/0!,0,0,0,0,,,,,,,,,,,,,,,,,,,,,,,,,Greek,,,,,,,,,,,,,,,,,
FR,gateau avec yogourt,RECIPES,RECIPES,Recipes with yogurt,,,,,#DIV/0!,#DIV/0!,0,0,0,0,,,,,,,,,,,,,,,,,,,,,,,,,Yogurt,,,,,,,,,,,,,,,,,
New,what is a good protein breakfast,PRODUCTS,PLANT BASED YOGURTS,Generic,,,,,#DIV/0!,#DIV/0!,0,0,0,0,,,,,,,,,,,,,,,,,,,,,,,,,,,,,,,,,Good or bad,,,,,,,,,
New,which yogurt has the most protein,PRODUCTS,YOGURTS,Yogurts,,,,,#DIV/0!,#DIV/0!,0,0,0,0,,,,,,,,,,,,,,,,,,,,,,,,,Yogurt,,,,,,,,,,,,,,,,,
New,aliments contenant des protéines,PRODUCTS,PLANT BASED YOGURTS,Generic,,,,,#DIV/0!,#DIV/0!,0,0,0,0,,,,,,,,,,,,,,,,,,,,,,,,,,Lime,,,,,,,,,,,,,,,,
New,how much calcium in greek yogurt,HEALTH,FOOD SUPPLEMENTS,Calcium,,,,,#DIV/0!,#DIV/0!,0,0,0,0,,,,,,,,,,,,,,,,,,,,,,,,,Greek,,,Calcium,,,,,,,,,,,,,,
New,0 yogurt,PRODUCTS,YOGURTS,Yogurts,,,,,#DIV/0!,#DIV/0!,0,0,0,0,,,,,,,,,,,,,,,,,,,,,,,,,Yogurt,,,Without,,,,,,,,,,,,,,
New,greek yogurt and protein powder recipes,RECIPES,RECIPES,Recipes with yogurt,,,,,#DIV/0!,#DIV/0!,0,0,0,0,,,,,,,,,,,,,,,,,,,,,,,,,Greek,,,,,,,,,,,,,,,,,
New,oikos greek yogurt 3 assorted flavours variety pack,PRODUCTS,YOGURTS,Greek,,,,,#DIV/0!,#DIV/0!,0,0,0,0,,,,,,,,,,,,,,,,,,,,,,,,,Greek,,,,Oikos,,,,,,,,,,,,,
EN,triple zero yogurt,PRODUCTS,YOGURTS,Yogurts,,,,,#DIV/0!,#DIV/0!,0,0,0,0,,,,,,,,,,,,,,,,,,,,,,,,,Yogurt,,,,,,,,,,,,,,,,,
FR,gâteau au fromage sans cuisson facile,RECIPES,RECIPES,Cakes,,,,,#DIV/0!,#DIV/0!,0,0,0,0,,,,,,,,,,,,,,,,,,,,,,,,,,,,Without,,,,,,,,,,,,,,
EN,key lime greek yogurt,PRODUCTS,YOGURTS,Greek,,,,,#DIV/0!,#DIV/0!,0,0,0,0,,,,,,,,,,,,,,,,,,,,,,,,,Greek,Lime,,,,,,,,,,,,,,,,
New,berry smoothie with greek yogurt,PRODUCTS,PLANT BASED YOGURTS,Generic,,,,,#DIV/0!,#DIV/0!,0,0,0,0,,,,,,,,,,,,,,,,,,,,,,,,,Greek,,,,,,,,,,,,,,,,,
New,oikos plain greek yogurt nutrition label,PRODUCTS,PLANT BASED YOGURTS,Generic,,,,,#DIV/0!,#DIV/0!,0,0,0,0,,,,,,,,,,,,,,,,,,,,,,,,,Greek,Plain,,,Oikos,,,,,,,,,,,,,
New,oikos 3 greek yogurt,PRODUCTS,YOGURTS,Greek,,,,,#DIV/0!,#DIV/0!,0,0,0,0,,,,,,,,,,,,,,,,,,,,,,,,,Greek,,,,Oikos,,,,,,,,,,,,,
New,protein yoghurt,PRODUCTS,PLANT BASED YOGURTS,Generic,,,,,#DIV/0!,#DIV/0!,0,0,0,0,,,,,,,,,,,,,,,,,,,,,,,,,Yogurt,,,,,,,,,,,,,,,,,
New,high protein yogurt drink,PRODUCTS,YOGURT DRINKS,Yogurt drinks,,,,,#DIV/0!,#DIV/0!,0,0,0,0,,,,,,,,,,,,,,,,,,,,,,,,,Yogurt,,,,,,,Rich in protein,,,,,,,,,,
FR,sauce fromage bleu pour ailes poulet,RECIPES,RECIPES,Chicken recipe,,,,,#DIV/0!,#DIV/0!,0,0,0,0,,,,,,,,,,,,,,,,,,,,,,,,,,,,,,,,,,,,,,,,,,
New,oikos greek yogurt pro,PRODUCTS,YOGURTS,Greek,,,,,#DIV/0!,#DIV/0!,0,0,0,0,,,,,,,,,,,,,,,,,,,,,,,,,Greek,,,,Oikos,,,,,,,,,,,,,
New,yogourt grecque,PRODUCTS,YOGURTS,Greek,,,,,#DIV/0!,#DIV/0!,0,0,0,0,,,,,,,,,,,,,,,,,,,,,,,,,Yogurt,,,,,,,,,,,,,,,,,
EN,high fat yogurt canada,PRODUCTS,YOGURTS,Yogurts,,,,,#DIV/0!,#DIV/0!,0,0,0,0,,,,,,,,,,,,,,,,,,,,,,,,,Yogurt,,,Fat,,,,Rich in protein,,,,,,,,,,
New,cooking with greek yogurt,RECIPES,RECIPES,Recipes with yogurt,,,,,#DIV/0!,#DIV/0!,0,0,0,0,,,,,,,,,,,,,,,,,,,,,,,,,Greek,,,,,,,,,,,,,,,,,
FR,sauce pour tremper poulet,RECIPES,RECIPES,Chicken recipe,,,,,#DIV/0!,#DIV/0!,0,0,0,0,,,,,,,,,,,,,,,,,,,,,,,,,,,,,,,,,,,,,,,,,,
New,oikos no sugar added,PRODUCTS,BRANDS,Danone - generic,,,,,#DIV/0!,#DIV/0!,0,0,0,0,,,,,,,,,,,,,,,,,,,,,,,,,,,,Sugar,Oikos,,,Sugar-free,,,,,,,,,,
New,high protein non dairy yogurt,PRODUCTS,YOGURTS,Yogurts,,,,,#DIV/0!,#DIV/0!,0,0,0,0,,,,,,,,,,,,,,,,,,,,,,,,,Yogurt,,,Dairy,,,,Rich in protein,,,,,,,,,,
New,protein curd,PRODUCTS,PLANT BASED YOGURTS,Generic,,,,,#DIV/0!,#DIV/0!,0,0,0,0,,,,,,,,,,,,,,,,,,,,,,,,,Curd,,,,,,,,,,,,,,,,,
New,protein content in greek yogurt,PRODUCTS,PLANT BASED YOGURTS,Generic,,,,,#DIV/0!,#DIV/0!,0,0,0,0,,,,,,,,,,,,,,,,,,,,,,,,,Greek,,,,,,,,,,,,,,,,,
New,oikos greek yogurt probiotic,PRODUCTS,PLANT BASED YOGURTS,Generic,,,,,#DIV/0!,#DIV/0!,0,0,0,0,,,,,,,,,,,,,,,,,,,,,,,,,Greek,,,Probiotic,Oikos,,,,,,,,,,,,,
New,is greek yogurt protein,PRODUCTS,PLANT BASED YOGURTS,Generic,,,,,#DIV/0!,#DIV/0!,0,0,0,0,,,,,,,,,,,,,,,,,,,,,,,,,Greek,,,,,,,,,,,,,,,,,
New,0 fat yogurt,PRODUCTS,YOGURTS,Yogurts,,,,,#DIV/0!,#DIV/0!,0,0,0,0,,,,,,,,,,,,,,,,,,,,,,,,,Yogurt,,,Fat,,,,Fat-free,,,,,,,,,,
New,protein content greek yogurt,PRODUCTS,PLANT BASED YOGURTS,Generic,,,,,#DIV/0!,#DIV/0!,0,0,0,0,,,,,,,,,,,,,,,,,,,,,,,,,Greek,,,,,,,,,,,,,,,,,
New,yogurt grec,PRODUCTS,PLANT BASED YOGURTS,Generic,,,,,#DIV/0!,#DIV/0!,0,0,0,0,,,,,,,,,,,,,,,,,,,,,,,,,Yogurt,,,,,,,,,,,,,,,,,
New,probiotics in oikos greek yogurt,PRODUCTS,PLANT BASED YOGURTS,Generic,,,,,#DIV/0!,#DIV/0!,0,0,0,0,,,,,,,,,,,,,,,,,,,,,,,,,Greek,,,Probiotic,Oikos,,,,,,,,,,,,,
New,greek yogurt probiotics oikos,PRODUCTS,PLANT BASED YOGURTS,Generic,,,,,#DIV/0!,#DIV/0!,0,0,0,0,,,,,,,,,,,,,,,,,,,,,,,,,Greek,,,Probiotic,Oikos,,,,,,,,,,,,,
New,greek yogurt good for you,PRODUCTS,YOGURTS,Greek,,,,,#DIV/0!,#DIV/0!,0,0,0,0,,,,,,,,,,,,,,,,,,,,,,,,,Greek,,,,,,,,Good or bad,,,,,,,,,
New,popular yogurt brands,PRODUCTS,PLANT BASED YOGURTS,Generic,,,,,#DIV/0!,#DIV/0!,0,0,0,0,,,,,,,,,,,,,,,,,,,,,,,,,Yogurt,,,,,,,,,,,,,,,,,
New,yogourt oikos en special,PRODUCTS,PLANT BASED YOGURTS,Generic,,,,,#DIV/0!,#DIV/0!,0,0,0,0,,,,,,,,,,,,,,,,,,,,,,,,,Yogurt,,,,Oikos,,,,,,,,,,,,,
New,greek yogurt protein content,PRODUCTS,YOGURTS,Greek,,,,,#DIV/0!,#DIV/0!,0,0,0,0,,,,,,,,,,,,,,,,,,,,,,,,,Greek,,,,,,,,,,,,,,,,,
New,high protein simple breakfast,CONSUMER HABITS,MEALS,Breakfast,,,,,#DIV/0!,#DIV/0!,0,0,0,0,,,,,,,,,,,,,,,,,,,,,,,,,,,,,,,,Rich in protein,,,Breakfast,,,,,,,
FR,pain banane santé yogourt,RECIPES,RECIPES,Recipes with yogurt,,,,,#DIV/0!,#DIV/0!,0,0,0,0,,,,,,,,,,,,,,,,,,,,,,,,,Yogurt,Banana,,,,,,Healthy,,,,,,,,,,
New,yogourt grec super c,PRODUCTS,PLANT BASED YOGURTS,Generic,,,,,#DIV/0!,#DIV/0!,0,0,0,0,,,,,,,,,,,,,,,,,,,,,,,,,Yogurt,,,,,Super c,,,,,,,,,,,,
New,oikos chocolate banana,PRODUCTS,YOGURTS,Greek,,,,,#DIV/0!,#DIV/0!,0,0,0,0,,,,,,,,,,,,,,,,,,,,,,,,,,Banana,,,Oikos,,,,,,,,,,,,,
FR,vinaigrette au yogourt pour salade verte,RECIPES,RECIPES,Recipes with yogurt,,,,,#DIV/0!,#DIV/0!,0,0,0,0,,,,,,,,,,,,,,,,,,,,,,,,,Yogurt,,,,,,,,,,,,,,,,,
New,is greek yogurt a protein,PRODUCTS,YOGURTS,Greek,,,,,#DIV/0!,#DIV/0!,0,0,0,0,,,,,,,,,,,,,,,,,,,,,,,,,Greek,,,,,,,,,,,,,,,,,
New,triple zero,PRODUCTS,PLANT BASED YOGURTS,Generic,,,,,#DIV/0!,#DIV/0!,0,0,0,0,,,,,,,,,,,,,,,,,,,,,,,,,,,,,,,,,,,,,,,,,,
New,greek style yogurt,PRODUCTS,PLANT BASED YOGURTS,Generic,,,,,#DIV/0!,#DIV/0!,0,0,0,0,,,,,,,,,,,,,,,,,,,,,,,,,Greek,,,,,,,,,,,,,,,,,
New,plain greek yogurt protein,PRODUCTS,PLANT BASED YOGURTS,Generic,,,,,#DIV/0!,#DIV/0!,0,0,0,0,,,,,,,,,,,,,,,,,,,,,,,,,Greek,Plain,,,,,,,,,,,,,,,,
EN,oikos 0 plain greek yogurt nutrition,EATING BETTER,HEALTHIER EATING,Labels & scoring,,,,,#DIV/0!,#DIV/0!,0,0,0,0,,,,,,,,,,,,,,,,,,,,,,,,,Greek,Plain,,Without,Oikos,,,,,,,,,,,,,
New,yoghurt brands,PRODUCTS,PLANT BASED YOGURTS,Generic,,,,,#DIV/0!,#DIV/0!,0,0,0,0,,,,,,,,,,,,,,,,,,,,,,,,,Yogurt,,,,,,,,,,,,,,,,,
New,yogourt source proteine,PRODUCTS,PLANT BASED YOGURTS,Generic,,,,,#DIV/0!,#DIV/0!,0,0,0,0,,,,,,,,,,,,,,,,,,,,,,,,,Yogurt,,,,,,,,,,,,,,,,,
New,yogurt with no sugar,PRODUCTS,YOGURTS,Yogurts,,,,,#DIV/0!,#DIV/0!,0,0,0,0,,,,,,,,,,,,,,,,,,,,,,,,,Yogurt,,,Sugar,,,,Sugar-free,,,,,,,,,,
EN,oikos blended greek yogurt,PRODUCTS,YOGURTS,Greek,,,,,#DIV/0!,#DIV/0!,0,0,0,0,,,,,,,,,,,,,,,,,,,,,,,,,Greek,,,,Oikos,,,,,,,,,,,,,
New,what can i make with greek yogurt,RECIPES,RECIPES,Recipes with yogurt,,,,,#DIV/0!,#DIV/0!,0,0,0,0,,,,,,,,,,,,,,,,,,,,,,,,,Greek,,,,,,,,,,,,,,,,,
FR,oikos pro protein drink,PRODUCTS,YOGURT DRINKS,Yogurt drinks,,,,,#DIV/0!,#DIV/0!,0,0,0,0,,,,,,,,,,,,,,,,,,,,,,,,,,,,,Oikos,,,,,,,,,,,,,
New,collation protéinée rapide,CONSUMER HABITS,MEALS,Snack,,,,,#DIV/0!,#DIV/0!,0,0,0,0,,,,,,,,,,,,,,,,,,,,,,,,,,,,,,,,,,,Snack,,,,,,,
New,proteine dejeuner,CONSUMER HABITS,MEALS,Lunch,,,,,#DIV/0!,#DIV/0!,0,0,0,0,,,,,,,,,,,,,,,,,,,,,,,,,,,,,,,,,,,Lunch,,,,,,,
New,protein in oikos greek yogurt cup,PRODUCTS,YOGURTS,Greek,,,,,#DIV/0!,#DIV/0!,0,0,0,0,,,,,,,,,,,,,,,,,,,,,,,,,Greek,,Cup,,Oikos,,,,,,,,,,,,,
New,is greek yogurt healthy for weight loss,PRODUCTS,PLANT BASED YOGURTS,Generic,,,,,#DIV/0!,#DIV/0!,0,0,0,0,,,,,,,,,,,,,,,,,,,,,,,,,Greek,,,,,,,Healthy,,,,,,,,,,
New,oikos greek yogurt probiotics,PRODUCTS,PLANT BASED YOGURTS,Generic,,,,,#DIV/0!,#DIV/0!,0,0,0,0,,,,,,,,,,,,,,,,,,,,,,,,,Greek,,,Probiotic,Oikos,,,,,,,,,,,,,
New,greek yoghurt recipes,PRODUCTS,PLANT BASED YOGURTS,Generic,,,,,#DIV/0!,#DIV/0!,0,0,0,0,,,,,,,,,,,,,,,,,,,,,,,,,Greek,,,,,,,,,,,,,,,,,
New,yogurt 0 fat,PRODUCTS,PLANT BASED YOGURTS,Generic,,,,,#DIV/0!,#DIV/0!,0,0,0,0,,,,,,,,,,,,,,,,,,,,,,,,,Yogurt,,,Fat,,,,Fat-free,,,,,,,,,,
New,yogurt with no sugars,PRODUCTS,YOGURTS,Yogurts,,,,,#DIV/0!,#DIV/0!,0,0,0,0,,,,,,,,,,,,,,,,,,,,,,,,,Yogurt,,,Sugar,,,,Sugar-free,,,,,,,,,,
FR,oikos ingredients,HEALTH,COMPOSITION,Generic,,,,,#DIV/0!,#DIV/0!,0,0,0,0,,,,,,,,,,,,,,,,,,,,,,,,,,,,Composition,Oikos,,,,,,,,,,,,,
FR,oikos pro valeur nutritive,EATING BETTER,HEALTHIER EATING,Labels & scoring,,,,,#DIV/0!,#DIV/0!,0,0,0,0,,,,,,,,,,,,,,,,,,,,,,,,,,,,,Oikos,,,,,,,,,,,,,
New,oikos protein shakes,PRODUCTS,BRANDS,Danone - generic,,,,,#DIV/0!,#DIV/0!,0,0,0,0,,,,,,,,,,,,,,,,,,,,,,,,,,,,,Oikos,,,,,,,,,,,,,
New,oikos pro banana,PRODUCTS,BRANDS,Danone - generic,,,,,#DIV/0!,#DIV/0!,0,0,0,0,,,,,,,,,,,,,,,,,,,,,,,,,,Banana,,,Oikos,,,,,,,,,,,,,
New,oikos protein shake,PRODUCTS,BRANDS,Danone - generic,,,,,#DIV/0!,#DIV/0!,0,0,0,0,,,,,,,,,,,,,,,,,,,,,,,,,,,,,Oikos,,,,,,,,,,,,,
New,oikos pro ingredients,HEALTH,COMPOSITION,Generic,,,,,#DIV/0!,#DIV/0!,0,0,0,0,,,,,,,,,,,,,,,,,,,,,,,,,,,,,Oikos,,,,,,,,,,,,,
New,what dairy products are canadian,EATING BETTER,ORIGIN,Made in Canada,,,,,#DIV/0!,#DIV/0!,0,0,0,0,,,,,,,,,,,,,,,,,,,,,,,,,,,,Dairy,,,,,,,,,,,,,,
New,is oikos canada,PRODUCTS,PLANT BASED YOGURTS,Generic,,,,,#DIV/0!,#DIV/0!,0,0,0,0,,,,,,,,,,,,,,,,,,,,,,,,,,,,,Oikos,,,,,,,,,,,,,
New,oïkos grec,PRODUCTS,PLANT BASED YOGURTS,Generic,,,,,#DIV/0!,#DIV/0!,0,0,0,0,,,,,,,,,,,,,,,,,,,,,,,,,,,,,,,,,,,,,,,,,,
FR,oikos grec,PRODUCTS,BRANDS,Yogurts,,,,,#DIV/0!,#DIV/0!,0,0,0,0,,,,,,,,,,,,,,,,,,,,,,,,,Greek,,,,Oikos,,,,,,,,,,,,,
EN,oikos blueberry greek yogurt,PRODUCTS,YOGURTS,Greek,,,,,#DIV/0!,#DIV/0!,0,0,0,0,,,,,,,,,,,,,,,,,,,,,,,,,Greek,Blueberry,,,Oikos,,,,,,,,,,,,,
New,maxi yogourt grec,PRODUCTS,PLANT BASED YOGURTS,Generic,,,,,#DIV/0!,#DIV/0!,0,0,0,0,,,,,,,,,,,,,,,,,,,,,,,,,Yogurt,,,,,Maxi,,,,,,,,,,,,
New,5 greek yogurt,PRODUCTS,YOGURTS,Greek,,,,,#DIV/0!,#DIV/0!,0,0,0,0,,,,,,,,,,,,,,,,,,,,,,,,,Greek,,,,,,,,,,,,,,,,,
New,vanilla oikos triple zero,PRODUCTS,PLANT BASED YOGURTS,Generic,,,,,#DIV/0!,#DIV/0!,0,0,0,0,,,,,,,,,,,,,,,,,,,,,,,,,,Vanilla,,,Oikos,,,,,,,,,,,,,
EN,oikos lactose free greek yogurt,PRODUCTS,YOGURTS,Greek,,,,,#DIV/0!,#DIV/0!,0,0,0,0,,,,,,,,,,,,,,,,,,,,,,,,,Greek,,,Lactose,Oikos,,,,,,,,,,,,,
New,greek yogurt fat free nutrition,EATING BETTER,HEALTHIER EATING,Labels & scoring,,,,,#DIV/0!,#DIV/0!,0,0,0,0,,,,,,,,,,,,,,,,,,,,,,,,,Greek,,,Fat,,,,Fat-free,,,,,,,,,,
EN,oikos greek yogurt strawberry banana,PRODUCTS,YOGURTS,Greek,,,,,#DIV/0!,#DIV/0!,0,0,0,0,,,,,,,,,,,,,,,,,,,,,,,,,Greek,Banana,,,Oikos,,,,,,,,,,,,,
New,nonfat plain greek yogurt,PRODUCTS,PLANT BASED YOGURTS,Generic,,,,,#DIV/0!,#DIV/0!,0,0,0,0,,,,,,,,,,,,,,,,,,,,,,,,,Greek,Plain,,Fat,,,,,,,,,,,,,,
New,2 greek yogurt nutrition,EATING BETTER,HEALTHIER EATING,Labels & scoring,,,,,#DIV/0!,#DIV/0!,0,0,0,0,,,,,,,,,,,,,,,,,,,,,,,,,Greek,,,,,,,,,,,,,,,,,
New,best low sugar yogurt,PRODUCTS,YOGURTS,Yogurts,,,,,#DIV/0!,#DIV/0!,0,0,0,0,,,,,,,,,,,,,,,,,,,,,,,,,Yogurt,,,Sugar,,,,,Best,,,,,,,,,
New,greek yogurt potassium,PRODUCTS,YOGURTS,Greek,,,,,#DIV/0!,#DIV/0!,0,0,0,0,,,,,,,,,,,,,,,,,,,,,,,,,Greek,,,,,,,,,,,,,,,,,
EN,high protein greek yogurt canada,PRODUCTS,YOGURTS,Greek,,,,,#DIV/0!,#DIV/0!,0,0,0,0,,,,,,,,,,,,,,,,,,,,,,,,,Greek,,,Protein,,,,Rich in protein,,,,,,,,,,
New,oikos lime greek yogurt,PRODUCTS,PLANT BASED YOGURTS,Generic,,,,,#DIV/0!,#DIV/0!,0,0,0,0,,,,,,,,,,,,,,,,,,,,,,,,,Greek,Lime,,,Oikos,,,,,,,,,,,,,
EN,lactose free plain yogurt,PRODUCTS,YOGURTS,Yogurts,,,,,#DIV/0!,#DIV/0!,0,0,0,0,,,,,,,,,,,,,,,,,,,,,,,,,Yogurt,Plain,,Lactose,,,,,,,,,,,,,,
EN,sugar free greek yogurt canada,PRODUCTS,YOGURTS,Greek,,,,,#DIV/0!,#DIV/0!,0,0,0,0,,,,,,,,,,,,,,,,,,,,,,,,,Greek,,,Sugar,,,,,,,,,,,,,,
New,list of high protein snacks,PRODUCTS,PLANT BASED YOGURTS,Generic,,,,,#DIV/0!,#DIV/0!,0,0,0,0,,,,,,,,,,,,,,,,,,,,,,,,,,,,,,,,Rich in protein,,,,,,,,,,
New,sobeys greek yogurt,PRODUCTS,PLANT BASED YOGURTS,Generic,,,,,#DIV/0!,#DIV/0!,0,0,0,0,,,,,,,,,,,,,,,,,,,,,,,,,Greek,,,,,,,,,,,,,,,,,
New,what is good to eat before workout,PRODUCTS,PLANT BASED YOGURTS,Generic,,,,,#DIV/0!,#DIV/0!,0,0,0,0,,,,,,,,,,,,,,,,,,,,,,,,,,,,,,,,,Good or bad,,,,,,,,,
New,oikos 2 vanilla greek yogurt with 25 less sugar,PRODUCTS,YOGURTS,Greek,,,,,#DIV/0!,#DIV/0!,0,0,0,0,,,,,,,,,,,,,,,,,,,,,,,,,Greek,Vanilla,,Sugar,Oikos,,,,,,,,,,,,,
EN,oikos 2 vanilla greek yogurt,PRODUCTS,YOGURTS,Greek,,,,,#DIV/0!,#DIV/0!,0,0,0,0,,,,,,,,,,,,,,,,,,,,,,,,,Greek,Vanilla,,,Oikos,,,,,,,,,,,,,
New,yogurt canadian,EATING BETTER,ORIGIN,Made in Canada,,,,,#DIV/0!,#DIV/0!,0,0,0,0,,,,,,,,,,,,,,,,,,,,,,,,,Yogurt,,,,,,,,,,,,,,,,,
FR,yogourt grec nature recette,RECIPES,RECIPES,Recipes with yogurt,,,,,#DIV/0!,#DIV/0!,0,0,0,0,,,,,,,,,,,,,,,,,,,,,,,,,Greek,Plain,,,,,,,,,,,,,,,,
New,collation riche en protéine,PRODUCTS,PLANT BASED YOGURTS,Generic,,,,,#DIV/0!,#DIV/0!,0,0,0,0,,,,,,,,,,,,,,,,,,,,,,,,,,,,,,,,Rich in protein,,,,,,,,,,
New,protein treats,CONSUMER HABITS,MEALS,Snack,,,,,#DIV/0!,#DIV/0!,0,0,0,0,,,,,,,,,,,,,,,,,,,,,,,,,,,,,,,,,,,Snack,,,,,,,
EN,oikos plain greek yogurt nutrition facts,EATING BETTER,HEALTHIER EATING,Labels & scoring,,,,,#DIV/0!,#DIV/0!,0,0,0,0,,,,,,,,,,,,,,,,,,,,,,,,,Greek,Plain,,,Oikos,,,,,,,,,,,,,
New,best yogurt with less sugar,PRODUCTS,PLANT BASED YOGURTS,Generic,,,,,#DIV/0!,#DIV/0!,0,0,0,0,,,,,,,,,,,,,,,,,,,,,,,,,Yogurt,,,Sugar,,,,,Best,,,,,,,,,
New,lime greek yogurt,PRODUCTS,YOGURTS,Greek,,,,,#DIV/0!,#DIV/0!,0,0,0,0,,,,,,,,,,,,,,,,,,,,,,,,,Greek,Lime,,,,,,,,,,,,,,,,
EN,oikos greek yogurt blueberry,PRODUCTS,YOGURTS,Greek,,,,,#DIV/0!,#DIV/0!,0,0,0,0,,,,,,,,,,,,,,,,,,,,,,,,,Greek,Blueberry,,,Oikos,,,,,,,,,,,,,
New,oikos pro strawberry banana,PRODUCTS,YOGURTS,Greek,,,,,#DIV/0!,#DIV/0!,0,0,0,0,,,,,,,,,,,,,,,,,,,,,,,,,,Banana,,,Oikos,,,,,,,,,,,,,
FR,sauce alfredo légère,RECIPES,RECIPES,Sauce recipe,,,,,#DIV/0!,#DIV/0!,0,0,0,0,,,,,,,,,,,,,,,,,,,,,,,,,,,,,,,,,,,,,,,,,,
New,best yogurt for low sugar,PRODUCTS,PLANT BASED YOGURTS,Generic,,,,,#DIV/0!,#DIV/0!,0,0,0,0,,,,,,,,,,,,,,,,,,,,,,,,,Yogurt,,,Sugar,,,,,Best,,,,,,,,,
New,oikos greek yogurt coconut,PRODUCTS,YOGURTS,Greek,,,,,#DIV/0!,#DIV/0!,0,0,0,0,,,,,,,,,,,,,,,,,,,,,,,,,Greek,Coconut,,,Oikos,,,,,,,,,,,,,
New,kinds of greek yogurt,PRODUCTS,PLANT BASED YOGURTS,Generic,,,,,#DIV/0!,#DIV/0!,0,0,0,0,,,,,,,,,,,,,,,,,,,,,,,,,Greek,,,,,,,,,,,,,,,,,
New,oikos triple zero vanilla,PRODUCTS,BRANDS,Danone - generic,,,,,#DIV/0!,#DIV/0!,0,0,0,0,,,,,,,,,,,,,,,,,,,,,,,,,,Vanilla,,,Oikos,,,,,,,,,,,,,
New,oikos pro high protein yogurt,PRODUCTS,YOGURTS,Yogurts,,,,,#DIV/0!,#DIV/0!,0,0,0,0,,,,,,,,,,,,,,,,,,,,,,,,,Yogurt,,,,Oikos,,,Rich in protein,,,,,,,,,,
FR,recette yogourt grec nature,RECIPES,RECIPES,Recipes with yogurt,,,,,#DIV/0!,#DIV/0!,0,0,0,0,,,,,,,,,,,,,,,,,,,,,,,,,Greek,Plain,,,,,,,,,,,,,,,,
New,best dairy free yogurt,PRODUCTS,YOGURTS,Yogurts,,,,,#DIV/0!,#DIV/0!,0,0,0,0,,,,,,,,,,,,,,,,,,,,,,,,,Yogurt,,,Dairy,,,,,Best,,,,,,,,,
New,types of greek yogurt,PRODUCTS,PLANT BASED YOGURTS,Generic,,,,,#DIV/0!,#DIV/0!,0,0,0,0,,,,,,,,,,,,,,,,,,,,,,,,,Greek,,,,,,,,,,,,,,,,,
New,easy recipes with greek yogurt,RECIPES,RECIPES,Recipes with yogurt,,,,,#DIV/0!,#DIV/0!,0,0,0,0,,,,,,,,,,,,,,,,,,,,,,,,,Greek,,,,,,,,,,,,,,,,,
New,high protein oikos,PRODUCTS,YOGURTS,Yogurts,,,,,#DIV/0!,#DIV/0!,0,0,0,0,,,,,,,,,,,,,,,,,,,,,,,,,,,,,Oikos,,,Rich in protein,,,,,,,,,,
New,greek yogurt sobeys,PRODUCTS,PLANT BASED YOGURTS,Generic,,,,,#DIV/0!,#DIV/0!,0,0,0,0,,,,,,,,,,,,,,,,,,,,,,,,,Greek,,,,,,,,,,,,,,,,,
New,oikos select,PRODUCTS,YOGURTS,Greek,,,,,#DIV/0!,#DIV/0!,0,0,0,0,,,,,,,,,,,,,,,,,,,,,,,,,,,,,Oikos,,,,,,,,,,,,,
New,greek yogurt cherry,PRODUCTS,PLANT BASED YOGURTS,Generic,,,,,#DIV/0!,#DIV/0!,0,0,0,0,,,,,,,,,,,,,,,,,,,,,,,,,Greek,Cherry,,,,,,,,,,,,,,,,
New,oikos 0,PRODUCTS,BRANDS,Yogurts,,,,,#DIV/0!,#DIV/0!,0,0,0,0,,,,,,,,,,,,,,,,,,,,,,,,,,,,Without,Oikos,,,,,,,,,,,,,
New,iogo proteine,PRODUCTS,YOGURTS,Yogurts,,,,,#DIV/0!,#DIV/0!,0,0,0,0,,,,,,,,,,,,,,,,,,,,,,,,,,,,,,,,,,,,,,,,,,
New,yogourt fait au canada,PRODUCTS,YOGURTS,Yogurts,,,,,#DIV/0!,#DIV/0!,0,0,0,0,,,,,,,,,,,,,,,,,,,,,,,,,Yogurt,,,,,,,,,,,,,,,,,
New,high protein ideas,PRODUCTS,PLANT BASED YOGURTS,Generic,,,,,#DIV/0!,#DIV/0!,0,0,0,0,,,,,,,,,,,,,,,,,,,,,,,,,,,,,,,,Rich in protein,,,,,,,,,,
New,quick protein,PRODUCTS,PLANT BASED YOGURTS,Generic,,,,,#DIV/0!,#DIV/0!,0,0,0,0,,,,,,,,,,,,,,,,,,,,,,,,,,,,,,,,,,,,,,,,,,
New,protein in plain yogurt,PRODUCTS,PLANT BASED YOGURTS,Generic,,,,,#DIV/0!,#DIV/0!,0,0,0,0,,,,,,,,,,,,,,,,,,,,,,,,,Yogurt,Plain,,,,,,,,,,,,,,,,
New,oikos vanilla triple zero,PRODUCTS,PLANT BASED YOGURTS,Generic,,,,,#DIV/0!,#DIV/0!,0,0,0,0,,,,,,,,,,,,,,,,,,,,,,,,,,Vanilla,,,Oikos,,,,,,,,,,,,,
New,does greek yogurt have fiber,PRODUCTS,PLANT BASED YOGURTS,Generic,,,,,#DIV/0!,#DIV/0!,0,0,0,0,,,,,,,,,,,,,,,,,,,,,,,,,Greek,,,,,,,,,,,,,,,,,
New,oikos pro strawberry,PRODUCTS,YOGURTS,Greek,,,,,#DIV/0!,#DIV/0!,0,0,0,0,,,,,,,,,,,,,,,,,,,,,,,,,,Strawberry,,,Oikos,,,,,,,,,,,,,
New,high protein muffins with greek yogurt and oats,PRODUCTS,PLANT BASED YOGURTS,Generic,,,,,#DIV/0!,#DIV/0!,0,0,0,0,,,,,,,,,,,,,,,,,,,,,,,,,Greek,Oat,,,,,,Rich in protein,,,,,,,,,,
New,what yogurt is canadian made,EATING BETTER,ORIGIN,Made in Canada,,,,,#DIV/0!,#DIV/0!,0,0,0,0,,,,,,,,,,,,,,,,,,,,,,,,,Yogurt,,,,,,,,,,,,,,,,,
New,kirkland greek yogurt 24 pack,PRODUCTS,PLANT BASED YOGURTS,Generic,,,,,#DIV/0!,#DIV/0!,0,0,0,0,,,,,,,,,,,,,,,,,,,,,,,,,Greek,,,,,,,,,,,,,,,,,
New,canadian dairy products list,PRODUCTS,PLANT BASED YOGURTS,Generic,,,,,#DIV/0!,#DIV/0!,0,0,0,0,,,,,,,,,,,,,,,,,,,,,,,,,,,,Dairy,,,,,,,,,,,,,,
New,where to buy oikos triple zero in canada,PRODUCTS,YOGURTS,Greek,,,,,#DIV/0!,#DIV/0!,0,0,0,0,,,,,,,,,,,,,,,,,,,,,,,,,,,,,Oikos,,,,,,,,,,,,,
New,oikos brand,PRODUCTS,BRANDS,Danone - generic,,,,,#DIV/0!,#DIV/0!,0,0,0,0,,,,,,,,,,,,,,,,,,,,,,,,,,,,,Oikos,,,,,,,,,,,,,
New,yogurt brands made in canada,PRODUCTS,YOGURTS,Yogurts,,,,,#DIV/0!,#DIV/0!,0,0,0,0,,,,,,,,,,,,,,,,,,,,,,,,,Yogurt,,,,,,,,,,,,,,,,,
New,does greek yogurt help constipation,PRODUCTS,PLANT BASED YOGURTS,Generic,,,,,#DIV/0!,#DIV/0!,0,0,0,0,,,,,,,,,,,,,,,,,,,,,,,,,Greek,,,,,,,,,,,,,,,,,
New,100 gram greek yogurt protein,PRODUCTS,PLANT BASED YOGURTS,Generic,,,,,#DIV/0!,#DIV/0!,0,0,0,0,,,,,,,,,,,,,,,,,,,,,,,,,Greek,,Gram,Without,,,,,,,,,,,,,,
New,oikos zero greek yogurt,PRODUCTS,YOGURTS,Greek,,,,,#DIV/0!,#DIV/0!,0,0,0,0,,,,,,,,,,,,,,,,,,,,,,,,,Greek,,,,Oikos,,,,,,,,,,,,,
New,drinkable greek yogurt,PRODUCTS,YOGURT DRINKS,Yogurt drinks,,,,,#DIV/0!,#DIV/0!,0,0,0,0,,,,,,,,,,,,,,,,,,,,,,,,,Greek,,,,,,,,,,,,,,,,,
FR,gâteau au yogourt vanille,RECIPES,RECIPES,Recipes with yogurt,,,,,#DIV/0!,#DIV/0!,0,0,0,0,,,,,,,,,,,,,,,,,,,,,,,,,Yogurt,Vanilla,,,,,,,,,,,,,,,,
New,yogurt skyr,PRODUCTS,PLANT BASED YOGURTS,Generic,,,,,#DIV/0!,#DIV/0!,0,0,0,0,,,,,,,,,,,,,,,,,,,,,,,,,Skyr,,,,,,,,,,,,,,,,,
FR,gâteau au yogourt,RECIPES,RECIPES,Recipes with yogurt,,,,,#DIV/0!,#DIV/0!,0,0,0,0,,,,,,,,,,,,,,,,,,,,,,,,,Yogurt,,,,,,,,,,,,,,,,,
EN,fat free greek yogurt nutrition,EATING BETTER,HEALTHIER EATING,Labels & scoring,,,,,#DIV/0!,#DIV/0!,0,0,0,0,,,,,,,,,,,,,,,,,,,,,,,,,Greek,,,Fat,,,,Fat-free,,,,,,,,,,
New,non dairy yogurt substitute,PRODUCTS,PLANT BASED YOGURTS,Generic,,,,,#DIV/0!,#DIV/0!,0,0,0,0,,,,,,,,,,,,,,,,,,,,,,,,,Yogurt,,,Dairy,,,,,,,,,,,,,,
FR,salade de pâtes grecque crémeuse,PRODUCTS,YOGURTS,Greek,,,,,#DIV/0!,#DIV/0!,0,0,0,0,,,,,,,,,,,,,,,,,,,,,,,,,Greek,,,,,,,,,,,,,,,,,
FR,oikos yaourt,PRODUCTS,BRANDS,Yogurts,,,,,#DIV/0!,#DIV/0!,0,0,0,0,,,,,,,,,,,,,,,,,,,,,,,,,Yogurt,,,,Oikos,,,,,,,,,,,,,
EN,oikos greek yogurt select nutrition,EATING BETTER,HEALTHIER EATING,Labels & scoring,,,,,#DIV/0!,#DIV/0!,0,0,0,0,,,,,,,,,,,,,,,,,,,,,,,,,Greek,,,,Oikos,,,,,,,,,,,,,
New,oikos peach yogurt,PRODUCTS,YOGURTS,Greek,,,,,#DIV/0!,#DIV/0!,0,0,0,0,,,,,,,,,,,,,,,,,,,,,,,,,Yogurt,,,,Oikos,,,,,,,,,,,,,
New,yogurt companies,PRODUCTS,YOGURTS,Yogurts,,,,,#DIV/0!,#DIV/0!,0,0,0,0,,,,,,,,,,,,,,,,,,,,,,,,,Yogurt,,,,,,,,,,,,,,,,,
EN,oikos greek yogurt lime,PRODUCTS,YOGURTS,Greek,,,,,#DIV/0!,#DIV/0!,0,0,0,0,,,,,,,,,,,,,,,,,,,,,,,,,Greek,Lime,,,Oikos,,,,,,,,,,,,,
New,greek natural yogurt,PRODUCTS,PLANT BASED YOGURTS,Generic,,,,,#DIV/0!,#DIV/0!,0,0,0,0,,,,,,,,,,,,,,,,,,,,,,,,,Greek,,,,,,,,,,,,,,,,,
FR,sauce ranch maison yogourt,RECIPES,RECIPES,Recipes with yogurt,,,,,#DIV/0!,#DIV/0!,0,0,0,0,,,,,,,,,,,,,,,,,,,,,,,,,Yogurt,,,,,,,,,,,,,,,,,
New,greek yogurt smoothie for weight loss,PRODUCTS,PLANT BASED YOGURTS,Generic,,,,,#DIV/0!,#DIV/0!,0,0,0,0,,,,,,,,,,,,,,,,,,,,,,,,,Greek,,,,,,,,,,,,,,,,,
FR,gateau farine amande,RECIPES,RECIPES,Cakes,,,,,#DIV/0!,#DIV/0!,0,0,0,0,,,,,,,,,,,,,,,,,,,,,,,,,,Almond,,,,,,,,,,,,,,,,
New,how much protein in 1 2 cup greek yogurt,PRODUCTS,YOGURTS,Greek,,,,,#DIV/0!,#DIV/0!,0,0,0,0,,,,,,,,,,,,,,,,,,,,,,,,,Greek,,Cup,,,,,,,,,,,,,,,
FR,yogourt biologique,PRODUCTS,YOGURTS,Yogurts,,,,,#DIV/0!,#DIV/0!,0,0,0,0,,,,,,,,,,,,,,,,,,,,,,,,,Yogurt,,,,,,,,,Bio,,,,,,,,
New,uses for greek yogurt,RECIPES,RECIPES,Recipes with yogurt,,,,,#DIV/0!,#DIV/0!,0,0,0,0,,,,,,,,,,,,,,,,,,,,,,,,,Greek,,,,,,,,,,,,,,,,,
New,costco oikos greek yogurt nutrition,EATING BETTER,HEALTHIER EATING,Labels & scoring,,,,,#DIV/0!,#DIV/0!,0,0,0,0,,,,,,,,,,,,,,,,,,,,,,,,,Greek,,,,Oikos,,,,,,,,,,,,,
New,how many carbs in greek yogurt,PRODUCTS,PLANT BASED YOGURTS,Generic,,,,,#DIV/0!,#DIV/0!,0,0,0,0,,,,,,,,,,,,,,,,,,,,,,,,,Greek,,,,,,,,,,,,,,,,,
New,recette collation santé protéine,PRODUCTS,PLANT BASED YOGURTS,Generic,,,,,#DIV/0!,#DIV/0!,0,0,0,0,,,,,,,,,,,,,,,,,,,,,,,,,,,,,,,,,,,,,,,,,,
New,oikos 11 yogurt,PRODUCTS,YOGURTS,Greek,,,,,#DIV/0!,#DIV/0!,0,0,0,0,,,,,,,,,,,,,,,,,,,,,,,,,Yogurt,,,,Oikos,,,,,,,,,,,,,
New,oikos strawberry banana,PRODUCTS,PLANT BASED YOGURTS,Generic,,,,,#DIV/0!,#DIV/0!,0,0,0,0,,,,,,,,,,,,,,,,,,,,,,,,,,Banana,,,Oikos,,,,,,,,,,,,,
FR,recette gateau yogourt,RECIPES,RECIPES,Recipes with yogurt,,,,,#DIV/0!,#DIV/0!,0,0,0,0,,,,,,,,,,,,,,,,,,,,,,,,,Yogurt,,,,,,,,,,,,,,,,,
New,yogurts without sugar,PRODUCTS,YOGURTS,Yogurts,,,,,#DIV/0!,#DIV/0!,0,0,0,0,,,,,,,,,,,,,,,,,,,,,,,,,Yogurt,,,Sugar,,,,,,,,,,,,,,
FR,oikos select nutrition,EATING BETTER,HEALTHIER EATING,Labels & scoring,,,,,#DIV/0!,#DIV/0!,0,0,0,0,,,,,,,,,,,,,,,,,,,,,,,,,,,,,Oikos,,,,,,,,,,,,,
FR,sauce au bleu pour ailes de poulet,RECIPES,RECIPES,Chicken recipe,,,,,#DIV/0!,#DIV/0!,0,0,0,0,,,,,,,,,,,,,,,,,,,,,,,,,,,,,,,,,,,,,,,,,,
EN,low sugar greek yogurt canada,PRODUCTS,YOGURTS,Greek,,,,,#DIV/0!,#DIV/0!,0,0,0,0,,,,,,,,,,,,,,,,,,,,,,,,,Greek,,,Sugar,,,,,,,,,,,,,,
New,yogurt without sugar,PRODUCTS,YOGURTS,Yogurts,,,,,#DIV/0!,#DIV/0!,0,0,0,0,,,,,,,,,,,,,,,,,,,,,,,,,Yogurt,,,Sugar,,,,,,,,,,,,,,
New,best greek yogurt for diabetics,PRODUCTS,YOGURTS,Greek,,,,,#DIV/0!,#DIV/0!,0,0,0,0,,,,,,,,,,,,,,,,,,,,,,,,,Greek,,,,,,,,Best,,,,,,,,,
FR,recette avec yaourt grec,RECIPES,RECIPES,Recipes with yogurt,,,,,#DIV/0!,#DIV/0!,0,0,0,0,,,,,,,,,,,,,,,,,,,,,,,,,Greek,,,,,,,,,,,,,,,,,
New,natural greek yogurt,PRODUCTS,YOGURTS,Greek,,,,,#DIV/0!,#DIV/0!,0,0,0,0,,,,,,,,,,,,,,,,,,,,,,,,,Greek,,,,,,,,,,,,,,,,,
FR,oikos banana,PRODUCTS,BRANDS,Danone - generic,,,,,#DIV/0!,#DIV/0!,0,0,0,0,,,,,,,,,,,,,,,,,,,,,,,,,,Banana,,,Oikos,,,,,,,,,,,,,
FR,recette pain banane yogourt,RECIPES,RECIPES,Recipes with yogurt,,,,,#DIV/0!,#DIV/0!,0,0,0,0,,,,,,,,,,,,,,,,,,,,,,,,,Yogurt,Banana,,,,,,,,,,,,,,,,
EN,oikos greek yogurt 100g nutrition,EATING BETTER,HEALTHIER EATING,Labels & scoring,,,,,#DIV/0!,#DIV/0!,0,0,0,0,,,,,,,,,,,,,,,,,,,,,,,,,Greek,,Gram,Without,Oikos,,,,,,,,,,,,,
EN,greek yogurt nutrition facts 100g,EATING BETTER,HEALTHIER EATING,Labels & scoring,,,,,#DIV/0!,#DIV/0!,0,0,0,0,,,,,,,,,,,,,,,,,,,,,,,,,Greek,,Gram,Without,,,,,,,,,,,,,,
New,oikos strawberry yogurt nutrition facts,EATING BETTER,HEALTHIER EATING,Labels & scoring,,,,,#DIV/0!,#DIV/0!,0,0,0,0,,,,,,,,,,,,,,,,,,,,,,,,,Yogurt,Strawberry,,,Oikos,,,,,,,,,,,,,
New,oikos triple zero yogurt canada,PRODUCTS,YOGURTS,Greek,,,,,#DIV/0!,#DIV/0!,0,0,0,0,,,,,,,,,,,,,,,,,,,,,,,,,Yogurt,,,,Oikos,,,,,,,,,,,,,
New,yogourt nature sans lactose,PRODUCTS,YOGURTS,Yogurts,,,,,#DIV/0!,#DIV/0!,0,0,0,0,,,,,,,,,,,,,,,,,,,,,,,,,Yogurt,Plain,,Lactose,,,,,,,,,,,,,,
FR,pancake au bleuet,RECIPES,RECIPES,Cakes,,,,,#DIV/0!,#DIV/0!,0,0,0,0,,,,,,,,,,,,,,,,,,,,,,,,,,,,,,,,,,,,,,,,,,
FR,pain aux bananes santé yogourt grec,RECIPES,RECIPES,Recipes with yogurt,,,,,#DIV/0!,#DIV/0!,0,0,0,0,,,,,,,,,,,,,,,,,,,,,,,,,Greek,Banana,,,,,,Healthy,,,,,,,,,,
FR,yogourt a boire proteine,PRODUCTS,YOGURTS,Yogurts,,,,,#DIV/0!,#DIV/0!,0,0,0,0,,,,,,,,,,,,,,,,,,,,,,,,,Yogurt,,,Protein,,,,,,,,,,,,,,
New,pikos pro,PRODUCTS,YOGURTS,Greek,,,,,#DIV/0!,#DIV/0!,0,0,0,0,,,,,,,,,,,,,,,,,,,,,,,,,,,,,,,,,,,,,,,,,,
New,oîkos greek yogurt,PRODUCTS,YOGURTS,Greek,,,,,#DIV/0!,#DIV/0!,0,0,0,0,,,,,,,,,,,,,,,,,,,,,,,,,Greek,,,,,,,,,,,,,,,,,
New,oikos a boire,PRODUCTS,BRANDS,Danone - generic,,,,,#DIV/0!,#DIV/0!,0,0,0,0,,,,,,,,,,,,,,,,,,,,,,,,,,,,,Oikos,,,,,,,,,,,,,
New,canadian owned yogurt brands,PRODUCTS,PLANT BASED YOGURTS,Generic,,,,,#DIV/0!,#DIV/0!,0,0,0,0,,,,,,,,,,,,,,,,,,,,,,,,,Yogurt,,,,,,,,,,,,,,,,,
FR,vinaigrette grecque yaourt,RECIPES,RECIPES,Recipes with yogurt,,,,,#DIV/0!,#DIV/0!,0,0,0,0,,,,,,,,,,,,,,,,,,,,,,,,,Greek,,,,,,,,,,,,,,,,,
FR,yaourt grec sans lactose,PRODUCTS,YOGURTS,Greek,,,,,#DIV/0!,#DIV/0!,0,0,0,0,,,,,,,,,,,,,,,,,,,,,,,,,Greek,,,Lactose,,,,,,,,,,,,,,
FR,oikos fruit on the bottom nutrition,EATING BETTER,HEALTHIER EATING,Labels & scoring,,,,,#DIV/0!,#DIV/0!,0,0,0,0,,,,,,,,,,,,,,,,,,,,,,,,,,Fruits,,,Oikos,,,,,,,,,,,,,
New,meilleur yogourt grec,PRODUCTS,YOGURTS,Greek,,,,,#DIV/0!,#DIV/0!,0,0,0,0,,,,,,,,,,,,,,,,,,,,,,,,,Yogurt,,,,,,,,,,,,,,,,,
New,oiko pro,PRODUCTS,YOGURTS,Greek,,,,,#DIV/0!,#DIV/0!,0,0,0,0,,,,,,,,,,,,,,,,,,,,,,,,,,,,,Oikos,,,,,,,,,,,,,
New,yogourt siggis,PRODUCTS,PLANT BASED YOGURTS,Generic,,,,,#DIV/0!,#DIV/0!,0,0,0,0,,,,,,,,,,,,,,,,,,,,,,,,,Yogurt,,,,Siggi's,,,,,,,,,,,,,
New,yogurt oikos protein,PRODUCTS,YOGURTS,Yogurts,,,,,#DIV/0!,#DIV/0!,0,0,0,0,,,,,,,,,,,,,,,,,,,,,,,,,Yogurt,,,,Oikos,,,,,,,,,,,,,
New,canadian brands of yogurt,EATING BETTER,ORIGIN,Made in Canada,,,,,#DIV/0!,#DIV/0!,0,0,0,0,,,,,,,,,,,,,,,,,,,,,,,,,Yogurt,,,,,,,,,,,,,,,,,
FR,pain aux bananes et yogourt grec,RECIPES,RECIPES,Recipes with yogurt,,,,,#DIV/0!,#DIV/0!,0,0,0,0,,,,,,,,,,,,,,,,,,,,,,,,,Greek,Banana,,,,,,,,,,,,,,,,
New,quel aliment contient des protéines,PRODUCTS,PLANT BASED YOGURTS,Generic,,,,,#DIV/0!,#DIV/0!,0,0,0,0,,,,,,,,,,,,,,,,,,,,,,,,,,Lime,,,,,,,,,,,,,,,,
New,oikos pro iga,PRODUCTS,BRANDS,Danone - generic,,,,,#DIV/0!,#DIV/0!,0,0,0,0,,,,,,,,,,,,,,,,,,,,,,,,,,,,,Oikos,IGA,,,,,,,,,,,,
New,okio yogurt,PRODUCTS,BRANDS,Danone - generic,,,,,#DIV/0!,#DIV/0!,0,0,0,0,,,,,,,,,,,,,,,,,,,,,,,,,Yogurt,,,,,,,,,,,,,,,,,
New,oilos pro,PRODUCTS,PLANT BASED YOGURTS,Generic,,,,,#DIV/0!,#DIV/0!,0,0,0,0,,,,,,,,,,,,,,,,,,,,,,,,,,,,,,,,,,,,,,,,,,
New,what's in greek yogurt,PRODUCTS,YOGURTS,Greek,,,,,#DIV/0!,#DIV/0!,0,0,0,0,,,,,,,,,,,,,,,,,,,,,,,,,Greek,,,,,,,,,,,,,,,,,
New,oikos greek yogurt with honey,PRODUCTS,YOGURTS,Greek,,,,,#DIV/0!,#DIV/0!,0,0,0,0,,,,,,,,,,,,,,,,,,,,,,,,,Greek,,,,Oikos,,,,,,,,,,,,,
New,what is healthiest yogurt brand,PRODUCTS,PLANT BASED YOGURTS,Generic,,,,,#DIV/0!,#DIV/0!,0,0,0,0,,,,,,,,,,,,,,,,,,,,,,,,,Yogurt,,,,,,,Healthy,,,,,,,,,,
New,yaourt a boire,PRODUCTS,PLANT BASED YOGURTS,Generic,,,,,#DIV/0!,#DIV/0!,0,0,0,0,,,,,,,,,,,,,,,,,,,,,,,,,Yogurt,,,,,,,,,,,,,,,,,
New,bienfait du yogourt grec,PRODUCTS,YOGURTS,Greek,,,,,#DIV/0!,#DIV/0!,0,0,0,0,,,,,,,,,,,,,,,,,,,,,,,,,Yogurt,,,,,,,,,,,,,,,,,
New,what greek yogurt is best,PRODUCTS,PLANT BASED YOGURTS,Generic,,,,,#DIV/0!,#DIV/0!,0,0,0,0,,,,,,,,,,,,,,,,,,,,,,,,,Greek,,,,,,,,Best,,,,,,,,,
New,oikos greek yogurt honey,PRODUCTS,YOGURTS,Greek,,,,,#DIV/0!,#DIV/0!,0,0,0,0,,,,,,,,,,,,,,,,,,,,,,,,,Greek,,,,Oikos,,,,,,,,,,,,,
New,yogourt bio,PRODUCTS,YOGURTS,Yogurts,,,,,#DIV/0!,#DIV/0!,0,0,0,0,,,,,,,,,,,,,,,,,,,,,,,,,Yogurt,,,,,,,,,,,,,,,,,
New,oasis greek yogurt,PRODUCTS,YOGURTS,Greek,,,,,#DIV/0!,#DIV/0!,0,0,0,0,,,,,,,,,,,,,,,,,,,,,,,,,Greek,,,,,,,,,,,,,,,,,
New,oikos key lime yogurt nutrition facts,EATING BETTER,HEALTHIER EATING,Labels & scoring,,,,,#DIV/0!,#DIV/0!,0,0,0,0,,,,,,,,,,,,,,,,,,,,,,,,,Yogurt,Lime,,,Oikos,,,,,,,,,,,,,
New,best non dairy yogurt,PRODUCTS,YOGURTS,Yogurts,,,,,#DIV/0!,#DIV/0!,0,0,0,0,,,,,,,,,,,,,,,,,,,,,,,,,Yogurt,,,Dairy,,,,,Best,,,,,,,,,
New,bienfaits du yogourt grec,PRODUCTS,YOGURTS,Greek,,,,,#DIV/0!,#DIV/0!,0,0,0,0,,,,,,,,,,,,,,,,,,,,,,,,,Yogurt,,,,,,,,,,,,,,,,,
New,what is the healthiest brand of yogurt,PRODUCTS,PLANT BASED YOGURTS,Generic,,,,,#DIV/0!,#DIV/0!,0,0,0,0,,,,,,,,,,,,,,,,,,,,,,,,,Yogurt,,,,,,,Healthy,,,,,,,,,,
FR,pain au banane yogourt,RECIPES,RECIPES,Recipes with yogurt,,,,,#DIV/0!,#DIV/0!,0,0,0,0,,,,,,,,,,,,,,,,,,,,,,,,,Yogurt,Banana,,,,,,,,,,,,,,,,
New,full fat plain greek yogurt,PRODUCTS,YOGURTS,Greek,,,,,#DIV/0!,#DIV/0!,0,0,0,0,,,,,,,,,,,,,,,,,,,,,,,,,Greek,Plain,,Fat,,,,,,,,,,,,,,
New,whats in greek yogurt,PRODUCTS,PLANT BASED YOGURTS,Generic,,,,,#DIV/0!,#DIV/0!,0,0,0,0,,,,,,,,,,,,,,,,,,,,,,,,,Greek,,,,,,,,,,,,,,,,,
FR,trempette légume yogourt grec,PRODUCTS,YOGURTS,Greek,,,,,#DIV/0!,#DIV/0!,0,0,0,0,,,,,,,,,,,,,,,,,,,,,,,,,Greek,,,,,,,,,,,,,,,,,
New,what to put in greek yogurt,PRODUCTS,PLANT BASED YOGURTS,Generic,,,,,#DIV/0!,#DIV/0!,0,0,0,0,,,,,,,,,,,,,,,,,,,,,,,,,Greek,,,,,,,,,,,,,,,,,
New,full fat greek yogurt nutrition,EATING BETTER,HEALTHIER EATING,Labels & scoring,,,,,#DIV/0!,#DIV/0!,0,0,0,0,,,,,,,,,,,,,,,,,,,,,,,,,Greek,,,Fat,,,,,,,,,,,,,,
New,yaourt canada,PRODUCTS,PLANT BASED YOGURTS,Generic,,,,,#DIV/0!,#DIV/0!,0,0,0,0,,,,,,,,,,,,,,,,,,,,,,,,,Yogurt,,,,,,,,,,,,,,,,,
New,oikos pro 20g protein canada,PRODUCTS,YOGURTS,Greek,,,,,#DIV/0!,#DIV/0!,0,0,0,0,,,,,,,,,,,,,,,,,,,,,,,,,,,Gram,Without,Oikos,,,,,,,,,,,,,
New,what is the best greek yogurt for you,PRODUCTS,PLANT BASED YOGURTS,Generic,,,,,#DIV/0!,#DIV/0!,0,0,0,0,,,,,,,,,,,,,,,,,,,,,,,,,Greek,,,,,,,,Best,,,,,,,,,
New,oikos zero,PRODUCTS,BRANDS,Yogurts,,,,,#DIV/0!,#DIV/0!,0,0,0,0,,,,,,,,,,,,,,,,,,,,,,,,,,,,,Oikos,,,,,,,,,,,,,
New,protein yogurt oikos,PRODUCTS,BRANDS,Danone - generic,,,,,#DIV/0!,#DIV/0!,0,0,0,0,,,,,,,,,,,,,,,,,,,,,,,,,Yogurt,,,,Oikos,,,,,,,,,,,,,
New,oikos raspberry pomegranate,PRODUCTS,YOGURTS,Greek,,,,,#DIV/0!,#DIV/0!,0,0,0,0,,,,,,,,,,,,,,,,,,,,,,,,,,Apple,,Omega 3,Oikos,,,,,,,,,,,,,
New,oikos greek yogurt costco canada,PRODUCTS,YOGURTS,Greek,,,,,#DIV/0!,#DIV/0!,0,0,0,0,,,,,,,,,,,,,,,,,,,,,,,,,Greek,,,,Oikos,,,,,,,,,,,,,
New,what is the healthiest yogurt brand,PRODUCTS,YOGURTS,Yogurts,,,,,#DIV/0!,#DIV/0!,0,0,0,0,,,,,,,,,,,,,,,,,,,,,,,,,Yogurt,,,,,,,Healthy,,,,,,,,,,
New,oikos honey greek yogurt,PRODUCTS,YOGURTS,Greek,,,,,#DIV/0!,#DIV/0!,0,0,0,0,,,,,,,,,,,,,,,,,,,,,,,,,Greek,,,,Oikos,,,,,,,,,,,,,
New,dairy free yoghurt,PRODUCTS,YOGURTS,Yogurts,,,,,#DIV/0!,#DIV/0!,0,0,0,0,,,,,,,,,,,,,,,,,,,,,,,,,Yogurt,,,Dairy,,,,,,,,,,,,,,
New,oikos peach mango yogurt,PRODUCTS,YOGURTS,Greek,,,,,#DIV/0!,#DIV/0!,0,0,0,0,,,,,,,,,,,,,,,,,,,,,,,,,Yogurt,Mango,,,Oikos,,,,,,,,,,,,,
New,plain full fat greek yogurt,PRODUCTS,YOGURTS,Greek,,,,,#DIV/0!,#DIV/0!,0,0,0,0,,,,,,,,,,,,,,,,,,,,,,,,,Greek,Plain,,Fat,,,,,,,,,,,,,,
New,greek yogurt b12,PRODUCTS,PLANT BASED YOGURTS,Generic,,,,,#DIV/0!,#DIV/0!,0,0,0,0,,,,,,,,,,,,,,,,,,,,,,,,,Greek,,,,,,,,,,,,,,,,,
New,what is the best greek yogurt,PRODUCTS,YOGURTS,Greek,,,,,#DIV/0!,#DIV/0!,0,0,0,0,,,,,,,,,,,,,,,,,,,,,,,,,Greek,,,,,,,,Best,,,,,,,,,
New,whole milk greek yogurt canada,PRODUCTS,YOGURTS,Greek,,,,,#DIV/0!,#DIV/0!,0,0,0,0,,,,,,,,,,,,,,,,,,,,,,,,,Greek,,,Milk,,,,,,,,,,,,,,
New,banana oikos,PRODUCTS,PLANT BASED YOGURTS,Generic,,,,,#DIV/0!,#DIV/0!,0,0,0,0,,,,,,,,,,,,,,,,,,,,,,,,,,Banana,,,Oikos,,,,,,,,,,,,,
New,healthy blueberry muffins greek yogurt and oats,PRODUCTS,PLANT BASED YOGURTS,Generic,,,,,#DIV/0!,#DIV/0!,0,0,0,0,,,,,,,,,,,,,,,,,,,,,,,,,Greek,Oat,,,,,,Healthy,,,,,,,,,,
New,good non dairy yogurt,PRODUCTS,YOGURTS,Yogurts,,,,,#DIV/0!,#DIV/0!,0,0,0,0,,,,,,,,,,,,,,,,,,,,,,,,,Yogurt,,,Dairy,,,,,Good or bad,,,,,,,,,
New,best plain greek yogurt,PRODUCTS,YOGURTS,Greek,,,,,#DIV/0!,#DIV/0!,0,0,0,0,,,,,,,,,,,,,,,,,,,,,,,,,Greek,Plain,,,,,,,Best,,,,,,,,,
EN,frozen greek yogurt bars recipe,RECIPES,RECIPES,Recipes with yogurt,,,,,#DIV/0!,#DIV/0!,0,0,0,0,,,,,,,,,,,,,,,,,,,,,,,,,Greek,,,,,,,,,,,,,,,,,
New,low fat yogurt canada,PRODUCTS,YOGURTS,Yogurts,,,,,#DIV/0!,#DIV/0!,0,0,0,0,,,,,,,,,,,,,,,,,,,,,,,,,Yogurt,,,Fat,,,,,,,,,,,,,,
New,yogurt dairy free,PRODUCTS,YOGURTS,Yogurts,,,,,#DIV/0!,#DIV/0!,0,0,0,0,,,,,,,,,,,,,,,,,,,,,,,,,Yogurt,,,Dairy,,,,,,,,,,,,,,
New,oikos pro nutrition,EATING BETTER,HEALTHIER EATING,Labels & scoring,,,,,#DIV/0!,#DIV/0!,0,0,0,0,,,,,,,,,,,,,,,,,,,,,,,,,,,,,Oikos,,,,,,,,,,,,,
New,what's greek yogurt,PRODUCTS,PLANT BASED YOGURTS,Generic,,,,,#DIV/0!,#DIV/0!,0,0,0,0,,,,,,,,,,,,,,,,,,,,,,,,,Greek,,,,,,,,,,,,,,,,,
FR,gateau yaourt vanille,RECIPES,RECIPES,Recipes with yogurt,,,,,#DIV/0!,#DIV/0!,0,0,0,0,,,,,,,,,,,,,,,,,,,,,,,,,Yogurt,Vanilla,,,,,,,,,,,,,,,,
New,whats greek yogurt,PRODUCTS,PLANT BASED YOGURTS,Generic,,,,,#DIV/0!,#DIV/0!,0,0,0,0,,,,,,,,,,,,,,,,,,,,,,,,,Greek,,,,,,,,,,,,,,,,,
New,best yogurt for lactose intolerance,HEALTH,ALLERGIES & INTOLERANCES,Lactose intolerance,,,,,#DIV/0!,#DIV/0!,0,0,0,0,,,,,,,,,,,,,,,,,,,,,,,,,Yogurt,,,Lactose,,,,,Best,,,,,,,,,
New,what brand of yogurt is the healthiest,PRODUCTS,PLANT BASED YOGURTS,Generic,,,,,#DIV/0!,#DIV/0!,0,0,0,0,,,,,,,,,,,,,,,,,,,,,,,,,Yogurt,,,,,,,Healthy,,,,,,,,,,
New,yogourt grec nature 0,PRODUCTS,YOGURTS,Greek,,,,,#DIV/0!,#DIV/0!,0,0,0,0,,,,,,,,,,,,,,,,,,,,,,,,,Yogurt,Plain,,Without,,,,,,,,,,,,,,
FR,gâteau aux amandes facile,RECIPES,RECIPES,Cakes,,,,,#DIV/0!,#DIV/0!,0,0,0,0,,,,,,,,,,,,,,,,,,,,,,,,,,Almond,,,,,,,,,,,,,,,,
New,how much protein in oikos greek yogurt cup,PRODUCTS,YOGURTS,Greek,,,,,#DIV/0!,#DIV/0!,0,0,0,0,,,,,,,,,,,,,,,,,,,,,,,,,Greek,,Cup,,Oikos,,,,,,,,,,,,,
New,oikos pro a boire,PRODUCTS,BRANDS,Danone - generic,,,,,#DIV/0!,#DIV/0!,0,0,0,0,,,,,,,,,,,,,,,,,,,,,,,,,,,,,Oikos,,,,,,,,,,,,,
New,greek yoghurt benefits,PRODUCTS,PLANT BASED YOGURTS,Generic,,,,,#DIV/0!,#DIV/0!,0,0,0,0,,,,,,,,,,,,,,,,,,,,,,,,,Greek,,,,,,,,,,,,,,,,,
New,oikos 20g protein,PRODUCTS,YOGURTS,Yogurts,,,,,#DIV/0!,#DIV/0!,0,0,0,0,,,,,,,,,,,,,,,,,,,,,,,,,,,Gram,Without,Oikos,,,,,,,,,,,,,
New,oikos yogourt proteine,PRODUCTS,BRANDS,Danone - generic,,,,,#DIV/0!,#DIV/0!,0,0,0,0,,,,,,,,,,,,,,,,,,,,,,,,,Yogurt,,,,Oikos,,,,,,,,,,,,,
New,ratio protein yogurt canada where to buy,PRODUCTS,PLANT BASED YOGURTS,Generic,,,,,#DIV/0!,#DIV/0!,0,0,0,0,,,,,,,,,,,,,,,,,,,,,,,,,Yogurt,,,,,,,,,,,,,,,,,
New,fat free plain greek yogurt,PRODUCTS,YOGURTS,Greek,,,,,#DIV/0!,#DIV/0!,0,0,0,0,,,,,,,,,,,,,,,,,,,,,,,,,Greek,Plain,,Fat,,,,Fat-free,,,,,,,,,,
New,greek yogurt keto friendly,PRODUCTS,PLANT BASED YOGURTS,Generic,,,,,#DIV/0!,#DIV/0!,0,0,0,0,,,,,,,,,,,,,,,,,,,,,,,,,Greek,,,,,,,,,,,,,,,,,
New,oikos vanilla yogurt nutrition facts,EATING BETTER,HEALTHIER EATING,Labels & scoring,,,,,#DIV/0!,#DIV/0!,0,0,0,0,,,,,,,,,,,,,,,,,,,,,,,,,Yogurt,Vanilla,,,Oikos,,,,,,,,,,,,,
New,iga greek yogurt,PRODUCTS,PLANT BASED YOGURTS,Generic,,,,,#DIV/0!,#DIV/0!,0,0,0,0,,,,,,,,,,,,,,,,,,,,,,,,,Greek,,,,,IGA,,,,,,,,,,,,
New,plain fat free greek yogurt,PRODUCTS,YOGURTS,Greek,,,,,#DIV/0!,#DIV/0!,0,0,0,0,,,,,,,,,,,,,,,,,,,,,,,,,Greek,Plain,,Fat,,,,Fat-free,,,,,,,,,,
New,greek yogurt magnesium,PRODUCTS,PLANT BASED YOGURTS,Generic,,,,,#DIV/0!,#DIV/0!,0,0,0,0,,,,,,,,,,,,,,,,,,,,,,,,,Greek,,,,,,,,,,,,,,,,,
New,10 greek yogurt,PRODUCTS,YOGURTS,Greek,,,,,#DIV/0!,#DIV/0!,0,0,0,0,,,,,,,,,,,,,,,,,,,,,,,,,Greek,,,Without,,,,,,,,,,,,,,
New,is there a dairy free yogurt,PRODUCTS,YOGURTS,Yogurts,,,,,#DIV/0!,#DIV/0!,0,0,0,0,,,,,,,,,,,,,,,,,,,,,,,,,Yogurt,,,Dairy,,,,,,,,,,,,,,
New,chobani 20g protein,PRODUCTS,YOGURTS,Yogurts,,,,,#DIV/0!,#DIV/0!,0,0,0,0,,,,,,,,,,,,,,,,,,,,,,,,,,,Gram,Without,Chobani,,,,,,,,,,,,,
FR,sauce au yogourt pour poulet,RECIPES,RECIPES,Recipes with yogurt,,,,,#DIV/0!,#DIV/0!,0,0,0,0,,,,,,,,,,,,,,,,,,,,,,,,,Yogurt,,,,,,,,,,,,,,,,,
New,what to make with plain greek yogurt,RECIPES,RECIPES,Recipes with yogurt,,,,,#DIV/0!,#DIV/0!,0,0,0,0,,,,,,,,,,,,,,,,,,,,,,,,,Greek,Plain,,,,,,,,,,,,,,,,
New,oikos made in canada,PRODUCTS,BRANDS,Danone - generic,,,,,#DIV/0!,#DIV/0!,0,0,0,0,,,,,,,,,,,,,,,,,,,,,,,,,,,,,Oikos,,,,,,,,,,,,,
New,greek yogurt recipe ideas,RECIPES,RECIPES,Recipes with yogurt,,,,,#DIV/0!,#DIV/0!,0,0,0,0,,,,,,,,,,,,,,,,,,,,,,,,,Greek,,,,,,,,,,,,,,,,,
New,is there any dairy free yogurt,PRODUCTS,PLANT BASED YOGURTS,Generic,,,,,#DIV/0!,#DIV/0!,0,0,0,0,,,,,,,,,,,,,,,,,,,,,,,,,Yogurt,,,Dairy,,,,,,,,,,,,,,
New,save on foods greek yogurt,PRODUCTS,PLANT BASED YOGURTS,Generic,,,,,#DIV/0!,#DIV/0!,0,0,0,0,,,,,,,,,,,,,,,,,,,,,,,,,Greek,,,,,,,,,,,,,,,,,
New,oikos greek yogurt cup nutrition,EATING BETTER,HEALTHIER EATING,Labels & scoring,,,,,#DIV/0!,#DIV/0!,0,0,0,0,,,,,,,,,,,,,,,,,,,,,,,,,Greek,,Cup,,Oikos,,,,,,,,,,,,,
New,what to do with plain greek yogurt,RECIPES,RECIPES,Recipes with yogurt,,,,,#DIV/0!,#DIV/0!,0,0,0,0,,,,,,,,,,,,,,,,,,,,,,,,,Greek,Plain,,,,,,,,,,,,,,,,
New,greek yogurt costco canada price,PRODUCTS,PLANT BASED YOGURTS,Generic,,,,,#DIV/0!,#DIV/0!,0,0,0,0,,,,,,,,,,,,,,,,,,,,,,,,,Greek,,,,,,,,,,,,,,,,,
New,made in canada milk,EATING BETTER,ORIGIN,Made in Canada,,,,,#DIV/0!,#DIV/0!,0,0,0,0,,,,,,,,,,,,,,,,,,,,,,,,,,,,Milk,,,,,,,,,,,,,,
New,oikos morning oats,PRODUCTS,BRANDS,Danone - generic,,,,,#DIV/0!,#DIV/0!,0,0,0,0,,,,,,,,,,,,,,,,,,,,,,,,,,Oat,,,Oikos,,,,,,,,,,,,,
New,things to make with greek yogurt,PRODUCTS,PLANT BASED YOGURTS,Generic,,,,,#DIV/0!,#DIV/0!,0,0,0,0,,,,,,,,,,,,,,,,,,,,,,,,,Greek,,,,,,,,,,,,,,,,,
New,is there dairy free yogurt,PRODUCTS,YOGURTS,Yogurts,,,,,#DIV/0!,#DIV/0!,0,0,0,0,,,,,,,,,,,,,,,,,,,,,,,,,Yogurt,,,Dairy,,,,,,,,,,,,,,
EN,oikos cherry greek yogurt nutrition,EATING BETTER,HEALTHIER EATING,Labels & scoring,,,,,#DIV/0!,#DIV/0!,0,0,0,0,,,,,,,,,,,,,,,,,,,,,,,,,Greek,Cherry,,,Oikos,,,,,,,,,,,,,
New,what yogurt has the most protein,PRODUCTS,YOGURTS,Yogurts,,,,,#DIV/0!,#DIV/0!,0,0,0,0,,,,,,,,,,,,,,,,,,,,,,,,,Yogurt,,,,,,,,,,,,,,,,,
New,oikos high protein greek yogurt nutrition,EATING BETTER,HEALTHIER EATING,Labels & scoring,,,,,#DIV/0!,#DIV/0!,0,0,0,0,,,,,,,,,,,,,,,,,,,,,,,,,Greek,,,,Oikos,,,Rich in protein,,,,,,,,,,
New,oikos 25 less sugar,PRODUCTS,YOGURTS,Greek,,,,,#DIV/0!,#DIV/0!,0,0,0,0,,,,,,,,,,,,,,,,,,,,,,,,,,,,Sugar,Oikos,,,,,,,,,,,,,
New,oikos high protein yogurt nutrition,EATING BETTER,HEALTHIER EATING,Labels & scoring,,,,,#DIV/0!,#DIV/0!,0,0,0,0,,,,,,,,,,,,,,,,,,,,,,,,,Yogurt,,,,Oikos,,,Rich in protein,,,,,,,,,,
New,skyr nutrition,PRODUCTS,PLANT BASED YOGURTS,Generic,,,,,#DIV/0!,#DIV/0!,0,0,0,0,,,,,,,,,,,,,,,,,,,,,,,,,Skyr,,,,,,,,,,,,,,,,,
New,how healthy is greek yogurt,PRODUCTS,PLANT BASED YOGURTS,Generic,,,,,#DIV/0!,#DIV/0!,0,0,0,0,,,,,,,,,,,,,,,,,,,,,,,,,Greek,,,,,,,Healthy,,,,,,,,,,
EN,oikos 2 greek yogurt nutrition,EATING BETTER,HEALTHIER EATING,Labels & scoring,,,,,#DIV/0!,#DIV/0!,0,0,0,0,,,,,,,,,,,,,,,,,,,,,,,,,Greek,,,,Oikos,,,,,,,,,,,,,
New,what to eat before a workout for energy,PRODUCTS,PLANT BASED YOGURTS,Generic,,,,,#DIV/0!,#DIV/0!,0,0,0,0,,,,,,,,,,,,,,,,,,,,,,,,,,,,,,,,,,,,,,,,,,
New,proteine yogourt grec,PRODUCTS,YOGURTS,Greek,,,,,#DIV/0!,#DIV/0!,0,0,0,0,,,,,,,,,,,,,,,,,,,,,,,,,Yogurt,,,,,,,,,,,,,,,,,
New,low fat greek yogurt nutrition,EATING BETTER,HEALTHIER EATING,Labels & scoring,,,,,#DIV/0!,#DIV/0!,0,0,0,0,,,,,,,,,,,,,,,,,,,,,,,,,Greek,,,Fat,,,,,,,,,,,,,,
FR,recette pancake bleuet,RECIPES,RECIPES,Cakes,,,,,#DIV/0!,#DIV/0!,0,0,0,0,,,,,,,,,,,,,,,,,,,,,,,,,,,,,,,,,,,,,,,,,,
New,oikos greek yogurt 24 pack costco,PRODUCTS,YOGURTS,Greek,,,,,#DIV/0!,#DIV/0!,0,0,0,0,,,,,,,,,,,,,,,,,,,,,,,,,Greek,,Pack,,Oikos,,,,,,,,,,,,,
New,dairy farmers of canada products,EATING BETTER,ORIGIN,Made in Canada,,,,,#DIV/0!,#DIV/0!,0,0,0,0,,,,,,,,,,,,,,,,,,,,,,,,,,,,Dairy,,,,,,,,,,,,,,
New,how is greek yogurt good for you,PRODUCTS,PLANT BASED YOGURTS,Generic,,,,,#DIV/0!,#DIV/0!,0,0,0,0,,,,,,,,,,,,,,,,,,,,,,,,,Greek,,,,,,,,Good or bad,,,,,,,,,
New,oikos remix,PRODUCTS,YOGURTS,Greek,,,,,#DIV/0!,#DIV/0!,0,0,0,0,,,,,,,,,,,,,,,,,,,,,,,,,,,,,Oikos,,,,,,,,,,,,,
New,ratio yogurt canada where to buy,PRODUCTS,PLANT BASED YOGURTS,Generic,,,,,#DIV/0!,#DIV/0!,0,0,0,0,,,,,,,,,,,,,,,,,,,,,,,,,Yogurt,,,,,,,,,,,,,,,,,
New,is oikos greek yogurt probiotic,HEALTH,COMPOSITION,Probiotics,,,,,#DIV/0!,#DIV/0!,0,0,0,0,,,,,,,,,,,,,,,,,,,,,,,,,Greek,,,Probiotic,Oikos,,,,,,,,,,,,,
New,high protein snacks for work,PRODUCTS,PLANT BASED YOGURTS,Generic,,,,,#DIV/0!,#DIV/0!,0,0,0,0,,,,,,,,,,,,,,,,,,,,,,,,,,,,,,,,Rich in protein,,,,,,,,,,
New,triple zero yogurt canada,PRODUCTS,YOGURTS,Greek,,,,,#DIV/0!,#DIV/0!,0,0,0,0,,,,,,,,,,,,,,,,,,,,,,,,,Yogurt,,,,,,,,,,,,,,,,,
New,blueberry and greek yogurt smoothie,PRODUCTS,PLANT BASED YOGURTS,Generic,,,,,#DIV/0!,#DIV/0!,0,0,0,0,,,,,,,,,,,,,,,,,,,,,,,,,Greek,Blueberry,,,,,,,,,,,,,,,,
FR,gateau yaourt grec,RECIPES,RECIPES,Recipes with yogurt,,,,,#DIV/0!,#DIV/0!,0,0,0,0,,,,,,,,,,,,,,,,,,,,,,,,,Greek,,,,,,,,,,,,,,,,,
New,best healthy yogurt,PRODUCTS,YOGURTS,Yogurts,,,,,#DIV/0!,#DIV/0!,0,0,0,0,,,,,,,,,,,,,,,,,,,,,,,,,Yogurt,,,,,,,Healthy,Best,,,,,,,,,
New,collation protéinée santé,CONSUMER HABITS,MEALS,Snack,,,,,#DIV/0!,#DIV/0!,0,0,0,0,,,,,,,,,,,,,,,,,,,,,,,,,,,,,,,,,,,Snack,,,,,,,
New,oïkos,PRODUCTS,BRANDS,Danone - generic,,,,,#DIV/0!,#DIV/0!,0,0,0,0,,,,,,,,,,,,,,,,,,,,,,,,,,,,,,,,,,,,,,,,,,
New,high protein desserts with greek yogurt,PRODUCTS,PLANT BASED YOGURTS,Generic,,,,,#DIV/0!,#DIV/0!,0,0,0,0,,,,,,,,,,,,,,,,,,,,,,,,,Greek,,,,,,,Rich in protein,,,,,,,,,,
FR,recette avec yogourt nature grec,RECIPES,RECIPES,Recipes with yogurt,,,,,#DIV/0!,#DIV/0!,0,0,0,0,,,,,,,,,,,,,,,,,,,,,,,,,Greek,Plain,,,,,,,,,,,,,,,,
New,quels sont les aliments riches en proteine,PRODUCTS,PLANT BASED YOGURTS,Generic,,,,,#DIV/0!,#DIV/0!,0,0,0,0,,,,,,,,,,,,,,,,,,,,,,,,,,Lime,,,,,,Rich in protein,,,,,,,,,,
New,best healthy yogurts,PRODUCTS,PLANT BASED YOGURTS,Generic,,,,,#DIV/0!,#DIV/0!,0,0,0,0,,,,,,,,,,,,,,,,,,,,,,,,,Yogurt,,,,,,,Healthy,Best,,,,,,,,,
New,greek yoghurt nutrition,EATING BETTER,HEALTHIER EATING,Labels & scoring,,,,,#DIV/0!,#DIV/0!,0,0,0,0,,,,,,,,,,,,,,,,,,,,,,,,,Greek,,,,,,,,,,,,,,,,,
New,oikos greek yogurt 19g protein,PRODUCTS,YOGURTS,Greek,,,,,#DIV/0!,#DIV/0!,0,0,0,0,,,,,,,,,,,,,,,,,,,,,,,,,Greek,,,,Oikos,,,,,,,,,,,,,
FR,collation avec yogourt grec nature,PRODUCTS,YOGURTS,Greek,,,,,#DIV/0!,#DIV/0!,0,0,0,0,,,,,,,,,,,,,,,,,,,,,,,,,Greek,Plain,,,,,,,,,,,,,,,,
New,what yogurt is canadian brands,EATING BETTER,ORIGIN,Made in Canada,,,,,#DIV/0!,#DIV/0!,0,0,0,0,,,,,,,,,,,,,,,,,,,,,,,,,Yogurt,,,,,,,,,,,,,,,,,
New,greek yoghurt nutrients,PRODUCTS,PLANT BASED YOGURTS,Generic,,,,,#DIV/0!,#DIV/0!,0,0,0,0,,,,,,,,,,,,,,,,,,,,,,,,,Greek,,,,,,,,,,,,,,,,,
New,oikos cherry greek yogurt calories,EATING BETTER,HEALTHIER EATING,Labels & scoring,,,,,#DIV/0!,#DIV/0!,0,0,0,0,,,,,,,,,,,,,,,,,,,,,,,,,Greek,Cherry,,Calorie,Oikos,,,,,,,,,,,,,
EN,oikos cherry greek yogurt,PRODUCTS,YOGURTS,Greek,,,,,#DIV/0!,#DIV/0!,0,0,0,0,,,,,,,,,,,,,,,,,,,,,,,,,Greek,Cherry,,,Oikos,,,,,,,,,,,,,
FR,yogourt grec bienfaits,PRODUCTS,YOGURTS,Greek,,,,,#DIV/0!,#DIV/0!,0,0,0,0,,,,,,,,,,,,,,,,,,,,,,,,,Greek,,,,,,,,,,,,,,,,,
New,bio yogurt,PRODUCTS,PLANT BASED YOGURTS,Generic,,,,,#DIV/0!,#DIV/0!,0,0,0,0,,,,,,,,,,,,,,,,,,,,,,,,,Yogurt,,,,,,,,,Bio,,,,,,,,
FR,yaourt grec recette,RECIPES,RECIPES,Recipes with yogurt,,,,,#DIV/0!,#DIV/0!,0,0,0,0,,,,,,,,,,,,,,,,,,,,,,,,,Greek,,,,,,,,,,,,,,,,,
New,what's the healthiest yogurt,PRODUCTS,YOGURTS,Yogurts,,,,,#DIV/0!,#DIV/0!,0,0,0,0,,,,,,,,,,,,,,,,,,,,,,,,,Yogurt,,,,,,,Healthy,,,,,,,,,,
FR,oikos nature,PRODUCTS,BRANDS,Danone - generic,,,,,#DIV/0!,#DIV/0!,0,0,0,0,,,,,,,,,,,,,,,,,,,,,,,,,,Plain,,,Oikos,,,,,,,,,,,,,
New,best canadian yogurt,EATING BETTER,ORIGIN,Made in Canada,,,,,#DIV/0!,#DIV/0!,0,0,0,0,,,,,,,,,,,,,,,,,,,,,,,,,Yogurt,,,,,,,,Best,,,,,,,,,
FR,pain au banane et yogourt,RECIPES,RECIPES,Recipes with yogurt,,,,,#DIV/0!,#DIV/0!,0,0,0,0,,,,,,,,,,,,,,,,,,,,,,,,,Yogurt,Banana,,,,,,,,,,,,,,,,
New,canadian milk producers,PRODUCTS,PLANT BASED YOGURTS,Generic,,,,,#DIV/0!,#DIV/0!,0,0,0,0,,,,,,,,,,,,,,,,,,,,,,,,,,,,Milk,,,,,,,,,,,,,,
EN,oikos greek yogurt cappuccino,PRODUCTS,YOGURTS,Yogurts,,,,,#DIV/0!,#DIV/0!,0,0,0,0,,,,,,,,,,,,,,,,,,,,,,,,,Greek,Cappuccino,,,Oikos,,,,,,,,,,,,,
FR,recette yaourt grec,RECIPES,RECIPES,Recipes with yogurt,,,,,#DIV/0!,#DIV/0!,0,0,0,0,,,,,,,,,,,,,,,,,,,,,,,,,Greek,,,,,,,,,,,,,,,,,
New,quelles sont les aliments riches en protéines,HEALTH,COMPOSITION,Proteins,,,,,#DIV/0!,#DIV/0!,0,0,0,0,,,,,,,,,,,,,,,,,,,,,,,,,,Lime,,,,,,Rich in protein,,,,,,,,,,
New,source yogurt protein,PRODUCTS,PLANT BASED YOGURTS,Generic,,,,,#DIV/0!,#DIV/0!,0,0,0,0,,,,,,,,,,,,,,,,,,,,,,,,,Yogurt,,,,,,,,,,,,,,,,,
New,protein smoothie with greek yogurt,PRODUCTS,PLANT BASED YOGURTS,Generic,,,,,#DIV/0!,#DIV/0!,0,0,0,0,,,,,,,,,,,,,,,,,,,,,,,,,Greek,,,,,,,,,,,,,,,,,
FR,recette trempette yogourt grec,RECIPES,RECIPES,Recipes with yogurt,,,,,#DIV/0!,#DIV/0!,0,0,0,0,,,,,,,,,,,,,,,,,,,,,,,,,Greek,,,,,,,,,,,,,,,,,
New,oikos high protein yogurt nutrition facts,EATING BETTER,HEALTHIER EATING,Labels & scoring,,,,,#DIV/0!,#DIV/0!,0,0,0,0,,,,,,,,,,,,,,,,,,,,,,,,,Yogurt,,,,Oikos,,,Rich in protein,,,,,,,,,,
New,what is the best yogurt,PRODUCTS,YOGURTS,Yogurts,,,,,#DIV/0!,#DIV/0!,0,0,0,0,,,,,,,,,,,,,,,,,,,,,,,,,Yogurt,,,,,,,,Best,,,,,,,,,
New,oikos yogurt cup nutrition,EATING BETTER,HEALTHIER EATING,Labels & scoring,,,,,#DIV/0!,#DIV/0!,0,0,0,0,,,,,,,,,,,,,,,,,,,,,,,,,Yogurt,,Cup,,Oikos,,,,,,,,,,,,,
New,what greek yogurt is canadian,EATING BETTER,ORIGIN,Made in Canada,,,,,#DIV/0!,#DIV/0!,0,0,0,0,,,,,,,,,,,,,,,,,,,,,,,,,Greek,,,,,,,,,,,,,,,,,
New,oikos greek yogurt made in canada,PRODUCTS,YOGURTS,Greek,,,,,#DIV/0!,#DIV/0!,0,0,0,0,,,,,,,,,,,,,,,,,,,,,,,,,Greek,,,,Oikos,,,,,,,,,,,,,
New,what is best yogurt,PRODUCTS,YOGURTS,Yogurts,,,,,#DIV/0!,#DIV/0!,0,0,0,0,,,,,,,,,,,,,,,,,,,,,,,,,Yogurt,,,,,,,,Best,,,,,,,,,
FR,recette avec yogourt grec vanille,RECIPES,RECIPES,Recipes with yogurt,,,,,#DIV/0!,#DIV/0!,0,0,0,0,,,,,,,,,,,,,,,,,,,,,,,,,Greek,Vanilla,,,,,,,,,,,,,,,,
New,yogourt grec special,PRODUCTS,YOGURTS,Greek,,,,,#DIV/0!,#DIV/0!,0,0,0,0,,,,,,,,,,,,,,,,,,,,,,,,,Yogurt,,,,,,,,,,,,,,,,,
New,low fat high protein yogurt,PRODUCTS,YOGURTS,Yogurts,,,,,#DIV/0!,#DIV/0!,0,0,0,0,,,,,,,,,,,,,,,,,,,,,,,,,Yogurt,,,Fat,,,,Rich in protein,,,,,,,,,,
New,oikos yogurt key lime,PRODUCTS,BRANDS,Danone - generic,,,,,#DIV/0!,#DIV/0!,0,0,0,0,,,,,,,,,,,,,,,,,,,,,,,,,Yogurt,Lime,,,Oikos,,,,,,,,,,,,,
New,yogourt oikos pro,PRODUCTS,BRANDS,Danone - generic,,,,,#DIV/0!,#DIV/0!,0,0,0,0,,,,,,,,,,,,,,,,,,,,,,,,,Yogurt,,,,Oikos,,,,,,,,,,,,,
New,is there any yogurt that is lactose free,PRODUCTS,PLANT BASED YOGURTS,Generic,,,,,#DIV/0!,#DIV/0!,0,0,0,0,,,,,,,,,,,,,,,,,,,,,,,,,Yogurt,,,Lactose,,,,,,,,,,,,,,
New,greek yogurt low sugar high protein,PRODUCTS,YOGURTS,Greek,,,,,#DIV/0!,#DIV/0!,0,0,0,0,,,,,,,,,,,,,,,,,,,,,,,,,Greek,,,Sugar,,,,Rich in protein,,,,,,,,,,
New,yogourt grec vanille valeur nutritive,EATING BETTER,HEALTHIER EATING,Labels & scoring,,,,,#DIV/0!,#DIV/0!,0,0,0,0,,,,,,,,,,,,,,,,,,,,,,,,,Yogurt,Vanilla,,,,,,,,,,,,,,,,
New,greek yogurt with low sugar and high protein,PRODUCTS,YOGURTS,Greek,,,,,#DIV/0!,#DIV/0!,0,0,0,0,,,,,,,,,,,,,,,,,,,,,,,,,Greek,,,Sugar,,,,Rich in protein,,,,,,,,,,
New,high protein low fat yogurt,PRODUCTS,YOGURTS,Yogurts,,,,,#DIV/0!,#DIV/0!,0,0,0,0,,,,,,,,,,,,,,,,,,,,,,,,,Yogurt,,,Fat,,,,Rich in protein,,,,,,,,,,
New,oikos yogurt made in canada,PRODUCTS,BRANDS,Danone - generic,,,,,#DIV/0!,#DIV/0!,0,0,0,0,,,,,,,,,,,,,,,,,,,,,,,,,Yogurt,,,,Oikos,,,,,,,,,,,,,
New,iga yogourt grec,PRODUCTS,YOGURTS,Greek,,,,,#DIV/0!,#DIV/0!,0,0,0,0,,,,,,,,,,,,,,,,,,,,,,,,,Yogurt,,,,,IGA,,,,,,,,,,,,
FR,recette de gâteau au fromage sans cuisson,RECIPES,RECIPES,Cakes,,,,,#DIV/0!,#DIV/0!,0,0,0,0,,,,,,,,,,,,,,,,,,,,,,,,,,,,Without,,,,,,,,,,,,,,
New,greek yogurt high protein low sugar,PRODUCTS,PLANT BASED YOGURTS,Generic,,,,,#DIV/0!,#DIV/0!,0,0,0,0,,,,,,,,,,,,,,,,,,,,,,,,,Greek,,,Sugar,,,,Rich in protein,,,,,,,,,,
EN,oikos 2 greek yogurt,PRODUCTS,YOGURTS,Greek,,,,,#DIV/0!,#DIV/0!,0,0,0,0,,,,,,,,,,,,,,,,,,,,,,,,,Greek,,,,Oikos,,,,,,,,,,,,,
New,oikos extra creamy,PRODUCTS,BRANDS,Danone - generic,,,,,#DIV/0!,#DIV/0!,0,0,0,0,,,,,,,,,,,,,,,,,,,,,,,,,,,,,Oikos,,,,,,,,,,,,,
New,is there a lactose free yogurt,PRODUCTS,YOGURTS,Yogurts,,,,,#DIV/0!,#DIV/0!,0,0,0,0,,,,,,,,,,,,,,,,,,,,,,,,,Yogurt,,,Lactose,,,,,,,,,,,,,,
New,yogourt grec nature sans lactose,PRODUCTS,YOGURTS,Greek,,,,,#DIV/0!,#DIV/0!,0,0,0,0,,,,,,,,,,,,,,,,,,,,,,,,,Yogurt,Plain,,Lactose,,,,,,,,,,,,,,
New,oikos sugar free yogurt,PRODUCTS,BRANDS,Danone - generic,,,,,#DIV/0!,#DIV/0!,0,0,0,0,,,,,,,,,,,,,,,,,,,,,,,,,Yogurt,,,Sugar,Oikos,,,,,,,,,,,,,
New,canadian yogourt,EATING BETTER,ORIGIN,Made in Canada,,,,,#DIV/0!,#DIV/0!,0,0,0,0,,,,,,,,,,,,,,,,,,,,,,,,,Yogurt,,,,,,,,,,,,,,,,,
FR,recette de dessert avec yogourt grec nature,CONSUMER HABITS,MEALS,Dessert,,,,,#DIV/0!,#DIV/0!,0,0,0,0,,,,,,,,,,,,,,,,,,,,,,,,,Greek,Plain,,,,,,,,,Dessert,,,,,,,
New,what are the benefits of greek yogurt,PRODUCTS,YOGURTS,Greek,,,,,#DIV/0!,#DIV/0!,0,0,0,0,,,,,,,,,,,,,,,,,,,,,,,,,Greek,,,,,,,,,,,,,,,,,
New,what are the best yogurts,PRODUCTS,YOGURTS,Yogurts,,,,,#DIV/0!,#DIV/0!,0,0,0,0,,,,,,,,,,,,,,,,,,,,,,,,,Yogurt,,,,,,,,Best,,,,,,,,,
New,yoghurt protein,PRODUCTS,YOGURTS,Yogurts,,,,,#DIV/0!,#DIV/0!,0,0,0,0,,,,,,,,,,,,,,,,,,,,,,,,,Yogurt,,,,,,,,,,,,,,,,,
FR,pain yogourt grec,RECIPES,RECIPES,Recipes with yogurt,,,,,#DIV/0!,#DIV/0!,0,0,0,0,,,,,,,,,,,,,,,,,,,,,,,,,Greek,,,,,,,,,,,,,,,,,
FR,oikos vanilla high protein,PRODUCTS,BRANDS,Danone - generic,,,,,#DIV/0!,#DIV/0!,0,0,0,0,,,,,,,,,,,,,,,,,,,,,,,,,,Vanilla,,,Oikos,,,Rich in protein,,,,,,,,,,
New,best tasting greek yogurt,PRODUCTS,YOGURTS,Greek,,,,,#DIV/0!,#DIV/0!,0,0,0,0,,,,,,,,,,,,,,,,,,,,,,,,,Greek,,,,,,,,Best,,,,,,,,,
New,oikos 15g protein,PRODUCTS,YOGURTS,Yogurts,,,,,#DIV/0!,#DIV/0!,0,0,0,0,,,,,,,,,,,,,,,,,,,,,,,,,,,Gram,,Oikos,,,,,,,,,,,,,
FR,oikos yogourt a boire,PRODUCTS,BRANDS,Yogurts,,,,,#DIV/0!,#DIV/0!,0,0,0,0,,,,,,,,,,,,,,,,,,,,,,,,,Yogurt,,,,Oikos,,,,,,,,,,,,,
New,what is the benefit of yogurt,PRODUCTS,PLANT BASED YOGURTS,Generic,,,,,#DIV/0!,#DIV/0!,0,0,0,0,,,,,,,,,,,,,,,,,,,,,,,,,Yogurt,,,,,,,,,,,,,,,,,
New,low sugar high protein greek yogurt,PRODUCTS,PLANT BASED YOGURTS,Generic,,,,,#DIV/0!,#DIV/0!,0,0,0,0,,,,,,,,,,,,,,,,,,,,,,,,,Greek,,,Sugar,,,,Rich in protein,,,,,,,,,,
New,chobani complete canada,PRODUCTS,YOGURTS,Yogurts,,,,,#DIV/0!,#DIV/0!,0,0,0,0,,,,,,,,,,,,,,,,,,,,,,,,,,,,,Chobani,,,,,,,,,,,,,
FR,vinaigrette crémeuse yogourt grec,RECIPES,RECIPES,Recipes with yogurt,,,,,#DIV/0!,#DIV/0!,0,0,0,0,,,,,,,,,,,,,,,,,,,,,,,,,Greek,,,,,,,,,,,,,,,,,
New,plain unsweetened yogurt,PRODUCTS,YOGURTS,Yogurts,,,,,#DIV/0!,#DIV/0!,0,0,0,0,,,,,,,,,,,,,,,,,,,,,,,,,Yogurt,Plain,,,,,,,,,,,,,,,,
New,oikos key lime yogurt,PRODUCTS,BRANDS,Danone - generic,,,,,#DIV/0!,#DIV/0!,0,0,0,0,,,,,,,,,,,,,,,,,,,,,,,,,Yogurt,Lime,,,Oikos,,,,,,,,,,,,,
New,is there lactose free yogurt,PRODUCTS,YOGURTS,Yogurts,,,,,#DIV/0!,#DIV/0!,0,0,0,0,,,,,,,,,,,,,,,,,,,,,,,,,Yogurt,,,Lactose,,,,,,,,,,,,,,
New,oikos banana yogurt nutrition,EATING BETTER,HEALTHIER EATING,Labels & scoring,,,,,#DIV/0!,#DIV/0!,0,0,0,0,,,,,,,,,,,,,,,,,,,,,,,,,Yogurt,Banana,,,Oikos,,,,,,,,,,,,,
EN,oikos fat free greek yogurt,PRODUCTS,YOGURTS,Greek,,,,,#DIV/0!,#DIV/0!,0,0,0,0,,,,,,,,,,,,,,,,,,,,,,,,,Greek,,,Fat,Oikos,,,Fat-free,,,,,,,,,,
New,high protein low sugar greek yogurt,PRODUCTS,YOGURTS,Greek,,,,,#DIV/0!,#DIV/0!,0,0,0,0,,,,,,,,,,,,,,,,,,,,,,,,,Greek,,,Sugar,,,,Rich in protein,,,,,,,,,,
New,greek yogurt protein smoothie,PRODUCTS,PLANT BASED YOGURTS,Generic,,,,,#DIV/0!,#DIV/0!,0,0,0,0,,,,,,,,,,,,,,,,,,,,,,,,,Greek,,,,,,,,,,,,,,,,,
New,nonfat greek yogurt nutrition,EATING BETTER,HEALTHIER EATING,Labels & scoring,,,,,#DIV/0!,#DIV/0!,0,0,0,0,,,,,,,,,,,,,,,,,,,,,,,,,Greek,,,Fat,,,,,,,,,,,,,,
New,oikos 15 gram protein,PRODUCTS,PLANT BASED YOGURTS,Generic,,,,,#DIV/0!,#DIV/0!,0,0,0,0,,,,,,,,,,,,,,,,,,,,,,,,,,,Gram,,Oikos,,,,,,,,,,,,,
New,which yogurts are made in canada,PRODUCTS,PLANT BASED YOGURTS,Generic,,,,,#DIV/0!,#DIV/0!,0,0,0,0,,,,,,,,,,,,,,,,,,,,,,,,,Yogurt,,,,,,,,,,,,,,,,,
New,oatmeal and greek yogurt,PRODUCTS,PLANT BASED YOGURTS,Generic,,,,,#DIV/0!,#DIV/0!,0,0,0,0,,,,,,,,,,,,,,,,,,,,,,,,,Greek,Oat,,,,,,,,,,,,,,,,
FR,sauce alfredo maison santé,RECIPES,RECIPES,Sauce recipe,,,,,#DIV/0!,#DIV/0!,0,0,0,0,,,,,,,,,,,,,,,,,,,,,,,,,,,,,,,,Healthy,,,,,,,,,,
New,nonfat greek yogurt nutrition facts,PRODUCTS,PLANT BASED YOGURTS,Generic,,,,,#DIV/0!,#DIV/0!,0,0,0,0,,,,,,,,,,,,,,,,,,,,,,,,,Greek,,,Fat,,,,,,,,,,,,,,
FR,dessert farine amande,CONSUMER HABITS,MEALS,Dessert,,,,,#DIV/0!,#DIV/0!,0,0,0,0,,,,,,,,,,,,,,,,,,,,,,,,,,Almond,,,,,,,,,Dessert,,,,,,,
New,which food has protein,HEALTH,COMPOSITION,Proteins,,,,,#DIV/0!,#DIV/0!,0,0,0,0,,,,,,,,,,,,,,,,,,,,,,,,,,,,,,,,,,,,,,,,,,
New,best probiotic greek yogurt,HEALTH,COMPOSITION,Probiotics,,,,,#DIV/0!,#DIV/0!,0,0,0,0,,,,,,,,,,,,,,,,,,,,,,,,,Greek,,,Probiotic,,,,,Best,,,,,,,,,
New,which yogurts are canadian,EATING BETTER,ORIGIN,Made in Canada,,,,,#DIV/0!,#DIV/0!,0,0,0,0,,,,,,,,,,,,,,,,,,,,,,,,,Yogurt,,,,,,,,,,,,,,,,,
EN,oikos lactose free greek yogurt nutrition,EATING BETTER,HEALTHIER EATING,Labels & scoring,,,,,#DIV/0!,#DIV/0!,0,0,0,0,,,,,,,,,,,,,,,,,,,,,,,,,Greek,,,Lactose,Oikos,,,,,,,,,,,,,
New,dairy products made in canada,PRODUCTS,BRANDS,Other,,,,,#DIV/0!,#DIV/0!,0,0,0,0,,,,,,,,,,,,,,,,,,,,,,,,,,,,Dairy,,,,,,,,,,,,,,
New,protein shake with yogurt,PRODUCTS,YOGURTS,Yogurts,,,,,#DIV/0!,#DIV/0!,0,0,0,0,,,,,,,,,,,,,,,,,,,,,,,,,Yogurt,,,,,,,,,,,,,,,,,
New,protein smoothie with yogurt,PRODUCTS,PLANT BASED YOGURTS,Generic,,,,,#DIV/0!,#DIV/0!,0,0,0,0,,,,,,,,,,,,,,,,,,,,,,,,,Yogurt,,,,,,,,,,,,,,,,,
New,oikos strawberry,PRODUCTS,BRANDS,Danone - generic,,,,,#DIV/0!,#DIV/0!,0,0,0,0,,,,,,,,,,,,,,,,,,,,,,,,,,Strawberry,,,Oikos,,,,,,,,,,,,,
New,yaourt grec oikos,PRODUCTS,YOGURTS,Greek,,,,,#DIV/0!,#DIV/0!,0,0,0,0,,,,,,,,,,,,,,,,,,,,,,,,,Yogurt,,,,Oikos,,,,,,,,,,,,,
EN,oikos 0 vanilla greek yogurt,PRODUCTS,YOGURTS,Greek,,,,,#DIV/0!,#DIV/0!,0,0,0,0,,,,,,,,,,,,,,,,,,,,,,,,,Greek,Vanilla,,Without,Oikos,,,,,,,,,,,,,
New,our finest greek yogurt nutrition,PRODUCTS,PLANT BASED YOGURTS,Generic,,,,,#DIV/0!,#DIV/0!,0,0,0,0,,,,,,,,,,,,,,,,,,,,,,,,,Greek,,,,,,,,,,,,,,,,,
EN,oikos greek yogurt raspberry pomegranate nutrition,EATING BETTER,HEALTHIER EATING,Labels & scoring,,,,,#DIV/0!,#DIV/0!,0,0,0,0,,,,,,,,,,,,,,,,,,,,,,,,,Greek,Raspberry,,Omega 3,Oikos,,,,,,,,,,,,,
New,oikos pro drinkable,PRODUCTS,YOGURT DRINKS,Yogurt drinks,,,,,#DIV/0!,#DIV/0!,0,0,0,0,,,,,,,,,,,,,,,,,,,,,,,,,,,,,Oikos,,,,,,,,,,,,,
New,high protein pancakes with greek yogurt,PRODUCTS,PLANT BASED YOGURTS,Generic,,,,,#DIV/0!,#DIV/0!,0,0,0,0,,,,,,,,,,,,,,,,,,,,,,,,,Greek,,,,,,,Rich in protein,,,,,,,,,,
New,oikos greek yogurt 3,PRODUCTS,YOGURTS,Greek,,,,,#DIV/0!,#DIV/0!,0,0,0,0,,,,,,,,,,,,,,,,,,,,,,,,,Greek,,,,Oikos,,,,,,,,,,,,,
New,high protein low calorie yogurt,EATING BETTER,HEALTHIER EATING,Labels & scoring,,,,,#DIV/0!,#DIV/0!,0,0,0,0,,,,,,,,,,,,,,,,,,,,,,,,,Yogurt,,,Calorie,,,,Rich in protein,,,,,,,,,,
New,ratio protein,PRODUCTS,PLANT BASED YOGURTS,Generic,,,,,#DIV/0!,#DIV/0!,0,0,0,0,,,,,,,,,,,,,,,,,,,,,,,,,,,,,,,,,,,,,,,,,,
New,low calorie high protein yogurt,EATING BETTER,HEALTHIER EATING,Labels & scoring,,,,,#DIV/0!,#DIV/0!,0,0,0,0,,,,,,,,,,,,,,,,,,,,,,,,,Yogurt,,,Calorie,,,,Rich in protein,,,,,,,,,,
New,strawberry oikos,PRODUCTS,BRANDS,Danone - generic,,,,,#DIV/0!,#DIV/0!,0,0,0,0,,,,,,,,,,,,,,,,,,,,,,,,,,Strawberry,,,Oikos,,,,,,,,,,,,,
EN,oikos drinkable greek yogurt,PRODUCTS,YOGURT DRINKS,Yogurt drinks,,,,,#DIV/0!,#DIV/0!,0,0,0,0,,,,,,,,,,,,,,,,,,,,,,,,,Greek,,,,Oikos,,,,,,,,,,,,,
New,is there a lactose free greek yogurt,PRODUCTS,YOGURTS,Greek,,,,,#DIV/0!,#DIV/0!,0,0,0,0,,,,,,,,,,,,,,,,,,,,,,,,,Greek,,,Lactose,,,,,,,,,,,,,,
New,idée de collation protéinée,PRODUCTS,PLANT BASED YOGURTS,Generic,,,,,#DIV/0!,#DIV/0!,0,0,0,0,,,,,,,,,,,,,,,,,,,,,,,,,,,,,,,,,,,,,,,,,,
New,dairy free yogurt alternative,PRODUCTS,PLANT BASED YOGURTS,Generic,,,,,#DIV/0!,#DIV/0!,0,0,0,0,,,,,,,,,,,,,,,,,,,,,,,,,Yogurt,,,Dairy,,,,,,,,,,,,,,
FR,recette de gyros au poulet,RECIPES,RECIPES,Chicken recipe,,,,,#DIV/0!,#DIV/0!,0,0,0,0,,,,,,,,,,,,,,,,,,,,,,,,,,,,,,,,,,,,,,,,,,
New,oikos greek yogurt 0 fat,PRODUCTS,YOGURTS,Greek,,,,,#DIV/0!,#DIV/0!,0,0,0,0,,,,,,,,,,,,,,,,,,,,,,,,,Greek,,,Fat,Oikos,,,Fat-free,,,,,,,,,,
EN,is greek yogurt pasteurized,PRODUCTS,YOGURTS,Greek,,,,,#DIV/0!,#DIV/0!,0,0,0,0,,,,,,,,,,,,,,,,,,,,,,,,,Greek,,,,,,,,,,,,,,,,,
New,greek vanilla yogurt nutrition facts,EATING BETTER,HEALTHIER EATING,Labels & scoring,,,,,#DIV/0!,#DIV/0!,0,0,0,0,,,,,,,,,,,,,,,,,,,,,,,,,Greek,Vanilla,,,,,,,,,,,,,,,,
New,half cup greek yogurt protein,PRODUCTS,PLANT BASED YOGURTS,Generic,,,,,#DIV/0!,#DIV/0!,0,0,0,0,,,,,,,,,,,,,,,,,,,,,,,,,Greek,,Cup,,,,,,,,,,,,,,,
New,greek yogourt protein,PRODUCTS,YOGURTS,Greek,,,,,#DIV/0!,#DIV/0!,0,0,0,0,,,,,,,,,,,,,,,,,,,,,,,,,Greek,,,,,,,,,,,,,,,,,
New,bienfaits yogourt grec,PRODUCTS,PLANT BASED YOGURTS,Generic,,,,,#DIV/0!,#DIV/0!,0,0,0,0,,,,,,,,,,,,,,,,,,,,,,,,,Yogurt,,,,,,,,,,,,,,,,,
FR,gyros poulet recette,RECIPES,RECIPES,Chicken recipe,,,,,#DIV/0!,#DIV/0!,0,0,0,0,,,,,,,,,,,,,,,,,,,,,,,,,,,,,,,,,,,,,,,,,,
New,high protein yogurt cups,PRODUCTS,YOGURTS,Yogurts,,,,,#DIV/0!,#DIV/0!,0,0,0,0,,,,,,,,,,,,,,,,,,,,,,,,,Yogurt,,Cup,,,,,Rich in protein,,,,,,,,,,
New,greek yogurt 0 sugar,PRODUCTS,YOGURTS,Greek,,,,,#DIV/0!,#DIV/0!,0,0,0,0,,,,,,,,,,,,,,,,,,,,,,,,,Greek,,,Sugar,,,,Sugar-free,,,,,,,,,,
EN,greek yogurt bars recipe,RECIPES,RECIPES,Recipes with yogurt,,,,,#DIV/0!,#DIV/0!,0,0,0,0,,,,,,,,,,,,,,,,,,,,,,,,,Greek,,,,,,,,,,,,,,,,,
New,greek yogurt oikos protein,PRODUCTS,YOGURTS,Greek,,,,,#DIV/0!,#DIV/0!,0,0,0,0,,,,,,,,,,,,,,,,,,,,,,,,,Greek,,,,Oikos,,,,,,,,,,,,,
New,oikos pomegranate yogurt,PRODUCTS,YOGURTS,Greek,,,,,#DIV/0!,#DIV/0!,0,0,0,0,,,,,,,,,,,,,,,,,,,,,,,,,Yogurt,Apple,,Omega 3,Oikos,,,,,,,,,,,,,
New,0 plain greek yogurt,PRODUCTS,YOGURTS,Greek,,,,,#DIV/0!,#DIV/0!,0,0,0,0,,,,,,,,,,,,,,,,,,,,,,,,,Greek,Plain,,Without,,,,,,,,,,,,,,
New,best lactose free yogurt,PRODUCTS,YOGURTS,Yogurts,,,,,#DIV/0!,#DIV/0!,0,0,0,0,,,,,,,,,,,,,,,,,,,,,,,,,Yogurt,,,Lactose,,,,,Best,,,,,,,,,
FR,oikos valeur nutritive,EATING BETTER,HEALTHIER EATING,Labels & scoring,,,,,#DIV/0!,#DIV/0!,0,0,0,0,,,,,,,,,,,,,,,,,,,,,,,,,,,,,Oikos,,,,,,,,,,,,,
FR,oikos fruit on the bottom,PRODUCTS,BRANDS,Danone - generic,,,,,#DIV/0!,#DIV/0!,0,0,0,0,,,,,,,,,,,,,,,,,,,,,,,,,,Fruits,,,Oikos,,,,,,,,,,,,,
New,oikos 2 vanilla greek yogurt with 25 less sugar nutrition,EATING BETTER,HEALTHIER EATING,Labels & scoring,,,,,#DIV/0!,#DIV/0!,0,0,0,0,,,,,,,,,,,,,,,,,,,,,,,,,Greek,Vanilla,,Sugar,Oikos,,,,,,,,,,,,,
New,how many grams of protein in yogurt,PRODUCTS,YOGURTS,Yogurts,,,,,#DIV/0!,#DIV/0!,0,0,0,0,,,,,,,,,,,,,,,,,,,,,,,,,Yogurt,,Gram,,,,,,,,,,,,,,,
New,vanilla greek yogurt nutrition facts,PRODUCTS,PLANT BASED YOGURTS,Generic,,,,,#DIV/0!,#DIV/0!,0,0,0,0,,,,,,,,,,,,,,,,,,,,,,,,,Greek,Vanilla,,,,,,,,,,,,,,,,
FR,oikos banane,PRODUCTS,BRANDS,Yogurts,,,,,#DIV/0!,#DIV/0!,0,0,0,0,,,,,,,,,,,,,,,,,,,,,,,,,,Banana,,,Oikos,,,,,,,,,,,,,
New,is there lactose free greek yogurt,PRODUCTS,YOGURTS,Greek,,,,,#DIV/0!,#DIV/0!,0,0,0,0,,,,,,,,,,,,,,,,,,,,,,,,,Greek,,,Lactose,,,,,,,,,,,,,,
FR,trempette pour poulet,RECIPES,RECIPES,Chicken recipe,,,,,#DIV/0!,#DIV/0!,0,0,0,0,,,,,,,,,,,,,,,,,,,,,,,,,,,,,,,,,,,,,,,,,,
EN,yogurt organic,EATING BETTER,ORIGIN,Organic,,,,,#DIV/0!,#DIV/0!,0,0,0,0,,,,,,,,,,,,,,,,,,,,,,,,,Yogurt,,,,,,,,,Bio,,,,,,,,
New,yoghurt brands canada,PRODUCTS,PLANT BASED YOGURTS,Generic,,,,,#DIV/0!,#DIV/0!,0,0,0,0,,,,,,,,,,,,,,,,,,,,,,,,,Yogurt,,,,,,,,,,,,,,,,,
New,yogurt product of canada,PRODUCTS,PLANT BASED YOGURTS,Generic,,,,,#DIV/0!,#DIV/0!,0,0,0,0,,,,,,,,,,,,,,,,,,,,,,,,,Yogurt,,,,,,,,,,,,,,,,,
New,oikos 0 fat greek yogurt,PRODUCTS,YOGURTS,Greek,,,,,#DIV/0!,#DIV/0!,0,0,0,0,,,,,,,,,,,,,,,,,,,,,,,,,Greek,,,Fat,Oikos,,,Fat-free,,,,,,,,,,
New,oikos cherry yogurt,PRODUCTS,YOGURTS,Greek,,,,,#DIV/0!,#DIV/0!,0,0,0,0,,,,,,,,,,,,,,,,,,,,,,,,,Yogurt,Cherry,,,Oikos,,,,,,,,,,,,,
New,how much fat in greek yogurt,PRODUCTS,PLANT BASED YOGURTS,Generic,,,,,#DIV/0!,#DIV/0!,0,0,0,0,,,,,,,,,,,,,,,,,,,,,,,,,Greek,,,Fat,,,,,,,,,,,,,,
New,greek yogurt without sugar,PRODUCTS,YOGURTS,Greek,,,,,#DIV/0!,#DIV/0!,0,0,0,0,,,,,,,,,,,,,,,,,,,,,,,,,Greek,,,Sugar,,,,,,,,,,,,,,
New,iogo protein,PRODUCTS,YOGURTS,Yogurts,,,,,#DIV/0!,#DIV/0!,0,0,0,0,,,,,,,,,,,,,,,,,,,,,,,,,,,,,,,,,,,,,,,,,,
New,bienfait yogourt grec,PRODUCTS,YOGURTS,Greek,,,,,#DIV/0!,#DIV/0!,0,0,0,0,,,,,,,,,,,,,,,,,,,,,,,,,Yogurt,,,,,,,,,,,,,,,,,
New,oikos pro calories,EATING BETTER,HEALTHIER EATING,Labels & scoring,,,,,#DIV/0!,#DIV/0!,0,0,0,0,,,,,,,,,,,,,,,,,,,,,,,,,,,,Calorie,Oikos,,,,,,,,,,,,,
New,canadian made yoghurt,PRODUCTS,PLANT BASED YOGURTS,Generic,,,,,#DIV/0!,#DIV/0!,0,0,0,0,,,,,,,,,,,,,,,,,,,,,,,,,Yogurt,,,,,,,,,,,,,,,,,
New,oikos blueberry yogurt nutrition facts,EATING BETTER,HEALTHIER EATING,Labels & scoring,,,,,#DIV/0!,#DIV/0!,0,0,0,0,,,,,,,,,,,,,,,,,,,,,,,,,Yogurt,Blueberry,,,Oikos,,,,,,,,,,,,,
New,chobani high protein yogurt,PRODUCTS,PLANT BASED YOGURTS,Generic,,,,,#DIV/0!,#DIV/0!,0,0,0,0,,,,,,,,,,,,,,,,,,,,,,,,,Yogurt,,,,Chobani,,,Rich in protein,,,,,,,,,,
New,strawberry cheesecake greek yogurt,PRODUCTS,PLANT BASED YOGURTS,Generic,,,,,#DIV/0!,#DIV/0!,0,0,0,0,,,,,,,,,,,,,,,,,,,,,,,,,Greek,Cheesecake,,,,,,,,,,,,,,,,
New,yogurt sugar free,PRODUCTS,YOGURTS,Yogurts,,,,,#DIV/0!,#DIV/0!,0,0,0,0,,,,,,,,,,,,,,,,,,,,,,,,,Yogurt,,,Sugar,,,,,,,,,,,,,,
New,oikos pro protein,PRODUCTS,BRANDS,Danone - generic,,,,,#DIV/0!,#DIV/0!,0,0,0,0,,,,,,,,,,,,,,,,,,,,,,,,,,,,,Oikos,,,,,,,,,,,,,
New,yogurt shake,PRODUCTS,PLANT BASED YOGURTS,Generic,,,,,#DIV/0!,#DIV/0!,0,0,0,0,,,,,,,,,,,,,,,,,,,,,,,,,Yogurt,,,,,,,,,,,,,,,,,
FR,poulet yogourt grec moutarde,RECIPES,RECIPES,Recipes with yogurt,,,,,#DIV/0!,#DIV/0!,0,0,0,0,,,,,,,,,,,,,,,,,,,,,,,,,Greek,,,,,,,,,,,,,,,,,
EN,danone oikos greek yogurt,PRODUCTS,YOGURTS,Greek,,,,,#DIV/0!,#DIV/0!,0,0,0,0,,,,,,,,,,,,,,,,,,,,,,,,,Greek,,,,Oikos,,,,,,,,,,,,,
New,yogurt without sugar or artificial sweeteners,PRODUCTS,YOGURTS,Yogurts,,,,,#DIV/0!,#DIV/0!,0,0,0,0,,,,,,,,,,,,,,,,,,,,,,,,,Yogurt,,,Sugar,,,,,,,,,,,,,,
New,is greek yogurt a good source of protein,PRODUCTS,YOGURTS,Greek,,,,,#DIV/0!,#DIV/0!,0,0,0,0,,,,,,,,,,,,,,,,,,,,,,,,,Greek,,,,,,,,Good or bad,,,,,,,,,
New,lactose free plain greek yogurt,PRODUCTS,PLANT BASED YOGURTS,Generic,,,,,#DIV/0!,#DIV/0!,0,0,0,0,,,,,,,,,,,,,,,,,,,,,,,,,Greek,Plain,,Lactose,,,,,,,,,,,,,,
New,canadian brands of milk,PRODUCTS,PLANT BASED YOGURTS,Generic,,,,,#DIV/0!,#DIV/0!,0,0,0,0,,,,,,,,,,,,,,,,,,,,,,,,,,,,Milk,,,,,,,,,,,,,,
New,how much sugar in oikos greek yogurt,PRODUCTS,PLANT BASED YOGURTS,Generic,,,,,#DIV/0!,#DIV/0!,0,0,0,0,,,,,,,,,,,,,,,,,,,,,,,,,Greek,,,Sugar,Oikos,,,,,,,,,,,,,
FR,pain aux bananes avec yogourt grec,RECIPES,RECIPES,Recipes with yogurt,,,,,#DIV/0!,#DIV/0!,0,0,0,0,,,,,,,,,,,,,,,,,,,,,,,,,Greek,Banana,,,,,,,,,,,,,,,,
New,carbs plain greek yogurt,PRODUCTS,PLANT BASED YOGURTS,Generic,,,,,#DIV/0!,#DIV/0!,0,0,0,0,,,,,,,,,,,,,,,,,,,,,,,,,Greek,Plain,,,,,,,,,,,,,,,,
New,oikos pro 20g protein,PRODUCTS,BRANDS,Danone - generic,,,,,#DIV/0!,#DIV/0!,0,0,0,0,,,,,,,,,,,,,,,,,,,,,,,,,,,Gram,Without,Oikos,,,,,,,,,,,,,
New,dejeuner sante et protéiné,CONSUMER HABITS,MEALS,Lunch,,,,,#DIV/0!,#DIV/0!,0,0,0,0,,,,,,,,,,,,,,,,,,,,,,,,,,,,,,,,,,,Lunch,,,,,,,
New,triple zero greek yogurt,PRODUCTS,YOGURTS,Greek,,,,,#DIV/0!,#DIV/0!,0,0,0,0,,,,,,,,,,,,,,,,,,,,,,,,,Greek,,,,,,,,,,,,,,,,,
New,whey protein greek yogurt,PRODUCTS,YOGURTS,Greek,,,,,#DIV/0!,#DIV/0!,0,0,0,0,,,,,,,,,,,,,,,,,,,,,,,,,Greek,,,Whey,,,,,,,,,,,,,,
FR,yaourt grec calorie,EATING BETTER,HEALTHIER EATING,Labels & scoring,,,,,#DIV/0!,#DIV/0!,0,0,0,0,,,,,,,,,,,,,,,,,,,,,,,,,Greek,,,Calorie,,,,,,,,,,,,,,
EN,oikos vanilla greek yogurt 25 less sugar,PRODUCTS,YOGURTS,Greek,,,,,#DIV/0!,#DIV/0!,0,0,0,0,,,,,,,,,,,,,,,,,,,,,,,,,Greek,Vanilla,,Sugar,Oikos,,,,,,,,,,,,,
New,oikos pro yogurt ingredients,HEALTH,COMPOSITION,Generic,,,,,#DIV/0!,#DIV/0!,0,0,0,0,,,,,,,,,,,,,,,,,,,,,,,,,Yogurt,,,,Oikos,,,,,,,,,,,,,
FR,trempette yogourt nature,PRODUCTS,YOGURTS,Yogurts,,,,,#DIV/0!,#DIV/0!,0,0,0,0,,,,,,,,,,,,,,,,,,,,,,,,,Yogurt,Plain,,,,,,,,,,,,,,,,
New,is there protein in greek yogurt,PRODUCTS,PLANT BASED YOGURTS,Generic,,,,,#DIV/0!,#DIV/0!,0,0,0,0,,,,,,,,,,,,,,,,,,,,,,,,,Greek,,,,,,,,,,,,,,,,,
New,greek yogurt triple zero,PRODUCTS,YOGURTS,Greek,,,,,#DIV/0!,#DIV/0!,0,0,0,0,,,,,,,,,,,,,,,,,,,,,,,,,Greek,,,,,,,,,,,,,,,,,
New,greek yogurt fat free,PRODUCTS,YOGURTS,Greek,,,,,#DIV/0!,#DIV/0!,0,0,0,0,,,,,,,,,,,,,,,,,,,,,,,,,Greek,,,Fat,,,,Fat-free,,,,,,,,,,
New,no fat greek yoghurt,PRODUCTS,YOGURTS,Greek,,,,,#DIV/0!,#DIV/0!,0,0,0,0,,,,,,,,,,,,,,,,,,,,,,,,,Greek,,,Fat,,,,,,,,,,,,,,
New,oikos individual yogurt,PRODUCTS,YOGURTS,Greek,,,,,#DIV/0!,#DIV/0!,0,0,0,0,,,,,,,,,,,,,,,,,,,,,,,,,Yogurt,,Individual,,Oikos,,,,,,,,,,,,,
FR,gateau au yaourt grec,RECIPES,RECIPES,Recipes with yogurt,,,,,#DIV/0!,#DIV/0!,0,0,0,0,,,,,,,,,,,,,,,,,,,,,,,,,Greek,,,,,,,,,,,,,,,,,
New,oikos pro 23g protein,PRODUCTS,YOGURTS,Yogurts,,,,,#DIV/0!,#DIV/0!,0,0,0,0,,,,,,,,,,,,,,,,,,,,,,,,,,,,,Oikos,,,,,,,,,,,,,
New,which greek yogurt is best for weight loss,PRODUCTS,YOGURTS,Greek,,,,,#DIV/0!,#DIV/0!,0,0,0,0,,,,,,,,,,,,,,,,,,,,,,,,,Greek,,,,,,,,Best,,,,,,,,,
New,yogourt greek,PRODUCTS,PLANT BASED YOGURTS,Generic,,,,,#DIV/0!,#DIV/0!,0,0,0,0,,,,,,,,,,,,,,,,,,,,,,,,,Greek,,,,,,,,,,,,,,,,,
New,lactose free yogourt,PRODUCTS,YOGURTS,Yogurts,,,,,#DIV/0!,#DIV/0!,0,0,0,0,,,,,,,,,,,,,,,,,,,,,,,,,Yogurt,,,Lactose,,,,,,,,,,,,,,
New,oikos greek yogurt triple zero canada,PRODUCTS,PLANT BASED YOGURTS,Generic,,,,,#DIV/0!,#DIV/0!,0,0,0,0,,,,,,,,,,,,,,,,,,,,,,,,,Greek,,,,Oikos,,,,,,,,,,,,,
New,oikos yogurt pro,PRODUCTS,YOGURTS,Yogurts,,,,,#DIV/0!,#DIV/0!,0,0,0,0,,,,,,,,,,,,,,,,,,,,,,,,,Yogurt,,,,Oikos,,,,,,,,,,,,,
New,oikos greek yogurt cups nutrition,EATING BETTER,HEALTHIER EATING,Labels & scoring,,,,,#DIV/0!,#DIV/0!,0,0,0,0,,,,,,,,,,,,,,,,,,,,,,,,,Greek,,Cup,,Oikos,,,,,,,,,,,,,
FR,pain aux bananes moelleux avec yogourt,RECIPES,RECIPES,Recipes with yogurt,,,,,#DIV/0!,#DIV/0!,0,0,0,0,,,,,,,,,,,,,,,,,,,,,,,,,Yogurt,Banana,,,,,,,,,,,,,,,,
New,yogurt is good for,PRODUCTS,PLANT BASED YOGURTS,Generic,,,,,#DIV/0!,#DIV/0!,0,0,0,0,,,,,,,,,,,,,,,,,,,,,,,,,Yogurt,,,,,,,,Good or bad,,,,,,,,,
New,chobani yogurt high protein,PRODUCTS,YOGURTS,Greek,,,,,#DIV/0!,#DIV/0!,0,0,0,0,,,,,,,,,,,,,,,,,,,,,,,,,Yogurt,,,,Chobani,,,Rich in protein,,,,,,,,,,
New,most healthy greek yogurt brand,PRODUCTS,PLANT BASED YOGURTS,Generic,,,,,#DIV/0!,#DIV/0!,0,0,0,0,,,,,,,,,,,,,,,,,,,,,,,,,Greek,,,,,,,Healthy,,,,,,,,,,
New,oikos strawberry cheesecake,PRODUCTS,PLANT BASED YOGURTS,Generic,,,,,#DIV/0!,#DIV/0!,0,0,0,0,,,,,,,,,,,,,,,,,,,,,,,,,,Cheesecake,,,Oikos,,,,,,,,,,,,,
FR,sauce yogourt pour poulet,RECIPES,RECIPES,Recipes with yogurt,,,,,#DIV/0!,#DIV/0!,0,0,0,0,,,,,,,,,,,,,,,,,,,,,,,,,Yogurt,,,,,,,,,,,,,,,,,
New,strawberry banana greek yogurt,PRODUCTS,PLANT BASED YOGURTS,Generic,,,,,#DIV/0!,#DIV/0!,0,0,0,0,,,,,,,,,,,,,,,,,,,,,,,,,Greek,Banana,,,,,,,,,,,,,,,,
New,oikos yogurt cup calories,EATING BETTER,HEALTHIER EATING,Labels & scoring,,,,,#DIV/0!,#DIV/0!,0,0,0,0,,,,,,,,,,,,,,,,,,,,,,,,,Yogurt,,Cup,Calorie,Oikos,,,,,,,,,,,,,
New,how much sugar is in oikos greek yogurt,PRODUCTS,YOGURTS,Greek,,,,,#DIV/0!,#DIV/0!,0,0,0,0,,,,,,,,,,,,,,,,,,,,,,,,,Greek,,,Sugar,Oikos,,,,,,,,,,,,,
New,lactose free greek yoghurt,PRODUCTS,YOGURTS,Greek,,,,,#DIV/0!,#DIV/0!,0,0,0,0,,,,,,,,,,,,,,,,,,,,,,,,,Greek,,,Lactose,,,,,,,,,,,,,,
New,diet greek yogurt,PRODUCTS,PLANT BASED YOGURTS,Generic,,,,,#DIV/0!,#DIV/0!,0,0,0,0,,,,,,,,,,,,,,,,,,,,,,,,,Greek,,,,,,,,,,,,,,,,,
EN,lactose free protein yogurt,PRODUCTS,YOGURTS,Yogurts,,,,,#DIV/0!,#DIV/0!,0,0,0,0,,,,,,,,,,,,,,,,,,,,,,,,,Yogurt,,,Lactose,,,,,,,,,,,,,,
EN,oikos full fat greek yogurt,PRODUCTS,YOGURTS,Greek,,,,,#DIV/0!,#DIV/0!,0,0,0,0,,,,,,,,,,,,,,,,,,,,,,,,,Greek,,,Fat,Oikos,,,,,,,,,,,,,
New,plain whole milk greek yogurt,PRODUCTS,YOGURTS,Greek,,,,,#DIV/0!,#DIV/0!,0,0,0,0,,,,,,,,,,,,,,,,,,,,,,,,,Greek,Plain,,Milk,,,,,,,,,,,,,,
New,greek yogurt calories 100g,EATING BETTER,HEALTHIER EATING,Labels & scoring,,,,,#DIV/0!,#DIV/0!,0,0,0,0,,,,,,,,,,,,,,,,,,,,,,,,,Greek,,Gram,Calorie,,,,,,,,,,,,,,
FR,oikos vanille,PRODUCTS,BRANDS,Yogurts,,,,,#DIV/0!,#DIV/0!,0,0,0,0,,,,,,,,,,,,,,,,,,,,,,,,,,Vanilla,,,Oikos,,,,,,,,,,,,,
New,aliments fort en protéines,PRODUCTS,PLANT BASED YOGURTS,Generic,,,,,#DIV/0!,#DIV/0!,0,0,0,0,,,,,,,,,,,,,,,,,,,,,,,,,,Lime,,,,,,,,,,,,,,,,
New,oikos high protein plain greek yogurt,PRODUCTS,YOGURTS,Greek,,,,,#DIV/0!,#DIV/0!,0,0,0,0,,,,,,,,,,,,,,,,,,,,,,,,,Greek,Plain,,,Oikos,,,Rich in protein,,,,,,,,,,
New,1 4 cup greek yogurt protein,PRODUCTS,YOGURTS,Greek,,,,,#DIV/0!,#DIV/0!,0,0,0,0,,,,,,,,,,,,,,,,,,,,,,,,,Greek,,Cup,,,,,,,,,,,,,,,
New,what yogurts are canadian made,EATING BETTER,ORIGIN,Made in Canada,,,,,#DIV/0!,#DIV/0!,0,0,0,0,,,,,,,,,,,,,,,,,,,,,,,,,Yogurt,,,,,,,,,,,,,,,,,
FR,trempette pour fruits yogourt,PRODUCTS,YOGURTS,Yogurts,,,,,#DIV/0!,#DIV/0!,0,0,0,0,,,,,,,,,,,,,,,,,,,,,,,,,Yogurt,Fruits,,,,,,,,,,,,,,,,
FR,trempette au yogourt pour crudités,PRODUCTS,YOGURTS,Yogurts,,,,,#DIV/0!,#DIV/0!,0,0,0,0,,,,,,,,,,,,,,,,,,,,,,,,,Yogurt,,,,,,,,,,,,,,,,,
New,greek yogurt strawberry banana smoothie,PRODUCTS,PLANT BASED YOGURTS,Generic,,,,,#DIV/0!,#DIV/0!,0,0,0,0,,,,,,,,,,,,,,,,,,,,,,,,,Greek,Banana,,,,,,,,,,,,,,,,
New,healthiest greek yogurt brand,PRODUCTS,YOGURTS,Greek,,,,,#DIV/0!,#DIV/0!,0,0,0,0,,,,,,,,,,,,,,,,,,,,,,,,,Greek,,,,,,,Healthy,,,,,,,,,,
New,what greek yogurt is the healthiest,PRODUCTS,PLANT BASED YOGURTS,Generic,,,,,#DIV/0!,#DIV/0!,0,0,0,0,,,,,,,,,,,,,,,,,,,,,,,,,Greek,,,,,,,Healthy,,,,,,,,,,
New,which yogurt is good,PRODUCTS,PLANT BASED YOGURTS,Generic,,,,,#DIV/0!,#DIV/0!,0,0,0,0,,,,,,,,,,,,,,,,,,,,,,,,,Yogurt,,,,,,,,Good or bad,,,,,,,,,
New,oikos high protein vanilla greek yogurt,PRODUCTS,YOGURTS,Greek,,,,,#DIV/0!,#DIV/0!,0,0,0,0,,,,,,,,,,,,,,,,,,,,,,,,,Greek,Vanilla,,,Oikos,,,Rich in protein,,,,,,,,,,
EN,oikos plain greek yogurt ingredients,HEALTH,COMPOSITION,Generic,,,,,#DIV/0!,#DIV/0!,0,0,0,0,,,,,,,,,,,,,,,,,,,,,,,,,Greek,Plain,,Composition,Oikos,,,,,,,,,,,,,
New,oikos greek yogurt key lime nutrition,EATING BETTER,HEALTHIER EATING,Labels & scoring,,,,,#DIV/0!,#DIV/0!,0,0,0,0,,,,,,,,,,,,,,,,,,,,,,,,,Greek,Lime,,,Oikos,,,,,,,,,,,,,
New,which is the best yogurt,PRODUCTS,YOGURTS,Yogurts,,,,,#DIV/0!,#DIV/0!,0,0,0,0,,,,,,,,,,,,,,,,,,,,,,,,,Yogurt,,,,,,,,Best,,,,,,,,,
New,high protein vanilla yogurt,PRODUCTS,YOGURTS,Yogurts,,,,,#DIV/0!,#DIV/0!,0,0,0,0,,,,,,,,,,,,,,,,,,,,,,,,,Yogurt,Vanilla,,,,,,Rich in protein,,,,,,,,,,
New,yogourt moins de sucre,PRODUCTS,PLANT BASED YOGURTS,Generic,,,,,#DIV/0!,#DIV/0!,0,0,0,0,,,,,,,,,,,,,,,,,,,,,,,,,Yogurt,,,,,,,,,,,,,,,,,
New,does yogurt has protein,PRODUCTS,PLANT BASED YOGURTS,Generic,,,,,#DIV/0!,#DIV/0!,0,0,0,0,,,,,,,,,,,,,,,,,,,,,,,,,Yogurt,,,,,,,,,,,,,,,,,
New,morning protein breakfast,PRODUCTS,PLANT BASED YOGURTS,Generic,,,,,#DIV/0!,#DIV/0!,0,0,0,0,,,,,,,,,,,,,,,,,,,,,,,,,,,,,,,,,,,,,,,,,,
EN,oikos greek yogurt cherry,PRODUCTS,YOGURTS,Greek,,,,,#DIV/0!,#DIV/0!,0,0,0,0,,,,,,,,,,,,,,,,,,,,,,,,,Greek,Cherry,,,Oikos,,,,,,,,,,,,,
FR,pain banane avec yogourt,RECIPES,RECIPES,Recipes with yogurt,,,,,#DIV/0!,#DIV/0!,0,0,0,0,,,,,,,,,,,,,,,,,,,,,,,,,Yogurt,Banana,,,,,,,,,,,,,,,,
New,which yogurt is best,PRODUCTS,YOGURTS,Yogurts,,,,,#DIV/0!,#DIV/0!,0,0,0,0,,,,,,,,,,,,,,,,,,,,,,,,,Yogurt,,,,,,,,Best,,,,,,,,,
New,which greek yogurt is best for lactose intolerance,HEALTH,ALLERGIES & INTOLERANCES,Lactose intolerance,,,,,#DIV/0!,#DIV/0!,0,0,0,0,,,,,,,,,,,,,,,,,,,,,,,,,Greek,,,Lactose,,,,,Best,,,,,,,,,
FR,recette dessert yogourt grec,CONSUMER HABITS,MEALS,Dessert,,,,,#DIV/0!,#DIV/0!,0,0,0,0,,,,,,,,,,,,,,,,,,,,,,,,,Greek,,,,,,,,,,Dessert,,,,,,,
New,which yogurt is the best,PRODUCTS,YOGURTS,Yogurts,,,,,#DIV/0!,#DIV/0!,0,0,0,0,,,,,,,,,,,,,,,,,,,,,,,,,Yogurt,,,,,,,,Best,,,,,,,,,
New,yogourt grec 0 calories,EATING BETTER,HEALTHIER EATING,Labels & scoring,,,,,#DIV/0!,#DIV/0!,0,0,0,0,,,,,,,,,,,,,,,,,,,,,,,,,Yogurt,,,Calorie,,,,,,,,,,,,,,
New,greek yogourt recipes,PRODUCTS,PLANT BASED YOGURTS,Generic,,,,,#DIV/0!,#DIV/0!,0,0,0,0,,,,,,,,,,,,,,,,,,,,,,,,,Greek,,,,,,,,,,,,,,,,,
New,yogurt low sugar,PRODUCTS,YOGURTS,Yogurts,,,,,#DIV/0!,#DIV/0!,0,0,0,0,,,,,,,,,,,,,,,,,,,,,,,,,Yogurt,,,Sugar,,,,,,,,,,,,,,
New,does greek yogurt have gelatin,PRODUCTS,PLANT BASED YOGURTS,Generic,,,,,#DIV/0!,#DIV/0!,0,0,0,0,,,,,,,,,,,,,,,,,,,,,,,,,Greek,,,,,,,,,,,,,,,,,
New,high protein snacks to make,PRODUCTS,PLANT BASED YOGURTS,Generic,,,,,#DIV/0!,#DIV/0!,0,0,0,0,,,,,,,,,,,,,,,,,,,,,,,,,,,,,,,,Rich in protein,,,,,,,,,,
New,grams protein greek yogurt,PRODUCTS,PLANT BASED YOGURTS,Generic,,,,,#DIV/0!,#DIV/0!,0,0,0,0,,,,,,,,,,,,,,,,,,,,,,,,,Greek,,Gram,,,,,,,,,,,,,,,
New,yoplait protein,PRODUCTS,PLANT BASED YOGURTS,Generic,,,,,#DIV/0!,#DIV/0!,0,0,0,0,,,,,,,,,,,,,,,,,,,,,,,,,,,,,,,,,,,,,,,,,,
New,quick and easy high protein breakfast,PRODUCTS,PLANT BASED YOGURTS,Generic,,,,,#DIV/0!,#DIV/0!,0,0,0,0,,,,,,,,,,,,,,,,,,,,,,,,,,,,,,,,Rich in protein,,,,,,,,,,
New,yogourt nature grec,PRODUCTS,YOGURTS,Greek,,,,,#DIV/0!,#DIV/0!,0,0,0,0,,,,,,,,,,,,,,,,,,,,,,,,,Yogurt,Plain,,,,,,,,,,,,,,,,
New,what greek yogurt is made in canada,PRODUCTS,PLANT BASED YOGURTS,Generic,,,,,#DIV/0!,#DIV/0!,0,0,0,0,,,,,,,,,,,,,,,,,,,,,,,,,Greek,,,,,,,,,,,,,,,,,
FR,pain plat au yogourt,RECIPES,RECIPES,Recipes with yogurt,,,,,#DIV/0!,#DIV/0!,0,0,0,0,,,,,,,,,,,,,,,,,,,,,,,,,Yogurt,,,,,,,,,,,,,,,,,
New,oikos greek yogurt calories 100g,PRODUCTS,PLANT BASED YOGURTS,Generic,,,,,#DIV/0!,#DIV/0!,0,0,0,0,,,,,,,,,,,,,,,,,,,,,,,,,Greek,,Gram,Calorie,Oikos,,,,,,,,,,,,,
New,olympic krema greek yogurt,PRODUCTS,PLANT BASED YOGURTS,Generic,,,,,#DIV/0!,#DIV/0!,0,0,0,0,,,,,,,,,,,,,,,,,,,,,,,,,Greek,,,,,,,,,,,,,,,,,
New,made in canada yogurt brands,PRODUCTS,YOGURTS,Yogurts,,,,,#DIV/0!,#DIV/0!,0,0,0,0,,,,,,,,,,,,,,,,,,,,,,,,,Yogurt,,,,,,,,,,,,,,,,,
New,0 fat greek yogurt nutrition,EATING BETTER,HEALTHIER EATING,Labels & scoring,,,,,#DIV/0!,#DIV/0!,0,0,0,0,,,,,,,,,,,,,,,,,,,,,,,,,Greek,,,Fat,,,,Fat-free,,,,,,,,,,
New,0 greek yogurt calories,EATING BETTER,HEALTHIER EATING,Labels & scoring,,,,,#DIV/0!,#DIV/0!,0,0,0,0,,,,,,,,,,,,,,,,,,,,,,,,,Greek,,,Calorie,,,,,,,,,,,,,,
FR,gâteau fromage citron sans cuisson,RECIPES,RECIPES,Cakes,,,,,#DIV/0!,#DIV/0!,0,0,0,0,,,,,,,,,,,,,,,,,,,,,,,,,,Lemon,,Without,,,,,,,,,,,,,,
FR,sauce yogourt grec pour pâtes,RECIPES,RECIPES,Recipes with yogurt,,,,,#DIV/0!,#DIV/0!,0,0,0,0,,,,,,,,,,,,,,,,,,,,,,,,,Greek,,,,,,,,,,,,,,,,,
New,oikos yogurt company,PRODUCTS,BRANDS,Danone - generic,,,,,#DIV/0!,#DIV/0!,0,0,0,0,,,,,,,,,,,,,,,,,,,,,,,,,Yogurt,,,,Oikos,,,,,,,,,,,,,
FR,yogourt grec oikos proteine,PRODUCTS,BRANDS,Yogurts,,,,,#DIV/0!,#DIV/0!,0,0,0,0,,,,,,,,,,,,,,,,,,,,,,,,,Greek,,,Protein,Oikos,,,,,,,,,,,,,
FR,trempette pour legumes avec yogourt grec,PRODUCTS,YOGURTS,Greek,,,,,#DIV/0!,#DIV/0!,0,0,0,0,,,,,,,,,,,,,,,,,,,,,,,,,Greek,,,,,,,,,,,,,,,,,
New,protein oikos yogurt,PRODUCTS,YOGURTS,Yogurts,,,,,#DIV/0!,#DIV/0!,0,0,0,0,,,,,,,,,,,,,,,,,,,,,,,,,Yogurt,,,,Oikos,,,,,,,,,,,,,
FR,yogourt sans lait,PRODUCTS,YOGURTS,Yogurts,,,,,#DIV/0!,#DIV/0!,0,0,0,0,,,,,,,,,,,,,,,,,,,,,,,,,Yogurt,,,Without,,,,,,,,,,,,,,
New,canadian made dairy products,PRODUCTS,PLANT BASED YOGURTS,Generic,,,,,#DIV/0!,#DIV/0!,0,0,0,0,,,,,,,,,,,,,,,,,,,,,,,,,,,,Dairy,,,,,,,,,,,,,,
New,types of yogurt brands,PRODUCTS,YOGURTS,Yogurts,,,,,#DIV/0!,#DIV/0!,0,0,0,0,,,,,,,,,,,,,,,,,,,,,,,,,Yogurt,,,,,,,,,,,,,,,,,
New,how to use greek yogurt,PRODUCTS,PLANT BASED YOGURTS,Generic,,,,,#DIV/0!,#DIV/0!,0,0,0,0,,,,,,,,,,,,,,,,,,,,,,,,,Greek,,,,,,,,,,,,,,,,,
New,yogourt sans gelatine,PRODUCTS,YOGURTS,Yogurts,,,,,#DIV/0!,#DIV/0!,0,0,0,0,,,,,,,,,,,,,,,,,,,,,,,,,Yogurt,,,Without,,,,,,,,,,,,,,
New,oikos probiotic,PRODUCTS,PLANT BASED YOGURTS,Generic,,,,,#DIV/0!,#DIV/0!,0,0,0,0,,,,,,,,,,,,,,,,,,,,,,,,,,,,Probiotic,Oikos,,,,,,,,,,,,,
New,best high protein yogurt canada,PRODUCTS,YOGURTS,Yogurts,,,,,#DIV/0!,#DIV/0!,0,0,0,0,,,,,,,,,,,,,,,,,,,,,,,,,Yogurt,,,,,,,Rich in protein,Best,,,,,,,,,
New,oikos vanilla protein yogurt,PRODUCTS,BRANDS,Danone - generic,,,,,#DIV/0!,#DIV/0!,0,0,0,0,,,,,,,,,,,,,,,,,,,,,,,,,Yogurt,Vanilla,,,Oikos,,,,,,,,,,,,,
New,oikos 3,PRODUCTS,YOGURTS,Greek,,,,,#DIV/0!,#DIV/0!,0,0,0,0,,,,,,,,,,,,,,,,,,,,,,,,,,,,,Oikos,,,,,,,,,,,,,
New,yogurt protein content,PRODUCTS,PLANT BASED YOGURTS,Generic,,,,,#DIV/0!,#DIV/0!,0,0,0,0,,,,,,,,,,,,,,,,,,,,,,,,,Yogurt,,,,,,,,,,,,,,,,,
New,what are some high protein snacks,PRODUCTS,PLANT BASED YOGURTS,Generic,,,,,#DIV/0!,#DIV/0!,0,0,0,0,,,,,,,,,,,,,,,,,,,,,,,,,,,,,,,,Rich in protein,,,,,,,,,,
New,high protein yogurt breakfast,PRODUCTS,PLANT BASED YOGURTS,Generic,,,,,#DIV/0!,#DIV/0!,0,0,0,0,,,,,,,,,,,,,,,,,,,,,,,,,Yogurt,,,,,,,Rich in protein,,,,,,,,,,
New,greek yogurt 19g protein,PRODUCTS,PLANT BASED YOGURTS,Generic,,,,,#DIV/0!,#DIV/0!,0,0,0,0,,,,,,,,,,,,,,,,,,,,,,,,,Greek,,,,,,,,,,,,,,,,,
New,what does greek yogurt do for you,PRODUCTS,YOGURTS,Greek,,,,,#DIV/0!,#DIV/0!,0,0,0,0,,,,,,,,,,,,,,,,,,,,,,,,,Greek,,,,,,,,,,,,,,,,,
New,what can you make with greek yogurt,RECIPES,RECIPES,Recipes with yogurt,,,,,#DIV/0!,#DIV/0!,0,0,0,0,,,,,,,,,,,,,,,,,,,,,,,,,Greek,,,,,,,,,,,,,,,,,
New,oikos probiotics,HEALTH,COMPOSITION,Probiotics,,,,,#DIV/0!,#DIV/0!,0,0,0,0,,,,,,,,,,,,,,,,,,,,,,,,,,,,Probiotic,Oikos,,,,,,,,,,,,,
New,oikos vanilla greek yogurt protein,PRODUCTS,YOGURTS,Greek,,,,,#DIV/0!,#DIV/0!,0,0,0,0,,,,,,,,,,,,,,,,,,,,,,,,,Greek,Vanilla,,,Oikos,,,,,,,,,,,,,
New,yogurt protein shake,PRODUCTS,YOGURTS,Yogurts,,,,,#DIV/0!,#DIV/0!,0,0,0,0,,,,,,,,,,,,,,,,,,,,,,,,,Yogurt,,,,,,,,,,,,,,,,,
New,the best greek yogurt,PRODUCTS,YOGURTS,Greek,,,,,#DIV/0!,#DIV/0!,0,0,0,0,,,,,,,,,,,,,,,,,,,,,,,,,Greek,,,,,,,,Best,,,,,,,,,
New,non fat greek yogurt nutrition,EATING BETTER,HEALTHIER EATING,Labels & scoring,,,,,#DIV/0!,#DIV/0!,0,0,0,0,,,,,,,,,,,,,,,,,,,,,,,,,Greek,,,Fat,,,,,,,,,,,,,,
FR,sauce au fromage bleu pour ailes de poulet,RECIPES,RECIPES,Chicken recipe,,,,,#DIV/0!,#DIV/0!,0,0,0,0,,,,,,,,,,,,,,,,,,,,,,,,,,,,,,,,,,,,,,,,,,
New,best non fat yogurt,PRODUCTS,PLANT BASED YOGURTS,Generic,,,,,#DIV/0!,#DIV/0!,0,0,0,0,,,,,,,,,,,,,,,,,,,,,,,,,Yogurt,,,Fat,,,,,Best,,,,,,,,,
New,oikos pro yogurt 20g protein,PRODUCTS,PLANT BASED YOGURTS,Generic,,,,,#DIV/0!,#DIV/0!,0,0,0,0,,,,,,,,,,,,,,,,,,,,,,,,,Yogurt,,Gram,Without,Oikos,,,,,,,,,,,,,
New,the best greek yogurts,PRODUCTS,PLANT BASED YOGURTS,Generic,,,,,#DIV/0!,#DIV/0!,0,0,0,0,,,,,,,,,,,,,,,,,,,,,,,,,Greek,,,,,,,,Best,,,,,,,,,
New,what is the healthiest greek yogurt,PRODUCTS,YOGURTS,Greek,,,,,#DIV/0!,#DIV/0!,0,0,0,0,,,,,,,,,,,,,,,,,,,,,,,,,Greek,,,,,,,Healthy,,,,,,,,,,
New,greek yogurt 0 fat nutrition,EATING BETTER,HEALTHIER EATING,Labels & scoring,,,,,#DIV/0!,#DIV/0!,0,0,0,0,,,,,,,,,,,,,,,,,,,,,,,,,Greek,,,Fat,,,,Fat-free,,,,,,,,,,
EN,oikos greek yogurt peach mango nutrition,EATING BETTER,HEALTHIER EATING,Labels & scoring,,,,,#DIV/0!,#DIV/0!,0,0,0,0,,,,,,,,,,,,,,,,,,,,,,,,,Greek,Peach,,,Oikos,,,,,,,,,,,,,
FR,yogourt grec oikos nature valeur nutritive,EATING BETTER,HEALTHIER EATING,Labels & scoring,,,,,#DIV/0!,#DIV/0!,0,0,0,0,,,,,,,,,,,,,,,,,,,,,,,,,Greek,Plain,,,Oikos,,,,,,,,,,,,,
New,collation protéinée musculation,PRODUCTS,PLANT BASED YOGURTS,Generic,,,,,#DIV/0!,#DIV/0!,0,0,0,0,,,,,,,,,,,,,,,,,,,,,,,,,,,,,,,,,,,,,,,,,,
New,yogurt without lactose,PRODUCTS,YOGURTS,Yogurts,,,,,#DIV/0!,#DIV/0!,0,0,0,0,,,,,,,,,,,,,,,,,,,,,,,,,Yogurt,,,Lactose,,,,,,,,,,,,,,
New,how much protein in oikos yogurt,PRODUCTS,PLANT BASED YOGURTS,Generic,,,,,#DIV/0!,#DIV/0!,0,0,0,0,,,,,,,,,,,,,,,,,,,,,,,,,Yogurt,,,,Oikos,,,,,,,,,,,,,
New,riche en proteine,PRODUCTS,PLANT BASED YOGURTS,Generic,,,,,#DIV/0!,#DIV/0!,0,0,0,0,,,,,,,,,,,,,,,,,,,,,,,,,,,,,,,,Rich in protein,,,,,,,,,,
New,oikos coconut,PRODUCTS,BRANDS,Danone - generic,,,,,#DIV/0!,#DIV/0!,0,0,0,0,,,,,,,,,,,,,,,,,,,,,,,,,,Coconut,,,Oikos,,,,,,,,,,,,,
New,yogurt protein bowls,PRODUCTS,PLANT BASED YOGURTS,Generic,,,,,#DIV/0!,#DIV/0!,0,0,0,0,,,,,,,,,,,,,,,,,,,,,,,,,Yogurt,,,,,,,,,,,,,,,,,
New,oikos greek yogurt healthy,PRODUCTS,PLANT BASED YOGURTS,Generic,,,,,#DIV/0!,#DIV/0!,0,0,0,0,,,,,,,,,,,,,,,,,,,,,,,,,Greek,,,,Oikos,,,Healthy,,,,,,,,,,
FR,pain avec yogourt grec,RECIPES,RECIPES,Recipes with yogurt,,,,,#DIV/0!,#DIV/0!,0,0,0,0,,,,,,,,,,,,,,,,,,,,,,,,,Greek,,,,,,,,,,,,,,,,,
New,oikos greek yogurt extra creamy,PRODUCTS,YOGURTS,Greek,,,,,#DIV/0!,#DIV/0!,0,0,0,0,,,,,,,,,,,,,,,,,,,,,,,,,Greek,,,,Oikos,,,,,,,,,,,,,
EN,is oikos greek yogurt pasteurized,PRODUCTS,YOGURTS,Greek,,,,,#DIV/0!,#DIV/0!,0,0,0,0,,,,,,,,,,,,,,,,,,,,,,,,,Greek,,,,Oikos,,,,,,,,,,,,,
New,yogourt avec proteine,PRODUCTS,YOGURTS,Yogurts,,,,,#DIV/0!,#DIV/0!,0,0,0,0,,,,,,,,,,,,,,,,,,,,,,,,,Yogurt,,,,,,,,,,,,,,,,,
New,oikos mango yogurt,PRODUCTS,BRANDS,Danone - generic,,,,,#DIV/0!,#DIV/0!,0,0,0,0,,,,,,,,,,,,,,,,,,,,,,,,,Yogurt,Mango,,,Oikos,,,,,,,,,,,,,
New,best protein yogurt canada,PRODUCTS,YOGURTS,Yogurts,,,,,#DIV/0!,#DIV/0!,0,0,0,0,,,,,,,,,,,,,,,,,,,,,,,,,Yogurt,,,,,,,,Best,,,,,,,,,
New,oikos protein drink nutrition facts,PRODUCTS,PLANT BASED YOGURTS,Generic,,,,,#DIV/0!,#DIV/0!,0,0,0,0,,,,,,,,,,,,,,,,,,,,,,,,,,,,,Oikos,,,,,,,,,,,,,
FR,oikos protéine à boire,PRODUCTS,BRANDS,Danone - generic,,,,,#DIV/0!,#DIV/0!,0,0,0,0,,,,,,,,,,,,,,,,,,,,,,,,,,,,Protein,Oikos,,,,,,,,,,,,,
New,oikos plain greek yogurt protein,PRODUCTS,YOGURTS,Greek,,,,,#DIV/0!,#DIV/0!,0,0,0,0,,,,,,,,,,,,,,,,,,,,,,,,,Greek,Plain,,,Oikos,,,,,,,,,,,,,
New,is oikos good for you,PRODUCTS,YOGURTS,Greek,,,,,#DIV/0!,#DIV/0!,0,0,0,0,,,,,,,,,,,,,,,,,,,,,,,,,,,,,Oikos,,,,Good or bad,,,,,,,,,
New,banana oikos yogurt,PRODUCTS,BRANDS,Danone - generic,,,,,#DIV/0!,#DIV/0!,0,0,0,0,,,,,,,,,,,,,,,,,,,,,,,,,Yogurt,Banana,,,Oikos,,,,,,,,,,,,,
New,where to buy oikos pro yogurt,PRODUCTS,BRANDS,Danone - generic,,,,,#DIV/0!,#DIV/0!,0,0,0,0,,,,,,,,,,,,,,,,,,,,,,,,,Yogurt,,,,Oikos,,,,,,,,,,,,,
EN,oikos vanilla greek yogurt ingredients,HEALTH,COMPOSITION,Generic,,,,,#DIV/0!,#DIV/0!,0,0,0,0,,,,,,,,,,,,,,,,,,,,,,,,,Greek,Vanilla,,Composition,Oikos,,,,,,,,,,,,,
New,high protein yogourt,PRODUCTS,YOGURTS,Yogurts,,,,,#DIV/0!,#DIV/0!,0,0,0,0,,,,,,,,,,,,,,,,,,,,,,,,,Yogurt,,,,,,,Rich in protein,,,,,,,,,,
New,greek yoghurt brands,PRODUCTS,PLANT BASED YOGURTS,Generic,,,,,#DIV/0!,#DIV/0!,0,0,0,0,,,,,,,,,,,,,,,,,,,,,,,,,Greek,,,,,,,,,,,,,,,,,
New,what yogurt is dairy free,PRODUCTS,PLANT BASED YOGURTS,Generic,,,,,#DIV/0!,#DIV/0!,0,0,0,0,,,,,,,,,,,,,,,,,,,,,,,,,Yogurt,,,Dairy,,,,,,,,,,,,,,
FR,recette dessert avec yogourt nature,CONSUMER HABITS,MEALS,Dessert,,,,,#DIV/0!,#DIV/0!,0,0,0,0,,,,,,,,,,,,,,,,,,,,,,,,,Yogurt,Plain,,,,,,,,,Dessert,,,,,,,
New,oikos yogurt & protein,PRODUCTS,BRANDS,Danone - generic,,,,,#DIV/0!,#DIV/0!,0,0,0,0,,,,,,,,,,,,,,,,,,,,,,,,,Yogurt,,,,Oikos,,,,,,,,,,,,,
New,is oikos yogurt probiotic,PRODUCTS,PLANT BASED YOGURTS,Generic,,,,,#DIV/0!,#DIV/0!,0,0,0,0,,,,,,,,,,,,,,,,,,,,,,,,,Yogurt,,,Probiotic,Oikos,,,,,,,,,,,,,
FR,pancake bleuet trois fois par jour,RECIPES,RECIPES,Cakes,,,,,#DIV/0!,#DIV/0!,0,0,0,0,,,,,,,,,,,,,,,,,,,,,,,,,,,,,,,,,,,,,,,,,,
New,is yogourt good for you,PRODUCTS,PLANT BASED YOGURTS,Generic,,,,,#DIV/0!,#DIV/0!,0,0,0,0,,,,,,,,,,,,,,,,,,,,,,,,,Yogurt,,,,,,,,Good or bad,,,,,,,,,
New,best yogurts for health,PRODUCTS,PLANT BASED YOGURTS,Generic,,,,,#DIV/0!,#DIV/0!,0,0,0,0,,,,,,,,,,,,,,,,,,,,,,,,,Yogurt,,,,,,,Healthy,Best,,,,,,,,,
New,best yogurt for health,PRODUCTS,YOGURTS,Yogurts,,,,,#DIV/0!,#DIV/0!,0,0,0,0,,,,,,,,,,,,,,,,,,,,,,,,,Yogurt,,,,,,,Healthy,Best,,,,,,,,,
New,carbs in oikos greek yogurt,PRODUCTS,YOGURTS,Greek,,,,,#DIV/0!,#DIV/0!,0,0,0,0,,,,,,,,,,,,,,,,,,,,,,,,,Greek,,,,Oikos,,,,,,,,,,,,,
New,yogourt sans gras,PRODUCTS,YOGURTS,Yogurts,,,,,#DIV/0!,#DIV/0!,0,0,0,0,,,,,,,,,,,,,,,,,,,,,,,,,Yogurt,,,Without,,,,,,,,,,,,,,
New,what's the best yogurt,PRODUCTS,YOGURTS,Yogurts,,,,,#DIV/0!,#DIV/0!,0,0,0,0,,,,,,,,,,,,,,,,,,,,,,,,,Yogurt,,,,,,,,Best,,,,,,,,,
New,canadian brand greek yogurt,EATING BETTER,ORIGIN,Made in Canada,,,,,#DIV/0!,#DIV/0!,0,0,0,0,,,,,,,,,,,,,,,,,,,,,,,,,Greek,,,,,,,,,,,,,,,,,
FR,trempette crudités yogourt grec,PRODUCTS,YOGURTS,Greek,,,,,#DIV/0!,#DIV/0!,0,0,0,0,,,,,,,,,,,,,,,,,,,,,,,,,Greek,,,,,,,,,,,,,,,,,
New,yogourt grec probiotique,PRODUCTS,PLANT BASED YOGURTS,Generic,,,,,#DIV/0!,#DIV/0!,0,0,0,0,,,,,,,,,,,,,,,,,,,,,,,,,Yogurt,,,Probiotic,,,,,,,,,,,,,,
New,good protein meals for breakfast,PRODUCTS,PLANT BASED YOGURTS,Generic,,,,,#DIV/0!,#DIV/0!,0,0,0,0,,,,,,,,,,,,,,,,,,,,,,,,,,,,,,,,,Good or bad,,,,,,,,,
New,canadian made greek yogurt brands,EATING BETTER,ORIGIN,Made in Canada,,,,,#DIV/0!,#DIV/0!,0,0,0,0,,,,,,,,,,,,,,,,,,,,,,,,,Greek,,,,,,,,,,,,,,,,,
New,flavoured oikos greek yogurt,PRODUCTS,YOGURTS,Greek,,,,,#DIV/0!,#DIV/0!,0,0,0,0,,,,,,,,,,,,,,,,,,,,,,,,,Greek,,,,Oikos,,,,,,,,,,,,,
New,no lactose yogurt,PRODUCTS,YOGURTS,Yogurts,,,,,#DIV/0!,#DIV/0!,0,0,0,0,,,,,,,,,,,,,,,,,,,,,,,,,Yogurt,,,Lactose,,,,,,,,,,,,,,
New,yogurt 20g protein,PRODUCTS,PLANT BASED YOGURTS,Generic,,,,,#DIV/0!,#DIV/0!,0,0,0,0,,,,,,,,,,,,,,,,,,,,,,,,,Yogurt,,Gram,Without,,,,,,,,,,,,,,
New,oikos greek yogurt fruit on the bottom nutrition,EATING BETTER,HEALTHIER EATING,Labels & scoring,,,,,#DIV/0!,#DIV/0!,0,0,0,0,,,,,,,,,,,,,,,,,,,,,,,,,Greek,,,,Oikos,,,,,,,,,,,,,
New,yogourt oikos vanille,PRODUCTS,BRANDS,Yogurts,,,,,#DIV/0!,#DIV/0!,0,0,0,0,,,,,,,,,,,,,,,,,,,,,,,,,Yogurt,Vanilla,,,Oikos,,,,,,,,,,,,,
New,siggi's products,PRODUCTS,PLANT BASED YOGURTS,Generic,,,,,#DIV/0!,#DIV/0!,0,0,0,0,,,,,,,,,,,,,,,,,,,,,,,,,,,,,Siggi's,,,,,,,,,,,,,
New,best yogurt healthy,PRODUCTS,PLANT BASED YOGURTS,Generic,,,,,#DIV/0!,#DIV/0!,0,0,0,0,,,,,,,,,,,,,,,,,,,,,,,,,Yogurt,,,,,,,Healthy,Best,,,,,,,,,
EN,triple 0 greek yogurt,PRODUCTS,YOGURTS,Greek,,,,,#DIV/0!,#DIV/0!,0,0,0,0,,,,,,,,,,,,,,,,,,,,,,,,,Greek,,,Without,,,,,,,,,,,,,,
New,what is dairy free yogurt,PRODUCTS,PLANT BASED YOGURTS,Generic,,,,,#DIV/0!,#DIV/0!,0,0,0,0,,,,,,,,,,,,,,,,,,,,,,,,,Yogurt,,,Dairy,,,,,,,,,,,,,,
New,coconut oikos,PRODUCTS,BRANDS,Danone - generic,,,,,#DIV/0!,#DIV/0!,0,0,0,0,,,,,,,,,,,,,,,,,,,,,,,,,,Coconut,,,Oikos,,,,,,,,,,,,,
New,super c yogourt grec,PRODUCTS,PLANT BASED YOGURTS,Generic,,,,,#DIV/0!,#DIV/0!,0,0,0,0,,,,,,,,,,,,,,,,,,,,,,,,,Yogurt,,,,,Super c,,,,,,,,,,,,
New,greek yogurt 2 percent,PRODUCTS,YOGURTS,Greek,,,,,#DIV/0!,#DIV/0!,0,0,0,0,,,,,,,,,,,,,,,,,,,,,,,,,Greek,,,,,,,,,,,,,,,,,
New,yoghurt made in canada,PRODUCTS,PLANT BASED YOGURTS,Generic,,,,,#DIV/0!,#DIV/0!,0,0,0,0,,,,,,,,,,,,,,,,,,,,,,,,,Yogurt,,,,,,,,,,,,,,,,,
New,oikos greek yogurt protein content,PRODUCTS,YOGURTS,Greek,,,,,#DIV/0!,#DIV/0!,0,0,0,0,,,,,,,,,,,,,,,,,,,,,,,,,Greek,,,,Oikos,,,,,,,,,,,,,
New,whats the best yogurt,PRODUCTS,YOGURTS,Yogurts,,,,,#DIV/0!,#DIV/0!,0,0,0,0,,,,,,,,,,,,,,,,,,,,,,,,,Yogurt,,,,,,,,Best,,,,,,,,,
New,high protein oikos yogurt,PRODUCTS,BRANDS,Danone - generic,,,,,#DIV/0!,#DIV/0!,0,0,0,0,,,,,,,,,,,,,,,,,,,,,,,,,Yogurt,,,,Oikos,,,Rich in protein,,,,,,,,,,
FR,yogourt oikos sans lactose,PRODUCTS,BRANDS,Yogurts,,,,,#DIV/0!,#DIV/0!,0,0,0,0,,,,,,,,,,,,,,,,,,,,,,,,,Yogurt,,,Lactose,Oikos,,,,,,,,,,,,,
New,oikos greek yogurt 11,PRODUCTS,YOGURTS,Greek,,,,,#DIV/0!,#DIV/0!,0,0,0,0,,,,,,,,,,,,,,,,,,,,,,,,,Greek,,,,Oikos,,,,,,,,,,,,,
New,is oikos yogurt a probiotic,PRODUCTS,PLANT BASED YOGURTS,Generic,,,,,#DIV/0!,#DIV/0!,0,0,0,0,,,,,,,,,,,,,,,,,,,,,,,,,Yogurt,,,Probiotic,Oikos,,,,,,,,,,,,,
New,oikos 9,PRODUCTS,YOGURTS,Greek,,,,,#DIV/0!,#DIV/0!,0,0,0,0,,,,,,,,,,,,,,,,,,,,,,,,,,,,,Oikos,,,,,,,,,,,,,
New,20g protein yogurt,PRODUCTS,YOGURTS,Greek,,,,,#DIV/0!,#DIV/0!,0,0,0,0,,,,,,,,,,,,,,,,,,,,,,,,,Yogurt,,Gram,Without,,,,,,,,,,,,,,
New,oikos plain,PRODUCTS,BRANDS,Danone - generic,,,,,#DIV/0!,#DIV/0!,0,0,0,0,,,,,,,,,,,,,,,,,,,,,,,,,,Plain,,,Oikos,,,,,,,,,,,,,
New,oikos yogurt protein drink,PRODUCTS,YOGURT DRINKS,Yogurt drinks,,,,,#DIV/0!,#DIV/0!,0,0,0,0,,,,,,,,,,,,,,,,,,,,,,,,,Yogurt,,,,Oikos,,,,,,,,,,,,,
New,greek yogurt low fat calories,EATING BETTER,HEALTHIER EATING,Labels & scoring,,,,,#DIV/0!,#DIV/0!,0,0,0,0,,,,,,,,,,,,,,,,,,,,,,,,,Greek,,,Calorie,,,,,,,,,,,,,,
New,greek yogurt with no sugar,PRODUCTS,YOGURTS,Greek,,,,,#DIV/0!,#DIV/0!,0,0,0,0,,,,,,,,,,,,,,,,,,,,,,,,,Greek,,,Sugar,,,,Sugar-free,,,,,,,,,,
New,is yogurt good protein,PRODUCTS,PLANT BASED YOGURTS,Generic,,,,,#DIV/0!,#DIV/0!,0,0,0,0,,,,,,,,,,,,,,,,,,,,,,,,,Yogurt,,,,,,,,Good or bad,,,,,,,,,
FR,recette dessert avec yogourt grec,CONSUMER HABITS,MEALS,Dessert,,,,,#DIV/0!,#DIV/0!,0,0,0,0,,,,,,,,,,,,,,,,,,,,,,,,,Greek,,,,,,,,,,Dessert,,,,,,,
FR,pain aux bananes yogourt et chocolat,RECIPES,RECIPES,Recipes with yogurt,,,,,#DIV/0!,#DIV/0!,0,0,0,0,,,,,,,,,,,,,,,,,,,,,,,,,Yogurt,Banana,,,,,,,,,,,,,,,,
New,is greek yogurt good for your gut,PRODUCTS,YOGURTS,Greek,,,,,#DIV/0!,#DIV/0!,0,0,0,0,,,,,,,,,,,,,,,,,,,,,,,,,Greek,,,,,,,,Good or bad,,,,,,,,,
FR,trempette ranch yogourt grec,PRODUCTS,YOGURTS,Greek,,,,,#DIV/0!,#DIV/0!,0,0,0,0,,,,,,,,,,,,,,,,,,,,,,,,,Greek,,,,,,,,,,,,,,,,,
New,best yogurt brand in canada,PRODUCTS,PLANT BASED YOGURTS,Generic,,,,,#DIV/0!,#DIV/0!,0,0,0,0,,,,,,,,,,,,,,,,,,,,,,,,,Yogurt,,,,,,,,Best,,,,,,,,,
EN,oikos black cherry greek yogurt,PRODUCTS,YOGURTS,Greek,,,,,#DIV/0!,#DIV/0!,0,0,0,0,,,,,,,,,,,,,,,,,,,,,,,,,Greek,Cherry,,,Oikos,,,,,,,,,,,,,
New,yogourt grec 0 valeur nutritive,EATING BETTER,HEALTHIER EATING,Labels & scoring,,,,,#DIV/0!,#DIV/0!,0,0,0,0,,,,,,,,,,,,,,,,,,,,,,,,,Yogurt,,,Without,,,,,,,,,,,,,,
New,oikos greek yogurt strawberry cheesecake,PRODUCTS,PLANT BASED YOGURTS,Generic,,,,,#DIV/0!,#DIV/0!,0,0,0,0,,,,,,,,,,,,,,,,,,,,,,,,,Greek,Cheesecake,,,Oikos,,,,,,,,,,,,,
New,what is the best greek yogurt in canada,PRODUCTS,YOGURTS,Greek,,,,,#DIV/0!,#DIV/0!,0,0,0,0,,,,,,,,,,,,,,,,,,,,,,,,,Greek,,,,,,,,Best,,,,,,,,,
New,best canadian greek yogurt,EATING BETTER,ORIGIN,Made in Canada,,,,,#DIV/0!,#DIV/0!,0,0,0,0,,,,,,,,,,,,,,,,,,,,,,,,,Greek,,,,,,,,Best,,,,,,,,,
New,easy high protein snack,PRODUCTS,PLANT BASED YOGURTS,Generic,,,,,#DIV/0!,#DIV/0!,0,0,0,0,,,,,,,,,,,,,,,,,,,,,,,,,,,,,,,,Rich in protein,,,,,,,,,,
New,lactose free curd,PRODUCTS,YOGURTS,Curd,,,,,#DIV/0!,#DIV/0!,0,0,0,0,,,,,,,,,,,,,,,,,,,,,,,,,Curd,,,Lactose,,,,,,,,,,,,,,
New,easy high protein breakfast meal prep,CONSUMER HABITS,MEALS,Breakfast,,,,,#DIV/0!,#DIV/0!,0,0,0,0,,,,,,,,,,,,,,,,,,,,,,,,,,,,,,,,Rich in protein,,,Breakfast,,,,,,,
New,oikos plain yogurt nutrition facts,EATING BETTER,HEALTHIER EATING,Labels & scoring,,,,,#DIV/0!,#DIV/0!,0,0,0,0,,,,,,,,,,,,,,,,,,,,,,,,,Yogurt,Plain,,,Oikos,,,,,,,,,,,,,
New,best protein in the morning,PRODUCTS,PLANT BASED YOGURTS,Generic,,,,,#DIV/0!,#DIV/0!,0,0,0,0,,,,,,,,,,,,,,,,,,,,,,,,,,,,,,,,,Best,,,,,,,,,
New,qu est ce qui contient des protéines,PRODUCTS,PLANT BASED YOGURTS,Generic,,,,,#DIV/0!,#DIV/0!,0,0,0,0,,,,,,,,,,,,,,,,,,,,,,,,,,,,,,,,,,,,,,,,,,
New,oikos 17g protein,PRODUCTS,YOGURTS,Yogurts,,,,,#DIV/0!,#DIV/0!,0,0,0,0,,,,,,,,,,,,,,,,,,,,,,,,,,,,,Oikos,,,,,,,,,,,,,
New,oki yogurt,PRODUCTS,BRANDS,Danone - generic,,,,,#DIV/0!,#DIV/0!,0,0,0,0,,,,,,,,,,,,,,,,,,,,,,,,,Yogurt,,,,,,,,,,,,,,,,,
EN,oikos banana greek yogurt nutrition facts,EATING BETTER,HEALTHIER EATING,Labels & scoring,,,,,#DIV/0!,#DIV/0!,0,0,0,0,,,,,,,,,,,,,,,,,,,,,,,,,Greek,Banana,,,Oikos,,,,,,,,,,,,,
EN,oikos nonfat greek yogurt,PRODUCTS,YOGURTS,Greek,,,,,#DIV/0!,#DIV/0!,0,0,0,0,,,,,,,,,,,,,,,,,,,,,,,,,Greek,,,Fat,Oikos,,,,,,,,,,,,,
New,oikos peach,PRODUCTS,PLANT BASED YOGURTS,Generic,,,,,#DIV/0!,#DIV/0!,0,0,0,0,,,,,,,,,,,,,,,,,,,,,,,,,,,,,Oikos,,,,,,,,,,,,,
New,oikos cheesecake,PRODUCTS,BRANDS,Danone - generic,,,,,#DIV/0!,#DIV/0!,0,0,0,0,,,,,,,,,,,,,,,,,,,,,,,,,,Cheesecake,,,Oikos,,,,,,,,,,,,,
FR,trempette avec yogourt nature,PRODUCTS,YOGURTS,Yogurts,,,,,#DIV/0!,#DIV/0!,0,0,0,0,,,,,,,,,,,,,,,,,,,,,,,,,Yogurt,Plain,,,,,,,,,,,,,,,,
EN,oikos peach greek yogurt nutrition,EATING BETTER,HEALTHIER EATING,Labels & scoring,,,,,#DIV/0!,#DIV/0!,0,0,0,0,,,,,,,,,,,,,,,,,,,,,,,,,Greek,Peach,,,Oikos,,,,,,,,,,,,,
New,ou trouver les proteines,PRODUCTS,PLANT BASED YOGURTS,Generic,,,,,#DIV/0!,#DIV/0!,0,0,0,0,,,,,,,,,,,,,,,,,,,,,,,,,,,,,,,,,,,,,,,,,,
New,greek yogurt recipes high protein,RECIPES,RECIPES,Recipes with yogurt,,,,,#DIV/0!,#DIV/0!,0,0,0,0,,,,,,,,,,,,,,,,,,,,,,,,,Greek,,,,,,,Rich in protein,,,,,,,,,,
New,lactose free oikos,PRODUCTS,BRANDS,Danone - generic,,,,,#DIV/0!,#DIV/0!,0,0,0,0,,,,,,,,,,,,,,,,,,,,,,,,,,,,Lactose,Oikos,,,,,,,,,,,,,
FR,yogourt grec sans gras,PRODUCTS,YOGURTS,Greek,,,,,#DIV/0!,#DIV/0!,0,0,0,0,,,,,,,,,,,,,,,,,,,,,,,,,Greek,,,Without,,,,,,,,,,,,,,
New,canadian yogourt brands,PRODUCTS,PLANT BASED YOGURTS,Generic,,,,,#DIV/0!,#DIV/0!,0,0,0,0,,,,,,,,,,,,,,,,,,,,,,,,,Yogurt,,,,,,,,,,,,,,,,,
New,oikos cheesecake yogurt,PRODUCTS,YOGURTS,Greek,,,,,#DIV/0!,#DIV/0!,0,0,0,0,,,,,,,,,,,,,,,,,,,,,,,,,Yogurt,Cheesecake,,,Oikos,,,,,,,,,,,,,
New,oikos strawberry cheesecake yogurt calories,PRODUCTS,PLANT BASED YOGURTS,Generic,,,,,#DIV/0!,#DIV/0!,0,0,0,0,,,,,,,,,,,,,,,,,,,,,,,,,Yogurt,Cheesecake,,Calorie,Oikos,,,,,,,,,,,,,
New,oikos greek yogurt benefits,PRODUCTS,YOGURTS,Greek,,,,,#DIV/0!,#DIV/0!,0,0,0,0,,,,,,,,,,,,,,,,,,,,,,,,,Greek,,,,Oikos,,,,,,,,,,,,,
New,ou trouver les proteine,PRODUCTS,PLANT BASED YOGURTS,Generic,,,,,#DIV/0!,#DIV/0!,0,0,0,0,,,,,,,,,,,,,,,,,,,,,,,,,,,,,,,,,,,,,,,,,,
New,dessert avec yogourt vanille,PRODUCTS,PLANT BASED YOGURTS,Generic,,,,,#DIV/0!,#DIV/0!,0,0,0,0,,,,,,,,,,,,,,,,,,,,,,,,,Yogurt,Vanilla,,,,,,,,,,,,,,,,
New,oikos greek yogurt 3 assorted flavours variety pack nutrition,PRODUCTS,PLANT BASED YOGURTS,Generic,,,,,#DIV/0!,#DIV/0!,0,0,0,0,,,,,,,,,,,,,,,,,,,,,,,,,Greek,,Pack,,Oikos,,,,,,,,,,,,,
New,yogurt 0,PRODUCTS,PLANT BASED YOGURTS,Generic,,,,,#DIV/0!,#DIV/0!,0,0,0,0,,,,,,,,,,,,,,,,,,,,,,,,,Yogurt,,,Without,,,,,,,,,,,,,,
New,oikos strawberry cheesecake yogurt nutrition facts,EATING BETTER,HEALTHIER EATING,Labels & scoring,,,,,#DIV/0!,#DIV/0!,0,0,0,0,,,,,,,,,,,,,,,,,,,,,,,,,Yogurt,Cheesecake,,,Oikos,,,,,,,,,,,,,
New,yogurt with less sugar,PRODUCTS,YOGURTS,Yogurts,,,,,#DIV/0!,#DIV/0!,0,0,0,0,,,,,,,,,,,,,,,,,,,,,,,,,Yogurt,,,Sugar,,,,,,,,,,,,,,
New,healthy high protein breakfasts,CONSUMER HABITS,MEALS,Breakfast,,,,,#DIV/0!,#DIV/0!,0,0,0,0,,,,,,,,,,,,,,,,,,,,,,,,,,,,,,,,Rich in protein,,,Breakfast,,,,,,,
EN,oikos low sugar greek yogurt,PRODUCTS,YOGURTS,Greek,,,,,#DIV/0!,#DIV/0!,0,0,0,0,,,,,,,,,,,,,,,,,,,,,,,,,Greek,,,Sugar,Oikos,,,,,,,,,,,,,
New,yogourt 11,PRODUCTS,PLANT BASED YOGURTS,Generic,,,,,#DIV/0!,#DIV/0!,0,0,0,0,,,,,,,,,,,,,,,,,,,,,,,,,Yogurt,,,,,,,,,,,,,,,,,
New,protein heavy snacks,CONSUMER HABITS,MEALS,Snack,,,,,#DIV/0!,#DIV/0!,0,0,0,0,,,,,,,,,,,,,,,,,,,,,,,,,,,,,,,,,,,Snack,,,,,,,
FR,yogourt grec oikos vanille valeur nutritive,EATING BETTER,HEALTHIER EATING,Labels & scoring,,,,,#DIV/0!,#DIV/0!,0,0,0,0,,,,,,,,,,,,,,,,,,,,,,,,,Greek,Vanilla,,,Oikos,,,,,,,,,,,,,
New,how good is yogurt for you,PRODUCTS,PLANT BASED YOGURTS,Generic,,,,,#DIV/0!,#DIV/0!,0,0,0,0,,,,,,,,,,,,,,,,,,,,,,,,,Yogurt,,,,,,,,Good or bad,,,,,,,,,
New,oikos greek yogourt,PRODUCTS,YOGURTS,Greek,,,,,#DIV/0!,#DIV/0!,0,0,0,0,,,,,,,,,,,,,,,,,,,,,,,,,Greek,,,,Oikos,,,,,,,,,,,,,
New,oikos pro 24g,PRODUCTS,BRANDS,Danone - generic,,,,,#DIV/0!,#DIV/0!,0,0,0,0,,,,,,,,,,,,,,,,,,,,,,,,,,,,,Oikos,,,,,,,,,,,,,
New,which yogurt has lowest sugar,PRODUCTS,PLANT BASED YOGURTS,Generic,,,,,#DIV/0!,#DIV/0!,0,0,0,0,,,,,,,,,,,,,,,,,,,,,,,,,Yogurt,,,Sugar,,,,,,,,,,,,,,
New,grass fed greek yogurt canada,PRODUCTS,YOGURTS,Greek,,,,,#DIV/0!,#DIV/0!,0,0,0,0,,,,,,,,,,,,,,,,,,,,,,,,,Greek,,,,,,,,,,,,,,,,,
New,which yogurt has the least sugar,PRODUCTS,YOGURTS,Yogurts,,,,,#DIV/0!,#DIV/0!,0,0,0,0,,,,,,,,,,,,,,,,,,,,,,,,,Yogurt,,,Sugar,,,,,,,,,,,,,,
FR,oikos 100g calories,EATING BETTER,HEALTHIER EATING,Labels & scoring,,,,,#DIV/0!,#DIV/0!,0,0,0,0,,,,,,,,,,,,,,,,,,,,,,,,,,,Gram,Calorie,Oikos,,,,,,,,,,,,,
EN,oikos 0 greek yogurt nutrition,EATING BETTER,HEALTHIER EATING,Labels & scoring,,,,,#DIV/0!,#DIV/0!,0,0,0,0,,,,,,,,,,,,,,,,,,,,,,,,,Greek,,,Without,Oikos,,,,,,,,,,,,,
New,benefits of oikos greek yogurt,PRODUCTS,YOGURTS,Greek,,,,,#DIV/0!,#DIV/0!,0,0,0,0,,,,,,,,,,,,,,,,,,,,,,,,,Greek,,,,Oikos,,,,,,,,,,,,,
New,oikos greek yogurt sugar content,PRODUCTS,YOGURTS,Greek,,,,,#DIV/0!,#DIV/0!,0,0,0,0,,,,,,,,,,,,,,,,,,,,,,,,,Greek,,,Sugar,Oikos,,,,,,,,,,,,,
New,oikos low fat greek yogurt,PRODUCTS,YOGURTS,Greek,,,,,#DIV/0!,#DIV/0!,0,0,0,0,,,,,,,,,,,,,,,,,,,,,,,,,Greek,,,Fat,Oikos,,,,,,,,,,,,,
FR,is oikos pro available in canada,PRODUCTS,BRANDS,Danone - generic,,,,,#DIV/0!,#DIV/0!,0,0,0,0,,,,,,,,,,,,,,,,,,,,,,,,,,,,,Oikos,,,,,,,,,,,,,
FR,oikos snack to win,PRODUCTS,BRANDS,Danone - generic,,,,,#DIV/0!,#DIV/0!,0,0,0,0,,,,,,,,,,,,,,,,,,,,,,,,,,,,,Oikos,,,,,,,,,,,,,
New,oikos greek yogurt 2,PRODUCTS,PLANT BASED YOGURTS,Generic,,,,,#DIV/0!,#DIV/0!,0,0,0,0,,,,,,,,,,,,,,,,,,,,,,,,,Greek,,,,Oikos,,,,,,,,,,,,,
New,nourriture avec protéines,PRODUCTS,PLANT BASED YOGURTS,Generic,,,,,#DIV/0!,#DIV/0!,0,0,0,0,,,,,,,,,,,,,,,,,,,,,,,,,,,,,,,,,,,,,,,,,,
New,oikos greek nonfat yogurt,PRODUCTS,PLANT BASED YOGURTS,Generic,,,,,#DIV/0!,#DIV/0!,0,0,0,0,,,,,,,,,,,,,,,,,,,,,,,,,Greek,,,Fat,Oikos,,,,,,,,,,,,,
New,product of canada milk,PRODUCTS,PLANT BASED YOGURTS,Generic,,,,,#DIV/0!,#DIV/0!,0,0,0,0,,,,,,,,,,,,,,,,,,,,,,,,,,,,Milk,,,,,,,,,,,,,,
New,which yogurt has less sugar,PRODUCTS,PLANT BASED YOGURTS,Generic,,,,,#DIV/0!,#DIV/0!,0,0,0,0,,,,,,,,,,,,,,,,,,,,,,,,,Yogurt,,,Sugar,,,,,,,,,,,,,,
New,yogourt canadian,PRODUCTS,PLANT BASED YOGURTS,Generic,,,,,#DIV/0!,#DIV/0!,0,0,0,0,,,,,,,,,,,,,,,,,,,,,,,,,Yogurt,,,,,,,,,,,,,,,,,
New,fage total greek yogurt,PRODUCTS,YOGURTS,Greek,,,,,#DIV/0!,#DIV/0!,0,0,0,0,,,,,,,,,,,,,,,,,,,,,,,,,Greek,,,,,,,,,,,,,,,,,
New,what brand of yogurt is made in canada,PRODUCTS,YOGURTS,Yogurts,,,,,#DIV/0!,#DIV/0!,0,0,0,0,,,,,,,,,,,,,,,,,,,,,,,,,Yogurt,,,,,,,,,,,,,,,,,
New,oikos pro plain,PRODUCTS,BRANDS,Danone - generic,,,,,#DIV/0!,#DIV/0!,0,0,0,0,,,,,,,,,,,,,,,,,,,,,,,,,,Plain,,,Oikos,,,,,,,,,,,,,
New,greek yogurt protein calories,PRODUCTS,PLANT BASED YOGURTS,Generic,,,,,#DIV/0!,#DIV/0!,0,0,0,0,,,,,,,,,,,,,,,,,,,,,,,,,Greek,,,Calorie,,,,,,,,,,,,,,
New,oikos fat free greek yogurt nutrition facts,EATING BETTER,HEALTHIER EATING,Labels & scoring,,,,,#DIV/0!,#DIV/0!,0,0,0,0,,,,,,,,,,,,,,,,,,,,,,,,,Greek,,,Fat,Oikos,,,Fat-free,,,,,,,,,,
New,oikos greek yogurt cup calories,EATING BETTER,HEALTHIER EATING,Labels & scoring,,,,,#DIV/0!,#DIV/0!,0,0,0,0,,,,,,,,,,,,,,,,,,,,,,,,,Greek,,Cup,Calorie,Oikos,,,,,,,,,,,,,
New,what yogurt brands are made in canada,PRODUCTS,YOGURTS,Yogurts,,,,,#DIV/0!,#DIV/0!,0,0,0,0,,,,,,,,,,,,,,,,,,,,,,,,,Yogurt,,,,,,,,,,,,,,,,,
New,dairy free greek yogurt high protein,PRODUCTS,YOGURTS,Greek,,,,,#DIV/0!,#DIV/0!,0,0,0,0,,,,,,,,,,,,,,,,,,,,,,,,,Greek,,,Dairy,,,,Rich in protein,,,,,,,,,,
New,oikos triple,PRODUCTS,PLANT BASED YOGURTS,Generic,,,,,#DIV/0!,#DIV/0!,0,0,0,0,,,,,,,,,,,,,,,,,,,,,,,,,,,,,Oikos,,,,,,,,,,,,,
EN,oikos strawberry greek yogurt nutrition facts,EATING BETTER,HEALTHIER EATING,Labels & scoring,,,,,#DIV/0!,#DIV/0!,0,0,0,0,,,,,,,,,,,,,,,,,,,,,,,,,Greek,Strawberry,,,Oikos,,,,,,,,,,,,,
New,which brand of yogurt is the healthiest,PRODUCTS,YOGURTS,Yogurts,,,,,#DIV/0!,#DIV/0!,0,0,0,0,,,,,,,,,,,,,,,,,,,,,,,,,Yogurt,,,,,,,Healthy,,,,,,,,,,
New,oikos high protein yogurt canada,PRODUCTS,YOGURTS,Yogurts,,,,,#DIV/0!,#DIV/0!,0,0,0,0,,,,,,,,,,,,,,,,,,,,,,,,,Yogurt,,,,Oikos,,,Rich in protein,,,,,,,,,,
FR,recette vinaigrette yogourt grec,RECIPES,RECIPES,Recipes with yogurt,,,,,#DIV/0!,#DIV/0!,0,0,0,0,,,,,,,,,,,,,,,,,,,,,,,,,Greek,,,,,,,,,,,,,,,,,
New,which greek yogurt has the most protein,PRODUCTS,PLANT BASED YOGURTS,Generic,,,,,#DIV/0!,#DIV/0!,0,0,0,0,,,,,,,,,,,,,,,,,,,,,,,,,Greek,,,,,,,,,,,,,,,,,
New,oikos pro drink ingredients,PRODUCTS,PLANT BASED YOGURTS,Generic,,,,,#DIV/0!,#DIV/0!,0,0,0,0,,,,,,,,,,,,,,,,,,,,,,,,,,,,,Oikos,,,,,,,,,,,,,
New,oikos triple zero where to buy,PRODUCTS,BRANDS,Danone - generic,,,,,#DIV/0!,#DIV/0!,0,0,0,0,,,,,,,,,,,,,,,,,,,,,,,,,,,,,Oikos,,,,,,,,,,,,,
FR,barre déjeuner protéiné,CONSUMER HABITS,MEALS,Lunch,,,,,#DIV/0!,#DIV/0!,0,0,0,0,,,,,,,,,,,,,,,,,,,,,,,,,,,,,,,,Rich in protein,,,Lunch,,,,,,,
New,quel proteine manger le matin,CONSUMER HABITS,MEALS,Breakfast,,,,,#DIV/0!,#DIV/0!,0,0,0,0,,,,,,,,,,,,,,,,,,,,,,,,,,,,,,,,,,,Breakfast,,,,,,,
New,less sugar yogurt,PRODUCTS,YOGURTS,Yogurts,,,,,#DIV/0!,#DIV/0!,0,0,0,0,,,,,,,,,,,,,,,,,,,,,,,,,Yogurt,,,Sugar,,,,,,,,,,,,,,
New,which greek yogurt has most protein,PRODUCTS,YOGURTS,Greek,,,,,#DIV/0!,#DIV/0!,0,0,0,0,,,,,,,,,,,,,,,,,,,,,,,,,Greek,,,,,,,,,,,,,,,,,
New,oikos 18g protein,PRODUCTS,PLANT BASED YOGURTS,Generic,,,,,#DIV/0!,#DIV/0!,0,0,0,0,,,,,,,,,,,,,,,,,,,,,,,,,,,,,Oikos,,,,,,,,,,,,,
FR,yogourt à boire oikos,PRODUCTS,BRANDS,Yogurts,,,,,#DIV/0!,#DIV/0!,0,0,0,0,,,,,,,,,,,,,,,,,,,,,,,,,Yogurt,,,,Oikos,,,,,,,,,,,,,
New,organic greek yogurt canada,PRODUCTS,PLANT BASED YOGURTS,Generic,,,,,#DIV/0!,#DIV/0!,0,0,0,0,,,,,,,,,,,,,,,,,,,,,,,,,Greek,,,,,,,,,Bio,,,,,,,,
New,calories in oikos yogurt cup,PRODUCTS,PLANT BASED YOGURTS,Generic,,,,,#DIV/0!,#DIV/0!,0,0,0,0,,,,,,,,,,,,,,,,,,,,,,,,,Yogurt,,Cup,Calorie,Oikos,,,,,,,,,,,,,
EN,oikos greek yogurt peach,PRODUCTS,YOGURTS,Greek,,,,,#DIV/0!,#DIV/0!,0,0,0,0,,,,,,,,,,,,,,,,,,,,,,,,,Greek,Peach,,,Oikos,,,,,,,,,,,,,
New,yaourt grec maxi,PRODUCTS,PLANT BASED YOGURTS,Generic,,,,,#DIV/0!,#DIV/0!,0,0,0,0,,,,,,,,,,,,,,,,,,,,,,,,,Yogurt,,,,,Maxi,,,,,,,,,,,,
New,why greek yogurt has more protein,PRODUCTS,PLANT BASED YOGURTS,Generic,,,,,#DIV/0!,#DIV/0!,0,0,0,0,,,,,,,,,,,,,,,,,,,,,,,,,Greek,,,,,,,,,,,,,,,,,
New,protein yogurt bark,PRODUCTS,PLANT BASED YOGURTS,Generic,,,,,#DIV/0!,#DIV/0!,0,0,0,0,,,,,,,,,,,,,,,,,,,,,,,,,Yogurt,,,,,,,,,,,,,,,,,
New,what yogurt is high in protein,PRODUCTS,PLANT BASED YOGURTS,Generic,,,,,#DIV/0!,#DIV/0!,0,0,0,0,,,,,,,,,,,,,,,,,,,,,,,,,Yogurt,,,,,,,Rich in protein,,,,,,,,,,
New,yogurt without milk,PRODUCTS,YOGURTS,Yogurts,,,,,#DIV/0!,#DIV/0!,0,0,0,0,,,,,,,,,,,,,,,,,,,,,,,,,Yogurt,,,Milk,,,,,,,,,,,,,,
FR,sauce salade yogourt grec,RECIPES,RECIPES,Recipes with yogurt,,,,,#DIV/0!,#DIV/0!,0,0,0,0,,,,,,,,,,,,,,,,,,,,,,,,,Greek,,,,,,,,,,,,,,,,,
New,oikos pro drink where to buy,PRODUCTS,PLANT BASED YOGURTS,Generic,,,,,#DIV/0!,#DIV/0!,0,0,0,0,,,,,,,,,,,,,,,,,,,,,,,,,,,,,Oikos,,,,,,,,,,,,,
New,oikos pro plain yogurt,PRODUCTS,BRANDS,Danone - generic,,,,,#DIV/0!,#DIV/0!,0,0,0,0,,,,,,,,,,,,,,,,,,,,,,,,,Yogurt,Plain,,,Oikos,,,,,,,,,,,,,
FR,pancake au yogourt grec,RECIPES,RECIPES,Recipes with yogurt,,,,,#DIV/0!,#DIV/0!,0,0,0,0,,,,,,,,,,,,,,,,,,,,,,,,,Greek,,,,,,,,,,,,,,,,,
New,yogourt grec iogo,PRODUCTS,YOGURTS,Greek,,,,,#DIV/0!,#DIV/0!,0,0,0,0,,,,,,,,,,,,,,,,,,,,,,,,,Yogurt,,,,,,,,,,,,,,,,,
FR,gateau blanc sans sucre,RECIPES,RECIPES,Cakes,,,,,#DIV/0!,#DIV/0!,0,0,0,0,,,,,,,,,,,,,,,,,,,,,,,,,,,,Without,,,,Sugar-free,,,,,,,,,,
New,yogourt proteiné,PRODUCTS,PLANT BASED YOGURTS,Generic,,,,,#DIV/0!,#DIV/0!,0,0,0,0,,,,,,,,,,,,,,,,,,,,,,,,,Yogurt,,,,,,,,,,,,,,,,,
New,best plain yogurt canada,PRODUCTS,YOGURTS,Yogurts,,,,,#DIV/0!,#DIV/0!,0,0,0,0,,,,,,,,,,,,,,,,,,,,,,,,,Yogurt,Plain,,,,,,,Best,,,,,,,,,
New,benefits of yoghurt,PRODUCTS,YOGURTS,Yogurts,,,,,#DIV/0!,#DIV/0!,0,0,0,0,,,,,,,,,,,,,,,,,,,,,,,,,Yogurt,,,,,,,,,,,,,,,,,
New,oikos dannon,PRODUCTS,PLANT BASED YOGURTS,Generic,,,,,#DIV/0!,#DIV/0!,0,0,0,0,,,,,,,,,,,,,,,,,,,,,,,,,,,,,Oikos,,,,,,,,,,,,,
New,triple zero oikos canada,PRODUCTS,PLANT BASED YOGURTS,Generic,,,,,#DIV/0!,#DIV/0!,0,0,0,0,,,,,,,,,,,,,,,,,,,,,,,,,,,,,Oikos,,,,,,,,,,,,,
New,yogurt not made with milk,PRODUCTS,YOGURTS,Yogurts,,,,,#DIV/0!,#DIV/0!,0,0,0,0,,,,,,,,,,,,,,,,,,,,,,,,,Yogurt,,,Milk,,,,,,,,,,,,,,
New,plain greek yogurt no sugar,PRODUCTS,PLANT BASED YOGURTS,Generic,,,,,#DIV/0!,#DIV/0!,0,0,0,0,,,,,,,,,,,,,,,,,,,,,,,,,Greek,Plain,,Sugar,,,,Sugar-free,,,,,,,,,,
New,yogurt from canada,PRODUCTS,YOGURTS,Yogurts,,,,,#DIV/0!,#DIV/0!,0,0,0,0,,,,,,,,,,,,,,,,,,,,,,,,,Yogurt,,,,,,,,,,,,,,,,,
EN,oikos key lime greek yogurt nutrition facts,EATING BETTER,HEALTHIER EATING,Labels & scoring,,,,,#DIV/0!,#DIV/0!,0,0,0,0,,,,,,,,,,,,,,,,,,,,,,,,,Greek,Lime,,,Oikos,,,,,,,,,,,,,
New,protein full breakfast,PRODUCTS,PLANT BASED YOGURTS,Generic,,,,,#DIV/0!,#DIV/0!,0,0,0,0,,,,,,,,,,,,,,,,,,,,,,,,,,,,,,,,,,,,,,,,,,
New,iogo yogourt grec,PRODUCTS,PLANT BASED YOGURTS,Generic,,,,,#DIV/0!,#DIV/0!,0,0,0,0,,,,,,,,,,,,,,,,,,,,,,,,,Yogurt,,,,,,,,,,,,,,,,,
New,best canadian made yogurt brands list,EATING BETTER,ORIGIN,Made in Canada,,,,,#DIV/0!,#DIV/0!,0,0,0,0,,,,,,,,,,,,,,,,,,,,,,,,,Yogurt,,,,,,,,Best,,,,,,,,,
New,oikos smoothies,PRODUCTS,PLANT BASED YOGURTS,Generic,,,,,#DIV/0!,#DIV/0!,0,0,0,0,,,,,,,,,,,,,,,,,,,,,,,,,,,,,Oikos,,,,,,,,,,,,,
New,oikos blueberry,PRODUCTS,BRANDS,Danone - generic,,,,,#DIV/0!,#DIV/0!,0,0,0,0,,,,,,,,,,,,,,,,,,,,,,,,,,Blueberry,,,Oikos,,,,,,,,,,,,,
New,oikos pro yogurt canada where to buy,PRODUCTS,PLANT BASED YOGURTS,Generic,,,,,#DIV/0!,#DIV/0!,0,0,0,0,,,,,,,,,,,,,,,,,,,,,,,,,Yogurt,,,,Oikos,,,,,,,,,,,,,
New,oikos remix canada,PRODUCTS,PLANT BASED YOGURTS,Generic,,,,,#DIV/0!,#DIV/0!,0,0,0,0,,,,,,,,,,,,,,,,,,,,,,,,,,,,,Oikos,,,,,,,,,,,,,
New,oikos yogourt grec nature,PRODUCTS,YOGURTS,Greek,,,,,#DIV/0!,#DIV/0!,0,0,0,0,,,,,,,,,,,,,,,,,,,,,,,,,Yogurt,Plain,,,Oikos,,,,,,,,,,,,,
New,best low sugar high protein yogurt,PRODUCTS,YOGURTS,Yogurts,,,,,#DIV/0!,#DIV/0!,0,0,0,0,,,,,,,,,,,,,,,,,,,,,,,,,Yogurt,,,Sugar,,,,Rich in protein,Best,,,,,,,,,
New,dannon oikos,PRODUCTS,YOGURTS,Yogurts,,,,,#DIV/0!,#DIV/0!,0,0,0,0,,,,,,,,,,,,,,,,,,,,,,,,,,,,,Oikos,,,,,,,,,,,,,
New,dairy free yogurt brands,PRODUCTS,YOGURTS,Yogurts,,,,,#DIV/0!,#DIV/0!,0,0,0,0,,,,,,,,,,,,,,,,,,,,,,,,,Yogurt,,,Dairy,,,,,,,,,,,,,,
New,what is good protein to eat,PRODUCTS,PLANT BASED YOGURTS,Generic,,,,,#DIV/0!,#DIV/0!,0,0,0,0,,,,,,,,,,,,,,,,,,,,,,,,,,,,,,,,,Good or bad,,,,,,,,,
New,oikos zero sugar greek yogurt,PRODUCTS,YOGURTS,Greek,,,,,#DIV/0!,#DIV/0!,0,0,0,0,,,,,,,,,,,,,,,,,,,,,,,,,Greek,,,Sugar,Oikos,,,,,,,,,,,,,
New,is yogurt healthy to eat,PRODUCTS,PLANT BASED YOGURTS,Generic,,,,,#DIV/0!,#DIV/0!,0,0,0,0,,,,,,,,,,,,,,,,,,,,,,,,,Yogurt,,,,,,,Healthy,,,,,,,,,,
New,oikos strawberry banana yogurt,PRODUCTS,PLANT BASED YOGURTS,Generic,,,,,#DIV/0!,#DIV/0!,0,0,0,0,,,,,,,,,,,,,,,,,,,,,,,,,Yogurt,Banana,,,Oikos,,,,,,,,,,,,,
New,organic greek yogurt plain,PRODUCTS,PLANT BASED YOGURTS,Generic,,,,,#DIV/0!,#DIV/0!,0,0,0,0,,,,,,,,,,,,,,,,,,,,,,,,,Greek,Plain,,,,,,,,Bio,,,,,,,,
New,best probiotic greek yogurt canada,HEALTH,COMPOSITION,Probiotics,,,,,#DIV/0!,#DIV/0!,0,0,0,0,,,,,,,,,,,,,,,,,,,,,,,,,Greek,,,Probiotic,,,,,Best,,,,,,,,,
New,greek yogurt breakfast ideas for weight loss,PRODUCTS,PLANT BASED YOGURTS,Generic,,,,,#DIV/0!,#DIV/0!,0,0,0,0,,,,,,,,,,,,,,,,,,,,,,,,,Greek,,,,,,,,,,,,,,,,,
New,sugar in oikos greek yogurt,PRODUCTS,PLANT BASED YOGURTS,Generic,,,,,#DIV/0!,#DIV/0!,0,0,0,0,,,,,,,,,,,,,,,,,,,,,,,,,Greek,,,Sugar,Oikos,,,,,,,,,,,,,
New,greek yogurt plain no sugar,PRODUCTS,YOGURTS,Greek,,,,,#DIV/0!,#DIV/0!,0,0,0,0,,,,,,,,,,,,,,,,,,,,,,,,,Greek,Plain,,Sugar,,,,Sugar-free,,,,,,,,,,
New,what is the healthiest yogurt to eat,PRODUCTS,YOGURTS,Yogurts,,,,,#DIV/0!,#DIV/0!,0,0,0,0,,,,,,,,,,,,,,,,,,,,,,,,,Yogurt,,,,,,,Healthy,,,,,,,,,,
New,high protein drinkable yogurt,PRODUCTS,YOGURT DRINKS,Yogurt drinks,,,,,#DIV/0!,#DIV/0!,0,0,0,0,,,,,,,,,,,,,,,,,,,,,,,,,Yogurt,,,,,,,Rich in protein,,,,,,,,,,
New,pro yogurt,PRODUCTS,YOGURTS,Greek,,,,,#DIV/0!,#DIV/0!,0,0,0,0,,,,,,,,,,,,,,,,,,,,,,,,,Yogurt,,,,,,,,,,,,,,,,,
EN,dairy free plain yogurt,PRODUCTS,PLANT BASED YOGURTS,Generic,,,,,#DIV/0!,#DIV/0!,0,0,0,0,,,,,,,,,,,,,,,,,,,,,,,,,Yogurt,Plain,,Dairy,,,,,,,,,,,,,,
New,oikos cups,PRODUCTS,YOGURTS,Greek,,,,,#DIV/0!,#DIV/0!,0,0,0,0,,,,,,,,,,,,,,,,,,,,,,,,,,,Cup,,Oikos,,,,,,,,,,,,,
New,ratio greek yogurt,PRODUCTS,YOGURTS,Greek,,,,,#DIV/0!,#DIV/0!,0,0,0,0,,,,,,,,,,,,,,,,,,,,,,,,,Greek,,,,,,,,,,,,,,,,,
New,uses for plain greek yogurt,PRODUCTS,YOGURTS,Greek,,,,,#DIV/0!,#DIV/0!,0,0,0,0,,,,,,,,,,,,,,,,,,,,,,,,,Greek,Plain,,,,,,,,,,,,,,,,
New,oikos greek protein yogurt,PRODUCTS,YOGURTS,Greek,,,,,#DIV/0!,#DIV/0!,0,0,0,0,,,,,,,,,,,,,,,,,,,,,,,,,Greek,,,,Oikos,,,,,,,,,,,,,
New,plain greek yoghurt,PRODUCTS,YOGURTS,Greek,,,,,#DIV/0!,#DIV/0!,0,0,0,0,,,,,,,,,,,,,,,,,,,,,,,,,Greek,Plain,,,,,,,,,,,,,,,,
FR,pancake au yogourt,RECIPES,RECIPES,Recipes with yogurt,,,,,#DIV/0!,#DIV/0!,0,0,0,0,,,,,,,,,,,,,,,,,,,,,,,,,Yogurt,,,,,,,,,,,,,,,,,
FR,pain banane et yogourt,RECIPES,RECIPES,Recipes with yogurt,,,,,#DIV/0!,#DIV/0!,0,0,0,0,,,,,,,,,,,,,,,,,,,,,,,,,Yogurt,Banana,,,,,,,,,,,,,,,,
New,oikos peach mango,PRODUCTS,BRANDS,Danone - generic,,,,,#DIV/0!,#DIV/0!,0,0,0,0,,,,,,,,,,,,,,,,,,,,,,,,,,Mango,,,Oikos,,,,,,,,,,,,,
New,best high protein low sugar yogurt,PRODUCTS,YOGURTS,Yogurts,,,,,#DIV/0!,#DIV/0!,0,0,0,0,,,,,,,,,,,,,,,,,,,,,,,,,Yogurt,,,Sugar,,,,Rich in protein,Best,,,,,,,,,
New,yogourt sans lactose grec,PRODUCTS,YOGURTS,Greek,,,,,#DIV/0!,#DIV/0!,0,0,0,0,,,,,,,,,,,,,,,,,,,,,,,,,Yogurt,,,Lactose,,,,,,,,,,,,,,
New,lactose free yogurt brands,PRODUCTS,YOGURTS,Yogurts,,,,,#DIV/0!,#DIV/0!,0,0,0,0,,,,,,,,,,,,,,,,,,,,,,,,,Yogurt,,,Lactose,,,,,,,,,,,,,,
New,oikos strawberry yogurt calories,PRODUCTS,PLANT BASED YOGURTS,Generic,,,,,#DIV/0!,#DIV/0!,0,0,0,0,,,,,,,,,,,,,,,,,,,,,,,,,Yogurt,Strawberry,,Calorie,Oikos,,,,,,,,,,,,,
New,best yogurt high protein low sugar,PRODUCTS,PLANT BASED YOGURTS,Generic,,,,,#DIV/0!,#DIV/0!,0,0,0,0,,,,,,,,,,,,,,,,,,,,,,,,,Yogurt,,,Sugar,,,,Rich in protein,Best,,,,,,,,,
New,drinking yoghurt,PRODUCTS,PLANT BASED YOGURTS,Generic,,,,,#DIV/0!,#DIV/0!,0,0,0,0,,,,,,,,,,,,,,,,,,,,,,,,,Yogurt,,,,,,,,,,,,,,,,,
New,oikos smoothie,PRODUCTS,PLANT BASED YOGURTS,Generic,,,,,#DIV/0!,#DIV/0!,0,0,0,0,,,,,,,,,,,,,,,,,,,,,,,,,,,,,Oikos,,,,,,,,,,,,,
New,healthy high protein snack ideas,PRODUCTS,PLANT BASED YOGURTS,Generic,,,,,#DIV/0!,#DIV/0!,0,0,0,0,,,,,,,,,,,,,,,,,,,,,,,,,,,,,,,,Rich in protein,,,,,,,,,,
New,oikos greek yogurt high protein nutrition,EATING BETTER,HEALTHIER EATING,Labels & scoring,,,,,#DIV/0!,#DIV/0!,0,0,0,0,,,,,,,,,,,,,,,,,,,,,,,,,Greek,,,,Oikos,,,Rich in protein,,,,,,,,,,
New,is oikos triple zero available in canada,PRODUCTS,YOGURTS,Greek,,,,,#DIV/0!,#DIV/0!,0,0,0,0,,,,,,,,,,,,,,,,,,,,,,,,,,,,,Oikos,,,,,,,,,,,,,
New,oikos greek yogurt macros,PRODUCTS,YOGURTS,Greek,,,,,#DIV/0!,#DIV/0!,0,0,0,0,,,,,,,,,,,,,,,,,,,,,,,,,Greek,,,,Oikos,,,,,,,,,,,,,
New,high protein vanilla greek yogurt,PRODUCTS,YOGURTS,Greek,,,,,#DIV/0!,#DIV/0!,0,0,0,0,,,,,,,,,,,,,,,,,,,,,,,,,Greek,Vanilla,,,,,,Rich in protein,,,,,,,,,,
New,triple oikos,PRODUCTS,PLANT BASED YOGURTS,Generic,,,,,#DIV/0!,#DIV/0!,0,0,0,0,,,,,,,,,,,,,,,,,,,,,,,,,,,,,Oikos,,,,,,,,,,,,,
New,no milk yogurt,PRODUCTS,YOGURTS,Yogurts,,,,,#DIV/0!,#DIV/0!,0,0,0,0,,,,,,,,,,,,,,,,,,,,,,,,,Yogurt,,,Milk,,,,,,,,,,,,,,
New,plain dairy free yogurt,PRODUCTS,PLANT BASED YOGURTS,Generic,,,,,#DIV/0!,#DIV/0!,0,0,0,0,,,,,,,,,,,,,,,,,,,,,,,,,Yogurt,Plain,,Dairy,,,,,,,,,,,,,,
New,oikos yogurt made,PRODUCTS,PLANT BASED YOGURTS,Generic,,,,,#DIV/0!,#DIV/0!,0,0,0,0,,,,,,,,,,,,,,,,,,,,,,,,,Yogurt,,,,Oikos,,,,,,,,,,,,,
New,oikos blended greek yogurt nutrition facts,EATING BETTER,HEALTHIER EATING,Labels & scoring,,,,,#DIV/0!,#DIV/0!,0,0,0,0,,,,,,,,,,,,,,,,,,,,,,,,,Greek,,,,Oikos,,,,,,,,,,,,,
New,protein rich breakfast recipes,PRODUCTS,PLANT BASED YOGURTS,Generic,,,,,#DIV/0!,#DIV/0!,0,0,0,0,,,,,,,,,,,,,,,,,,,,,,,,,,,,,,,,Rich in protein,,,,,,,,,,
New,oikos high protein vanilla yogurt,PRODUCTS,BRANDS,Danone - generic,,,,,#DIV/0!,#DIV/0!,0,0,0,0,,,,,,,,,,,,,,,,,,,,,,,,,Yogurt,Vanilla,,,Oikos,,,Rich in protein,,,,,,,,,,
New,best protein snacks to buy,PRODUCTS,PLANT BASED YOGURTS,Generic,,,,,#DIV/0!,#DIV/0!,0,0,0,0,,,,,,,,,,,,,,,,,,,,,,,,,,,,,,,,,Best,,,,,,,,,
New,drinkable yoghurt,PRODUCTS,PLANT BASED YOGURTS,Generic,,,,,#DIV/0!,#DIV/0!,0,0,0,0,,,,,,,,,,,,,,,,,,,,,,,,,Yogurt,,,,,,,,,,,,,,,,,
New,how many grams of protein in oikos greek yogurt,PRODUCTS,PLANT BASED YOGURTS,Generic,,,,,#DIV/0!,#DIV/0!,0,0,0,0,,,,,,,,,,,,,,,,,,,,,,,,,Greek,,Gram,,Oikos,,,,,,,,,,,,,
New,which brand yogurt is the healthiest,PRODUCTS,PLANT BASED YOGURTS,Generic,,,,,#DIV/0!,#DIV/0!,0,0,0,0,,,,,,,,,,,,,,,,,,,,,,,,,Yogurt,,,,,,,Healthy,,,,,,,,,,
New,oikos greek yogurt zero sugar,PRODUCTS,YOGURTS,Greek,,,,,#DIV/0!,#DIV/0!,0,0,0,0,,,,,,,,,,,,,,,,,,,,,,,,,Greek,,,Sugar,Oikos,,,,,,,,,,,,,
New,oikos pro where to buy canada,PRODUCTS,YOGURTS,Yogurts,,,,,#DIV/0!,#DIV/0!,0,0,0,0,,,,,,,,,,,,,,,,,,,,,,,,,,,,,Oikos,,,,,,,,,,,,,
New,oikos pro vanilla yogurt,PRODUCTS,YOGURTS,Greek,,,,,#DIV/0!,#DIV/0!,0,0,0,0,,,,,,,,,,,,,,,,,,,,,,,,,Yogurt,Vanilla,,,Oikos,,,,,,,,,,,,,
New,oikos flavored yogurt,PRODUCTS,BRANDS,Danone - generic,,,,,#DIV/0!,#DIV/0!,0,0,0,0,,,,,,,,,,,,,,,,,,,,,,,,,Yogurt,,,,Oikos,,,,,,,,,,,,,
New,oikos single serve yogurt,PRODUCTS,PLANT BASED YOGURTS,Generic,,,,,#DIV/0!,#DIV/0!,0,0,0,0,,,,,,,,,,,,,,,,,,,,,,,,,Yogurt,,,,Oikos,,,,,,,,,,,,,
New,brands of lactose free yogurt,PRODUCTS,PLANT BASED YOGURTS,Generic,,,,,#DIV/0!,#DIV/0!,0,0,0,0,,,,,,,,,,,,,,,,,,,,,,,,,Yogurt,,,Lactose,,,,,,,,,,,,,,
New,snacks that have protein,PRODUCTS,PLANT BASED YOGURTS,Generic,,,,,#DIV/0!,#DIV/0!,0,0,0,0,,,,,,,,,,,,,,,,,,,,,,,,,,,,,,,,,,,,,,,,,,
EN,oikos 2 plain greek yogurt nutrition,EATING BETTER,HEALTHIER EATING,Labels & scoring,,,,,#DIV/0!,#DIV/0!,0,0,0,0,,,,,,,,,,,,,,,,,,,,,,,,,Greek,Plain,,,Oikos,,,,,,,,,,,,,
New,is greek yogurt better for you,PRODUCTS,YOGURTS,Greek,,,,,#DIV/0!,#DIV/0!,0,0,0,0,,,,,,,,,,,,,,,,,,,,,,,,,Greek,,,,,,,,,,,,,,,,,
New,is there non dairy yogurt,PRODUCTS,YOGURTS,Yogurts,,,,,#DIV/0!,#DIV/0!,0,0,0,0,,,,,,,,,,,,,,,,,,,,,,,,,Yogurt,,,Dairy,,,,,,,,,,,,,,
New,protein in yoghurt,PRODUCTS,PLANT BASED YOGURTS,Generic,,,,,#DIV/0!,#DIV/0!,0,0,0,0,,,,,,,,,,,,,,,,,,,,,,,,,Yogurt,,,,,,,,,,,,,,,,,
New,no sugar yogurt brands,PRODUCTS,YOGURTS,Yogurts,,,,,#DIV/0!,#DIV/0!,0,0,0,0,,,,,,,,,,,,,,,,,,,,,,,,,Yogurt,,,Sugar,,,,Sugar-free,,,,,,,,,,
New,quels sont les aliments proteines,PRODUCTS,PLANT BASED YOGURTS,Generic,,,,,#DIV/0!,#DIV/0!,0,0,0,0,,,,,,,,,,,,,,,,,,,,,,,,,,Lime,,,,,,,,,,,,,,,,
New,best yogurt to eat,PRODUCTS,YOGURTS,Yogurts,,,,,#DIV/0!,#DIV/0!,0,0,0,0,,,,,,,,,,,,,,,,,,,,,,,,,Yogurt,,,,,,,,Best,,,,,,,,,
New,greek yogurt bagels protein,PRODUCTS,PLANT BASED YOGURTS,Generic,,,,,#DIV/0!,#DIV/0!,0,0,0,0,,,,,,,,,,,,,,,,,,,,,,,,,Greek,,,,,,,,,,,,,,,,,
New,canada made yogurt,PRODUCTS,YOGURTS,Yogurts,,,,,#DIV/0!,#DIV/0!,0,0,0,0,,,,,,,,,,,,,,,,,,,,,,,,,Yogurt,,,,,,,,,,,,,,,,,
New,oikos dessert yogurt,PRODUCTS,BRANDS,Danone - generic,,,,,#DIV/0!,#DIV/0!,0,0,0,0,,,,,,,,,,,,,,,,,,,,,,,,,Yogurt,,,,Oikos,,,,,,,,,,,,,
New,canada dairy companies,PRODUCTS,PLANT BASED YOGURTS,Generic,,,,,#DIV/0!,#DIV/0!,0,0,0,0,,,,,,,,,,,,,,,,,,,,,,,,,,,,Dairy,,,,,,,,,,,,,,
New,yogurt with little sugar,PRODUCTS,PLANT BASED YOGURTS,Generic,,,,,#DIV/0!,#DIV/0!,0,0,0,0,,,,,,,,,,,,,,,,,,,,,,,,,Yogurt,,,Sugar,,,,,,,,,,,,,,
New,dannon light and fit canada,PRODUCTS,PLANT BASED YOGURTS,Generic,,,,,#DIV/0!,#DIV/0!,0,0,0,0,,,,,,,,,,,,,,,,,,,,,,,,,,,,,,,,Light,,,,,,,,,,
FR,dessert avec yaourt grec,RECIPES,RECIPES,Recipes with yogurt,,,,,#DIV/0!,#DIV/0!,0,0,0,0,,,,,,,,,,,,,,,,,,,,,,,,,Greek,,,,,,,,,,Dessert,,,,,,,
New,best high protein greek yogurt,PRODUCTS,YOGURTS,Greek,,,,,#DIV/0!,#DIV/0!,0,0,0,0,,,,,,,,,,,,,,,,,,,,,,,,,Greek,,,,,,,Rich in protein,Best,,,,,,,,,
New,is there a non dairy yogurt,PRODUCTS,YOGURTS,Yogurts,,,,,#DIV/0!,#DIV/0!,0,0,0,0,,,,,,,,,,,,,,,,,,,,,,,,,Yogurt,,,Dairy,,,,,,,,,,,,,,
New,yogurt made in canada brands list,PRODUCTS,PLANT BASED YOGURTS,Generic,,,,,#DIV/0!,#DIV/0!,0,0,0,0,,,,,,,,,,,,,,,,,,,,,,,,,Yogurt,,,,,,,,,,,,,,,,,
New,yogurt 0 sugar,PRODUCTS,PLANT BASED YOGURTS,Generic,,,,,#DIV/0!,#DIV/0!,0,0,0,0,,,,,,,,,,,,,,,,,,,,,,,,,Yogurt,,,Sugar,,,,Sugar-free,,,,,,,,,,
New,oikos 11 greek yogurt,PRODUCTS,YOGURTS,Greek,,,,,#DIV/0!,#DIV/0!,0,0,0,0,,,,,,,,,,,,,,,,,,,,,,,,,Greek,,,,Oikos,,,,,,,,,,,,,
New,oikos yogurt pack,PRODUCTS,PLANT BASED YOGURTS,Generic,,,,,#DIV/0!,#DIV/0!,0,0,0,0,,,,,,,,,,,,,,,,,,,,,,,,,Yogurt,,,,Oikos,,,,,,,,,,,,,
FR,oikos yaourt protéine,PRODUCTS,BRANDS,Yogurts,,,,,#DIV/0!,#DIV/0!,0,0,0,0,,,,,,,,,,,,,,,,,,,,,,,,,Yogurt,,,Protein,Oikos,,,,,,,,,,,,,
New,overnight oats with greek yogurt for weight loss,PRODUCTS,PLANT BASED YOGURTS,Generic,,,,,#DIV/0!,#DIV/0!,0,0,0,0,,,,,,,,,,,,,,,,,,,,,,,,,Greek,Oat,,,,,,,,,,,,,,,,
New,oikos greek yogurt tub,PRODUCTS,YOGURTS,Greek,,,,,#DIV/0!,#DIV/0!,0,0,0,0,,,,,,,,,,,,,,,,,,,,,,,,,Greek,,,,Oikos,,,,,,,,,,,,,
New,high protein breakfast ideas on the go,PRODUCTS,PLANT BASED YOGURTS,Generic,,,,,#DIV/0!,#DIV/0!,0,0,0,0,,,,,,,,,,,,,,,,,,,,,,,,,,,,,,,,Rich in protein,,,,,,,,,,
New,chobani fit,PRODUCTS,PLANT BASED YOGURTS,Generic,,,,,#DIV/0!,#DIV/0!,0,0,0,0,,,,,,,,,,,,,,,,,,,,,,,,,,,,,Chobani,,,,,,,,,,,,,
New,yogourt liberte grec,PRODUCTS,PLANT BASED YOGURTS,Generic,,,,,#DIV/0!,#DIV/0!,0,0,0,0,,,,,,,,,,,,,,,,,,,,,,,,,Yogurt,,,,Liberte,,,,,,,,,,,,,
New,dairy free yogourt,PRODUCTS,PLANT BASED YOGURTS,Generic,,,,,#DIV/0!,#DIV/0!,0,0,0,0,,,,,,,,,,,,,,,,,,,,,,,,,Yogurt,,,Dairy,,,,,,,,,,,,,,
New,oikos pineapple greek yogurt nutrition,EATING BETTER,HEALTHIER EATING,Labels & scoring,,,,,#DIV/0!,#DIV/0!,0,0,0,0,,,,,,,,,,,,,,,,,,,,,,,,,Greek,Pineapple,,,Oikos,,,,,,,,,,,,,
New,proteine yogourt,PRODUCTS,PLANT BASED YOGURTS,Generic,,,,,#DIV/0!,#DIV/0!,0,0,0,0,,,,,,,,,,,,,,,,,,,,,,,,,Yogurt,,,,,,,,,,,,,,,,,
New,how much protein in greek yoghurt,PRODUCTS,PLANT BASED YOGURTS,Generic,,,,,#DIV/0!,#DIV/0!,0,0,0,0,,,,,,,,,,,,,,,,,,,,,,,,,Greek,,,,,,,,,,,,,,,,,
New,oikos greek yogurt protein drink,PRODUCTS,YOGURT DRINKS,Yogurt drinks,,,,,#DIV/0!,#DIV/0!,0,0,0,0,,,,,,,,,,,,,,,,,,,,,,,,,Greek,,,,Oikos,,,,,,,,,,,,,
New,oikos pro near me,PRODUCTS,PLANT BASED YOGURTS,Generic,,,,,#DIV/0!,#DIV/0!,0,0,0,0,,,,,,,,,,,,,,,,,,,,,,,,,,,,,Oikos,,,,,,,,,,,,,
New,yogurt greco,PRODUCTS,PLANT BASED YOGURTS,Generic,,,,,#DIV/0!,#DIV/0!,0,0,0,0,,,,,,,,,,,,,,,,,,,,,,,,,Yogurt,,,,,,,,,,,,,,,,,
New,oykos greek yogurt,PRODUCTS,YOGURTS,Greek,,,,,#DIV/0!,#DIV/0!,0,0,0,0,,,,,,,,,,,,,,,,,,,,,,,,,Greek,,,,,,,,,,,,,,,,,
New,oikos yogurt 11,PRODUCTS,YOGURTS,Greek,,,,,#DIV/0!,#DIV/0!,0,0,0,0,,,,,,,,,,,,,,,,,,,,,,,,,Yogurt,,,,Oikos,,,,,,,,,,,,,
New,oikos yogurt packs,PRODUCTS,PLANT BASED YOGURTS,Generic,,,,,#DIV/0!,#DIV/0!,0,0,0,0,,,,,,,,,,,,,,,,,,,,,,,,,Yogurt,,,,Oikos,,,,,,,,,,,,,
New,sugarless yogurt brands,PRODUCTS,YOGURTS,Yogurts,,,,,#DIV/0!,#DIV/0!,0,0,0,0,,,,,,,,,,,,,,,,,,,,,,,,,Yogurt,,,Sugar,,,,,,,,,,,,,,
New,what yogurt has no sugar,PRODUCTS,YOGURTS,Yogurts,,,,,#DIV/0!,#DIV/0!,0,0,0,0,,,,,,,,,,,,,,,,,,,,,,,,,Yogurt,,,Sugar,,,,Sugar-free,,,,,,,,,,
New,organic yoghurt,PRODUCTS,PLANT BASED YOGURTS,Generic,,,,,#DIV/0!,#DIV/0!,0,0,0,0,,,,,,,,,,,,,,,,,,,,,,,,,Yogurt,,,,,,,,,Bio,,,,,,,,
New,produits laitiers du canada,EATING BETTER,ORIGIN,Made in Canada,,,,,#DIV/0!,#DIV/0!,0,0,0,0,,,,,,,,,,,,,,,,,,,,,,,,,,,,,,,,,,,,,,,,,,
New,oikos cherry,PRODUCTS,YOGURTS,Greek,,,,,#DIV/0!,#DIV/0!,0,0,0,0,,,,,,,,,,,,,,,,,,,,,,,,,,Cherry,,,Oikos,,,,,,,,,,,,,
New,high protein low sugar yogurt canada,PRODUCTS,YOGURTS,Yogurts,,,,,#DIV/0!,#DIV/0!,0,0,0,0,,,,,,,,,,,,,,,,,,,,,,,,,Yogurt,,,Sugar,,,,Rich in protein,,,,,,,,,,
New,nonfat yogurt,PRODUCTS,PLANT BASED YOGURTS,Generic,,,,,#DIV/0!,#DIV/0!,0,0,0,0,,,,,,,,,,,,,,,,,,,,,,,,,Yogurt,,,Fat,,,,,,,,,,,,,,
New,healthy yogurt canada,PRODUCTS,PLANT BASED YOGURTS,Generic,,,,,#DIV/0!,#DIV/0!,0,0,0,0,,,,,,,,,,,,,,,,,,,,,,,,,Yogurt,,,,,,,Healthy,,,,,,,,,,
New,oikos cherry yogurt nutrition,EATING BETTER,HEALTHIER EATING,Labels & scoring,,,,,#DIV/0!,#DIV/0!,0,0,0,0,,,,,,,,,,,,,,,,,,,,,,,,,Yogurt,Cherry,,,Oikos,,,,,,,,,,,,,
FR,vinaigrette yaourt grec,RECIPES,RECIPES,Recipes with yogurt,,,,,#DIV/0!,#DIV/0!,0,0,0,0,,,,,,,,,,,,,,,,,,,,,,,,,Greek,,,,,,,,,,,,,,,,,
New,what brand of yogurt is canadian,PRODUCTS,PLANT BASED YOGURTS,Generic,,,,,#DIV/0!,#DIV/0!,0,0,0,0,,,,,,,,,,,,,,,,,,,,,,,,,Yogurt,,,,,,,,,,,,,,,,,
New,plain non fat greek yogurt,PRODUCTS,YOGURTS,Greek,,,,,#DIV/0!,#DIV/0!,0,0,0,0,,,,,,,,,,,,,,,,,,,,,,,,,Greek,Plain,,Fat,,,,,,,,,,,,,,
New,what is greek yoghurt,PRODUCTS,YOGURTS,Greek,,,,,#DIV/0!,#DIV/0!,0,0,0,0,,,,,,,,,,,,,,,,,,,,,,,,,Greek,,,,,,,,,,,,,,,,,
New,oikos pro strawberry yogurt,PRODUCTS,BRANDS,Danone - generic,,,,,#DIV/0!,#DIV/0!,0,0,0,0,,,,,,,,,,,,,,,,,,,,,,,,,Yogurt,Strawberry,,,Oikos,,,,,,,,,,,,,
New,key lime yogurt oikos,PRODUCTS,BRANDS,Danone - generic,,,,,#DIV/0!,#DIV/0!,0,0,0,0,,,,,,,,,,,,,,,,,,,,,,,,,Yogurt,Lime,,,Oikos,,,,,,,,,,,,,
New,oikos drinkable protein yogurt,PRODUCTS,YOGURT DRINKS,Yogurt drinks,,,,,#DIV/0!,#DIV/0!,0,0,0,0,,,,,,,,,,,,,,,,,,,,,,,,,Yogurt,,,,Oikos,,,,,,,,,,,,,
New,oikos 9 yogurt,PRODUCTS,PLANT BASED YOGURTS,Generic,,,,,#DIV/0!,#DIV/0!,0,0,0,0,,,,,,,,,,,,,,,,,,,,,,,,,Yogurt,,,,Oikos,,,,,,,,,,,,,
New,food to eat for protein,PRODUCTS,PLANT BASED YOGURTS,Generic,,,,,#DIV/0!,#DIV/0!,0,0,0,0,,,,,,,,,,,,,,,,,,,,,,,,,,,,,,,,,,,,,,,,,,
New,yaourt grec vanille,PRODUCTS,PLANT BASED YOGURTS,Generic,,,,,#DIV/0!,#DIV/0!,0,0,0,0,,,,,,,,,,,,,,,,,,,,,,,,,Yogurt,Vanilla,,,,,,,,,,,,,,,,
New,what brands of yogurt are made in canada,PRODUCTS,PLANT BASED YOGURTS,Generic,,,,,#DIV/0!,#DIV/0!,0,0,0,0,,,,,,,,,,,,,,,,,,,,,,,,,Yogurt,,,,,,,,,,,,,,,,,
New,which dairy products are canadian,PRODUCTS,PLANT BASED YOGURTS,Generic,,,,,#DIV/0!,#DIV/0!,0,0,0,0,,,,,,,,,,,,,,,,,,,,,,,,,,,,Dairy,,,,,,,,,,,,,,
FR,gateau fromage yogourt grec,RECIPES,RECIPES,Recipes with yogurt,,,,,#DIV/0!,#DIV/0!,0,0,0,0,,,,,,,,,,,,,,,,,,,,,,,,,Greek,,,,,,,,,,,,,,,,,
New,what milk is canadian made,PRODUCTS,PLANT BASED YOGURTS,Generic,,,,,#DIV/0!,#DIV/0!,0,0,0,0,,,,,,,,,,,,,,,,,,,,,,,,,,,,Milk,,,,,,,,,,,,,,
New,yaourt grec liberté,PRODUCTS,PLANT BASED YOGURTS,Generic,,,,,#DIV/0!,#DIV/0!,0,0,0,0,,,,,,,,,,,,,,,,,,,,,,,,,Yogurt,,,,Liberte,,,,,,,,,,,,,
New,high protein plain greek yogurt,PRODUCTS,YOGURTS,Greek,,,,,#DIV/0!,#DIV/0!,0,0,0,0,,,,,,,,,,,,,,,,,,,,,,,,,Greek,Plain,,,,,,Rich in protein,,,,,,,,,,
New,yogurt sans lactose,PRODUCTS,YOGURTS,Yogurts,,,,,#DIV/0!,#DIV/0!,0,0,0,0,,,,,,,,,,,,,,,,,,,,,,,,,Yogurt,,,Lactose,,,,,,,,,,,,,,
New,what yogurt is good for you,PRODUCTS,YOGURTS,Yogurts,,,,,#DIV/0!,#DIV/0!,0,0,0,0,,,,,,,,,,,,,,,,,,,,,,,,,Yogurt,,,,,,,,Good or bad,,,,,,,,,
New,oikos pro vanilla nutrition facts,PRODUCTS,PLANT BASED YOGURTS,Generic,,,,,#DIV/0!,#DIV/0!,0,0,0,0,,,,,,,,,,,,,,,,,,,,,,,,,,Vanilla,,,Oikos,,,,,,,,,,,,,
New,oikos drinkable yogurt nutrition,EATING BETTER,HEALTHIER EATING,Labels & scoring,,,,,#DIV/0!,#DIV/0!,0,0,0,0,,,,,,,,,,,,,,,,,,,,,,,,,Yogurt,,,,Oikos,,,,,,,,,,,,,
New,oikos triple zero yogurt discontinued,PRODUCTS,YOGURTS,Yogurts,,,,,#DIV/0!,#DIV/0!,0,0,0,0,,,,,,,,,,,,,,,,,,,,,,,,,Yogurt,,,,Oikos,,,,,,,,,,,,,
New,yogourt proteine sans sucre,PRODUCTS,YOGURTS,Yogurts,,,,,#DIV/0!,#DIV/0!,0,0,0,0,,,,,,,,,,,,,,,,,,,,,,,,,Yogurt,,,Without,,,,,,,,,,,,,,
New,what is a good high protein snack,PRODUCTS,PLANT BASED YOGURTS,Generic,,,,,#DIV/0!,#DIV/0!,0,0,0,0,,,,,,,,,,,,,,,,,,,,,,,,,,,,,,,,Rich in protein,Good or bad,,,,,,,,,
New,strawberry banana oikos,PRODUCTS,YOGURTS,Greek,,,,,#DIV/0!,#DIV/0!,0,0,0,0,,,,,,,,,,,,,,,,,,,,,,,,,,Banana,,,Oikos,,,,,,,,,,,,,
New,greek yogurt made of,PRODUCTS,PLANT BASED YOGURTS,Generic,,,,,#DIV/0!,#DIV/0!,0,0,0,0,,,,,,,,,,,,,,,,,,,,,,,,,Greek,,,,,,,,,,,,,,,,,
New,use up greek yogurt,PRODUCTS,PLANT BASED YOGURTS,Generic,,,,,#DIV/0!,#DIV/0!,0,0,0,0,,,,,,,,,,,,,,,,,,,,,,,,,Greek,,,,,,,,,,,,,,,,,
New,what is the best yogurt for you,PRODUCTS,PLANT BASED YOGURTS,Generic,,,,,#DIV/0!,#DIV/0!,0,0,0,0,,,,,,,,,,,,,,,,,,,,,,,,,Yogurt,,,,,,,,Best,,,,,,,,,
New,yogourt grec noix de coco,PRODUCTS,PLANT BASED YOGURTS,Generic,,,,,#DIV/0!,#DIV/0!,0,0,0,0,,,,,,,,,,,,,,,,,,,,,,,,,Yogurt,Coconut,,,,,,,,,,,,,,,,
New,oikos zero sugar,PRODUCTS,BRANDS,Yogurts,,,,,#DIV/0!,#DIV/0!,0,0,0,0,,,,,,,,,,,,,,,,,,,,,,,,,,,,Sugar,Oikos,,,,,,,,,,,,,
FR,oikos mixed berry,PRODUCTS,BRANDS,Danone - generic,,,,,#DIV/0!,#DIV/0!,0,0,0,0,,,,,,,,,,,,,,,,,,,,,,,,,,,,,Oikos,,,,,,,,,,,,,
New,yogourt lactose,PRODUCTS,PLANT BASED YOGURTS,Generic,,,,,#DIV/0!,#DIV/0!,0,0,0,0,,,,,,,,,,,,,,,,,,,,,,,,,Yogurt,,,Lactose,,,,,,,,,,,,,,
New,amount of protein in greek yogurt,PRODUCTS,PLANT BASED YOGURTS,Generic,,,,,#DIV/0!,#DIV/0!,0,0,0,0,,,,,,,,,,,,,,,,,,,,,,,,,Greek,,,,,,,,,,,,,,,,,
New,oikos pro yogurt near me,PRODUCTS,PLANT BASED YOGURTS,Generic,,,,,#DIV/0!,#DIV/0!,0,0,0,0,,,,,,,,,,,,,,,,,,,,,,,,,Yogurt,,,,Oikos,,,,,,,,,,,,,
New,yogourt oikos super c,PRODUCTS,PLANT BASED YOGURTS,Generic,,,,,#DIV/0!,#DIV/0!,0,0,0,0,,,,,,,,,,,,,,,,,,,,,,,,,Yogurt,,,,Oikos,Super c,,,,,,,,,,,,
New,oikos greek yogurt peach mango,PRODUCTS,YOGURTS,Greek,,,,,#DIV/0!,#DIV/0!,0,0,0,0,,,,,,,,,,,,,,,,,,,,,,,,,Greek,Mango,,,Oikos,,,,,,,,,,,,,
New,yogourt oikos banane,PRODUCTS,BRANDS,Yogurts,,,,,#DIV/0!,#DIV/0!,0,0,0,0,,,,,,,,,,,,,,,,,,,,,,,,,Yogurt,Banana,,,Oikos,,,,,,,,,,,,,
New,yogourt brands,PRODUCTS,YOGURTS,Yogurts,,,,,#DIV/0!,#DIV/0!,0,0,0,0,,,,,,,,,,,,,,,,,,,,,,,,,Yogurt,,,,,,,,,,,,,,,,,
New,what yogurt is the best for you,PRODUCTS,PLANT BASED YOGURTS,Generic,,,,,#DIV/0!,#DIV/0!,0,0,0,0,,,,,,,,,,,,,,,,,,,,,,,,,Yogurt,,,,,,,,Best,,,,,,,,,
New,high protein yogurt oikos,PRODUCTS,YOGURTS,Yogurts,,,,,#DIV/0!,#DIV/0!,0,0,0,0,,,,,,,,,,,,,,,,,,,,,,,,,Yogurt,,,,Oikos,,,Rich in protein,,,,,,,,,,
New,oikos lime yogurt nutrition,EATING BETTER,HEALTHIER EATING,Labels & scoring,,,,,#DIV/0!,#DIV/0!,0,0,0,0,,,,,,,,,,,,,,,,,,,,,,,,,Yogurt,Lime,,,Oikos,,,,,,,,,,,,,
New,oikos triple zero protein,PRODUCTS,BRANDS,Danone - generic,,,,,#DIV/0!,#DIV/0!,0,0,0,0,,,,,,,,,,,,,,,,,,,,,,,,,,,,,Oikos,,,,,,,,,,,,,
New,oîkos pro,PRODUCTS,BRANDS,Danone - generic,,,,,#DIV/0!,#DIV/0!,0,0,0,0,,,,,,,,,,,,,,,,,,,,,,,,,,,,,,,,,,,,,,,,,,
New,greek yogurt buy,PRODUCTS,PLANT BASED YOGURTS,Generic,,,,,#DIV/0!,#DIV/0!,0,0,0,0,,,,,,,,,,,,,,,,,,,,,,,,,Greek,,,,,,,,,,,,,,,,,
New,oikos pro maxi,PRODUCTS,PLANT BASED YOGURTS,Generic,,,,,#DIV/0!,#DIV/0!,0,0,0,0,,,,,,,,,,,,,,,,,,,,,,,,,,,,,Oikos,Maxi,,,,,,,,,,,,
New,iögo yogurt protein,PRODUCTS,PLANT BASED YOGURTS,Generic,,,,,#DIV/0!,#DIV/0!,0,0,0,0,,,,,,,,,,,,,,,,,,,,,,,,,Yogurt,,,,,,,,,,,,,,,,,
New,oikos key lime yogurt calories,EATING BETTER,HEALTHIER EATING,Labels & scoring,,,,,#DIV/0!,#DIV/0!,0,0,0,0,,,,,,,,,,,,,,,,,,,,,,,,,Yogurt,Lime,,Calorie,Oikos,,,,,,,,,,,,,
New,does greek yogurt have magnesium,PRODUCTS,PLANT BASED YOGURTS,Generic,,,,,#DIV/0!,#DIV/0!,0,0,0,0,,,,,,,,,,,,,,,,,,,,,,,,,Greek,,,,,,,,,,,,,,,,,
New,calories in greek yogurt 0 fat,PRODUCTS,PLANT BASED YOGURTS,Generic,,,,,#DIV/0!,#DIV/0!,0,0,0,0,,,,,,,,,,,,,,,,,,,,,,,,,Greek,,,Calorie,,,,Fat-free,,,,,,,,,,
New,two good protein yogurt,PRODUCTS,PLANT BASED YOGURTS,Generic,,,,,#DIV/0!,#DIV/0!,0,0,0,0,,,,,,,,,,,,,,,,,,,,,,,,,Yogurt,,,,,,,,Good or bad,,,,,,,,,
New,real greek yogurt,PRODUCTS,PLANT BASED YOGURTS,Generic,,,,,#DIV/0!,#DIV/0!,0,0,0,0,,,,,,,,,,,,,,,,,,,,,,,,,Greek,,,,,,,,,,,,,,,,,
New,oikos vanilla yogurt calories,PRODUCTS,PLANT BASED YOGURTS,Generic,,,,,#DIV/0!,#DIV/0!,0,0,0,0,,,,,,,,,,,,,,,,,,,,,,,,,Yogurt,Vanilla,,Calorie,Oikos,,,,,,,,,,,,,
New,what greek yogurt has the most protein,PRODUCTS,PLANT BASED YOGURTS,Generic,,,,,#DIV/0!,#DIV/0!,0,0,0,0,,,,,,,,,,,,,,,,,,,,,,,,,Greek,,,,,,,,,,,,,,,,,
FR,gateau yogourt vanille,RECIPES,RECIPES,Recipes with yogurt,,,,,#DIV/0!,#DIV/0!,0,0,0,0,,,,,,,,,,,,,,,,,,,,,,,,,Yogurt,Vanilla,,,,,,,,,,,,,,,,
New,what is greek yogurt made from,PRODUCTS,PLANT BASED YOGURTS,Generic,,,,,#DIV/0!,#DIV/0!,0,0,0,0,,,,,,,,,,,,,,,,,,,,,,,,,Greek,,,,,,,,,,,,,,,,,
New,greek high protein yogurt,PRODUCTS,PLANT BASED YOGURTS,Generic,,,,,#DIV/0!,#DIV/0!,0,0,0,0,,,,,,,,,,,,,,,,,,,,,,,,,Greek,,,,,,,Rich in protein,,,,,,,,,,
New,1 2 cup plain greek yogurt nutrition,PRODUCTS,PLANT BASED YOGURTS,Generic,,,,,#DIV/0!,#DIV/0!,0,0,0,0,,,,,,,,,,,,,,,,,,,,,,,,,Greek,Plain,Cup,,,,,,,,,,,,,,,
New,yogurt rich in protein,PRODUCTS,YOGURTS,Yogurts,,,,,#DIV/0!,#DIV/0!,0,0,0,0,,,,,,,,,,,,,,,,,,,,,,,,,Yogurt,,,,,,,Rich in protein,,,,,,,,,,
New,calories oikos yogurt,PRODUCTS,PLANT BASED YOGURTS,Generic,,,,,#DIV/0!,#DIV/0!,0,0,0,0,,,,,,,,,,,,,,,,,,,,,,,,,Yogurt,,,Calorie,Oikos,,,,,,,,,,,,,
New,fat free greek yogurt canada,PRODUCTS,PLANT BASED YOGURTS,Generic,,,,,#DIV/0!,#DIV/0!,0,0,0,0,,,,,,,,,,,,,,,,,,,,,,,,,Greek,,,Fat,,,,Fat-free,,,,,,,,,,
New,oikos protein yogurt calories,PRODUCTS,PLANT BASED YOGURTS,Generic,,,,,#DIV/0!,#DIV/0!,0,0,0,0,,,,,,,,,,,,,,,,,,,,,,,,,Yogurt,,,Calorie,Oikos,,,,,,,,,,,,,
New,oikos greek yogurt vanilla protein,PRODUCTS,YOGURTS,Greek,,,,,#DIV/0!,#DIV/0!,0,0,0,0,,,,,,,,,,,,,,,,,,,,,,,,,Greek,Vanilla,,,Oikos,,,,,,,,,,,,,
New,oikos less sugar,PRODUCTS,YOGURTS,Greek,,,,,#DIV/0!,#DIV/0!,0,0,0,0,,,,,,,,,,,,,,,,,,,,,,,,,,,,Sugar,Oikos,,,,,,,,,,,,,
FR,recette gateau yogourt grec,RECIPES,RECIPES,Recipes with yogurt,,,,,#DIV/0!,#DIV/0!,0,0,0,0,,,,,,,,,,,,,,,,,,,,,,,,,Greek,,,,,,,,,,,,,,,,,
New,best thing to eat after the gym,PRODUCTS,PLANT BASED YOGURTS,Generic,,,,,#DIV/0!,#DIV/0!,0,0,0,0,,,,,,,,,,,,,,,,,,,,,,,,,,,,,,,,,Best,,,,,,,,,
New,healthiest yogurt brands canada,PRODUCTS,PLANT BASED YOGURTS,Generic,,,,,#DIV/0!,#DIV/0!,0,0,0,0,,,,,,,,,,,,,,,,,,,,,,,,,Yogurt,,,,,,,Healthy,,,,,,,,,,
FR,yaourt grec bienfaits,PRODUCTS,YOGURTS,Greek,,,,,#DIV/0!,#DIV/0!,0,0,0,0,,,,,,,,,,,,,,,,,,,,,,,,,Greek,,,,,,,,,,,,,,,,,
EN,oikos vanilla greek yogurt 100g nutrition,EATING BETTER,HEALTHIER EATING,Labels & scoring,,,,,#DIV/0!,#DIV/0!,0,0,0,0,,,,,,,,,,,,,,,,,,,,,,,,,Greek,Vanilla,Gram,Without,Oikos,,,,,,,,,,,,,
New,best low sugar greek yogurt,PRODUCTS,YOGURTS,Greek,,,,,#DIV/0!,#DIV/0!,0,0,0,0,,,,,,,,,,,,,,,,,,,,,,,,,Greek,,,Sugar,,,,,Best,,,,,,,,,
New,oikos extra protein,PRODUCTS,YOGURTS,Yogurts,,,,,#DIV/0!,#DIV/0!,0,0,0,0,,,,,,,,,,,,,,,,,,,,,,,,,,,,,Oikos,,,,,,,,,,,,,
New,krema greek yogurt nutrition facts,PRODUCTS,PLANT BASED YOGURTS,Generic,,,,,#DIV/0!,#DIV/0!,0,0,0,0,,,,,,,,,,,,,,,,,,,,,,,,,Greek,,,,,,,,,,,,,,,,,
New,greek yogurt 17g protein,PRODUCTS,PLANT BASED YOGURTS,Generic,,,,,#DIV/0!,#DIV/0!,0,0,0,0,,,,,,,,,,,,,,,,,,,,,,,,,Greek,,,,,,,,,,,,,,,,,
New,best sugar free yogurt,PRODUCTS,YOGURTS,Yogurts,,,,,#DIV/0!,#DIV/0!,0,0,0,0,,,,,,,,,,,,,,,,,,,,,,,,,Yogurt,,,Sugar,,,,,Best,,,,,,,,,
New,low sugar vanilla greek yogurt,PRODUCTS,YOGURTS,Greek,,,,,#DIV/0!,#DIV/0!,0,0,0,0,,,,,,,,,,,,,,,,,,,,,,,,,Greek,Vanilla,,Sugar,,,,,,,,,,,,,,
New,non fat plain greek yogurt,PRODUCTS,PLANT BASED YOGURTS,Generic,,,,,#DIV/0!,#DIV/0!,0,0,0,0,,,,,,,,,,,,,,,,,,,,,,,,,Greek,Plain,,Fat,,,,,,,,,,,,,,
New,oikos plain greek yogurt calories,EATING BETTER,HEALTHIER EATING,Labels & scoring,,,,,#DIV/0!,#DIV/0!,0,0,0,0,,,,,,,,,,,,,,,,,,,,,,,,,Greek,Plain,,Calorie,Oikos,,,,,,,,,,,,,
New,yogourt 0 gras,PRODUCTS,PLANT BASED YOGURTS,Generic,,,,,#DIV/0!,#DIV/0!,0,0,0,0,,,,,,,,,,,,,,,,,,,,,,,,,Yogurt,,,Without,,,,,,,,,,,,,,
New,yogourt sans sucre ajouté,PRODUCTS,PLANT BASED YOGURTS,Generic,,,,,#DIV/0!,#DIV/0!,0,0,0,0,,,,,,,,,,,,,,,,,,,,,,,,,Yogurt,,,Without,,,,,,,,,,,,,,
New,how many calories are in vanilla greek yogurt,PRODUCTS,PLANT BASED YOGURTS,Generic,,,,,#DIV/0!,#DIV/0!,0,0,0,0,,,,,,,,,,,,,,,,,,,,,,,,,Greek,Vanilla,,Calorie,,,,,,,,,,,,,,
New,meilleur yogourt grec nature,PRODUCTS,PLANT BASED YOGURTS,Generic,,,,,#DIV/0!,#DIV/0!,0,0,0,0,,,,,,,,,,,,,,,,,,,,,,,,,Yogurt,Plain,,,,,,,,,,,,,,,,
New,spinach and greek yogurt smoothie,PRODUCTS,PLANT BASED YOGURTS,Generic,,,,,#DIV/0!,#DIV/0!,0,0,0,0,,,,,,,,,,,,,,,,,,,,,,,,,Greek,,,,,,,,,,,,,,,,,
New,oikos metro,PRODUCTS,PLANT BASED YOGURTS,Generic,,,,,#DIV/0!,#DIV/0!,0,0,0,0,,,,,,,,,,,,,,,,,,,,,,,,,,,,,Oikos,,,,,,,,,,,,,
New,yogourt nature 0,PRODUCTS,PLANT BASED YOGURTS,Generic,,,,,#DIV/0!,#DIV/0!,0,0,0,0,,,,,,,,,,,,,,,,,,,,,,,,,Yogurt,Plain,,Without,,,,,,,,,,,,,,
New,oikos peach yogurt nutrition facts,EATING BETTER,HEALTHIER EATING,Labels & scoring,,,,,#DIV/0!,#DIV/0!,0,0,0,0,,,,,,,,,,,,,,,,,,,,,,,,,Yogurt,,,,Oikos,,,,,,,,,,,,,
New,oikos peach mango yogurt calories,EATING BETTER,HEALTHIER EATING,Labels & scoring,,,,,#DIV/0!,#DIV/0!,0,0,0,0,,,,,,,,,,,,,,,,,,,,,,,,,Yogurt,Mango,,Calorie,Oikos,,,,,,,,,,,,,
New,how does yogurt help your gut,PRODUCTS,PLANT BASED YOGURTS,Generic,,,,,#DIV/0!,#DIV/0!,0,0,0,0,,,,,,,,,,,,,,,,,,,,,,,,,Yogurt,,,,,,,,,,,,,,,,,
EN,oikos greek yogurt 25 less sugar,PRODUCTS,YOGURTS,Greek,,,,,#DIV/0!,#DIV/0!,0,0,0,0,,,,,,,,,,,,,,,,,,,,,,,,,Greek,,,Sugar,Oikos,,,,,,,,,,,,,
FR,quoi faire avec du yogourt grec nature,PRODUCTS,YOGURTS,Greek,,,,,#DIV/0!,#DIV/0!,0,0,0,0,,,,,,,,,,,,,,,,,,,,,,,,What,Greek,Plain,,,,,,,,,,,,,,,,
New,oikos pro protein yogurt drink,PRODUCTS,YOGURT DRINKS,Yogurt drinks,,,,,#DIV/0!,#DIV/0!,0,0,0,0,,,,,,,,,,,,,,,,,,,,,,,,,Yogurt,,,,Oikos,,,,,,,,,,,,,
New,yop proteine,PRODUCTS,PLANT BASED YOGURTS,Generic,,,,,#DIV/0!,#DIV/0!,0,0,0,0,,,,,,,,,,,,,,,,,,,,,,,,,,,,,,,,,,,,,,,,,,
New,oikos triple zero ingredients,HEALTH,COMPOSITION,Generic,,,,,#DIV/0!,#DIV/0!,0,0,0,0,,,,,,,,,,,,,,,,,,,,,,,,,,,,,Oikos,,,,,,,,,,,,,
New,oikos pro where to buy,PRODUCTS,BRANDS,Danone - generic,,,,,#DIV/0!,#DIV/0!,0,0,0,0,,,,,,,,,,,,,,,,,,,,,,,,,,,,,Oikos,,,,,,,,,,,,,
New,oikos 100g,PRODUCTS,YOGURTS,Greek,,,,,#DIV/0!,#DIV/0!,0,0,0,0,,,,,,,,,,,,,,,,,,,,,,,,,,,Gram,Without,Oikos,,,,,,,,,,,,,
New,high protein recipes with greek yogurt,PRODUCTS,PLANT BASED YOGURTS,Generic,,,,,#DIV/0!,#DIV/0!,0,0,0,0,,,,,,,,,,,,,,,,,,,,,,,,,Greek,,,,,,,Rich in protein,,,,,,,,,,
New,healthy yogurt drink,PRODUCTS,PLANT BASED YOGURTS,Generic,,,,,#DIV/0!,#DIV/0!,0,0,0,0,,,,,,,,,,,,,,,,,,,,,,,,,Yogurt,,,,,,,Healthy,,,,,,,,,,
New,recipes to use greek yogurt,PRODUCTS,PLANT BASED YOGURTS,Generic,,,,,#DIV/0!,#DIV/0!,0,0,0,0,,,,,,,,,,,,,,,,,,,,,,,,,Greek,,,,,,,,,,,,,,,,,
New,low fat greek yoghurt,PRODUCTS,YOGURTS,Greek,,,,,#DIV/0!,#DIV/0!,0,0,0,0,,,,,,,,,,,,,,,,,,,,,,,,,Greek,,,Fat,,,,,,,,,,,,,,
New,greek yogurt protein drink,PRODUCTS,YOGURT DRINKS,Yogurt drinks,,,,,#DIV/0!,#DIV/0!,0,0,0,0,,,,,,,,,,,,,,,,,,,,,,,,,Greek,,,,,,,,,,,,,,,,,
New,best plain greek yogurt canada,PRODUCTS,PLANT BASED YOGURTS,Generic,,,,,#DIV/0!,#DIV/0!,0,0,0,0,,,,,,,,,,,,,,,,,,,,,,,,,Greek,Plain,,,,,,,Best,,,,,,,,,
New,sugar free yoghurt,PRODUCTS,PLANT BASED YOGURTS,Generic,,,,,#DIV/0!,#DIV/0!,0,0,0,0,,,,,,,,,,,,,,,,,,,,,,,,,Yogurt,,,Sugar,,,,,,,,,,,,,,
New,oikos 1.5 kg,PRODUCTS,PLANT BASED YOGURTS,Generic,,,,,#DIV/0!,#DIV/0!,0,0,0,0,,,,,,,,,,,,,,,,,,,,,,,,,,,Gram,,Oikos,,,,,,,,,,,,,
New,oikos pro strawberry banana drink,PRODUCTS,YOGURT DRINKS,Yogurt drinks,,,,,#DIV/0!,#DIV/0!,0,0,0,0,,,,,,,,,,,,,,,,,,,,,,,,,,Banana,,,Oikos,,,,,,,,,,,,,
FR,yogourt grec vs yogourt ordinaire,PRODUCTS,YOGURTS,Greek,,,,,#DIV/0!,#DIV/0!,0,0,0,0,,,,,,,,,,,,,,,,,,,,,,,,,Greek,,,,,,,,Comparison,,,,,,,,,
New,oikos recipes,RECIPES,RECIPES,Recipes with yogurt,,,,,#DIV/0!,#DIV/0!,0,0,0,0,,,,,,,,,,,,,,,,,,,,,,,,,,,,,Oikos,,,,,,,,,,,,,
New,different brands of yogurt,PRODUCTS,YOGURTS,Yogurts,,,,,#DIV/0!,#DIV/0!,0,0,0,0,,,,,,,,,,,,,,,,,,,,,,,,,Yogurt,,,,,,,,,,,,,,,,,
New,1 greek yogurt,PRODUCTS,YOGURTS,Greek,,,,,#DIV/0!,#DIV/0!,0,0,0,0,,,,,,,,,,,,,,,,,,,,,,,,,Greek,,,,,,,,,,,,,,,,,
New,low fat greek yogurt canada,PRODUCTS,YOGURTS,Greek,,,,,#DIV/0!,#DIV/0!,0,0,0,0,,,,,,,,,,,,,,,,,,,,,,,,,Greek,,,Fat,,,,,,,,,,,,,,
FR,recette pain au banane yogourt grec,RECIPES,RECIPES,Recipes with yogurt,,,,,#DIV/0!,#DIV/0!,0,0,0,0,,,,,,,,,,,,,,,,,,,,,,,,,Greek,Banana,,,,,,,,,,,,,,,,
New,epigamia turbo yogurt,PRODUCTS,YOGURTS,Greek,,,,,#DIV/0!,#DIV/0!,0,0,0,0,,,,,,,,,,,,,,,,,,,,,,,,,Yogurt,,,,,IGA,,,,,,,,,,,,
New,greek yogurt small pack,PRODUCTS,YOGURTS,Greek,,,,,#DIV/0!,#DIV/0!,0,0,0,0,,,,,,,,,,,,,,,,,,,,,,,,,Greek,,,,,,,,,,,,,,,,,
New,how much protein does oikos yogurt have,PRODUCTS,PLANT BASED YOGURTS,Generic,,,,,#DIV/0!,#DIV/0!,0,0,0,0,,,,,,,,,,,,,,,,,,,,,,,,,Yogurt,,,,Oikos,,,,,,,,,,,,,
New,oikos drinkable yogurt protein,PRODUCTS,YOGURT DRINKS,Yogurt drinks,,,,,#DIV/0!,#DIV/0!,0,0,0,0,,,,,,,,,,,,,,,,,,,,,,,,,Yogurt,,,,Oikos,,,,,,,,,,,,,
New,oikos greek yogurt blueberry nutrition facts,EATING BETTER,HEALTHIER EATING,Labels & scoring,,,,,#DIV/0!,#DIV/0!,0,0,0,0,,,,,,,,,,,,,,,,,,,,,,,,,Greek,Blueberry,,,Oikos,,,,,,,,,,,,,
New,ingredients in plain greek yogurt,PRODUCTS,PLANT BASED YOGURTS,Generic,,,,,#DIV/0!,#DIV/0!,0,0,0,0,,,,,,,,,,,,,,,,,,,,,,,,,Greek,Plain,,,,,,,,,,,,,,,,
New,oikos no sugar yogurt,PRODUCTS,BRANDS,Danone - generic,,,,,#DIV/0!,#DIV/0!,0,0,0,0,,,,,,,,,,,,,,,,,,,,,,,,,Yogurt,,,Sugar,Oikos,,,Sugar-free,,,,,,,,,,
New,oikos protein vanilla yogurt,PRODUCTS,BRANDS,Danone - generic,,,,,#DIV/0!,#DIV/0!,0,0,0,0,,,,,,,,,,,,,,,,,,,,,,,,,Yogurt,Vanilla,,,Oikos,,,,,,,,,,,,,
New,oikos à boire,PRODUCTS,BRANDS,Yogurts,,,,,#DIV/0!,#DIV/0!,0,0,0,0,,,,,,,,,,,,,,,,,,,,,,,,,,,,,Oikos,,,,,,,,,,,,,
New,is flavored greek yogurt good for you,PRODUCTS,PLANT BASED YOGURTS,Generic,,,,,#DIV/0!,#DIV/0!,0,0,0,0,,,,,,,,,,,,,,,,,,,,,,,,,Greek,,,,,,,,Good or bad,,,,,,,,,
New,is there sugar free yogurt,PRODUCTS,PLANT BASED YOGURTS,Generic,,,,,#DIV/0!,#DIV/0!,0,0,0,0,,,,,,,,,,,,,,,,,,,,,,,,,Yogurt,,,Sugar,,,,,,,,,,,,,,
New,non dairy yoghurt,PRODUCTS,YOGURTS,Yogurts,,,,,#DIV/0!,#DIV/0!,0,0,0,0,,,,,,,,,,,,,,,,,,,,,,,,,Yogurt,,,Dairy,,,,,,,,,,,,,,
New,oikos blueberry greek yogurt nutrition facts,EATING BETTER,HEALTHIER EATING,Labels & scoring,,,,,#DIV/0!,#DIV/0!,0,0,0,0,,,,,,,,,,,,,,,,,,,,,,,,,Greek,Blueberry,,,Oikos,,,,,,,,,,,,,
New,best high protein snack,PRODUCTS,PLANT BASED YOGURTS,Generic,,,,,#DIV/0!,#DIV/0!,0,0,0,0,,,,,,,,,,,,,,,,,,,,,,,,,,,,,,,,Rich in protein,Best,,,,,,,,,
New,iogo yogurt greek,PRODUCTS,PLANT BASED YOGURTS,Generic,,,,,#DIV/0!,#DIV/0!,0,0,0,0,,,,,,,,,,,,,,,,,,,,,,,,,Greek,,,,,,,,,,,,,,,,,
New,calories in oikos yogurt,EATING BETTER,HEALTHIER EATING,Labels & scoring,,,,,#DIV/0!,#DIV/0!,0,0,0,0,,,,,,,,,,,,,,,,,,,,,,,,,Yogurt,,,Calorie,Oikos,,,,,,,,,,,,,
New,oikos lemon lime yogurt,PRODUCTS,YOGURTS,Greek,,,,,#DIV/0!,#DIV/0!,0,0,0,0,,,,,,,,,,,,,,,,,,,,,,,,,Yogurt,Lime,,,Oikos,,,,,,,,,,,,,
New,canadian greek yogurt brands list,PRODUCTS,PLANT BASED YOGURTS,Generic,,,,,#DIV/0!,#DIV/0!,0,0,0,0,,,,,,,,,,,,,,,,,,,,,,,,,Greek,,,,,,,,,,,,,,,,,
New,protein drinkable yogurt,PRODUCTS,PLANT BASED YOGURTS,Generic,,,,,#DIV/0!,#DIV/0!,0,0,0,0,,,,,,,,,,,,,,,,,,,,,,,,,Yogurt,,,,,,,,,,,,,,,,,
New,too good protein yogurt,PRODUCTS,PLANT BASED YOGURTS,Generic,,,,,#DIV/0!,#DIV/0!,0,0,0,0,,,,,,,,,,,,,,,,,,,,,,,,,Yogurt,,,,,,,,Good or bad,,,,,,,,,
New,what is the lowest sugar yogurt,PRODUCTS,YOGURTS,Yogurts,,,,,#DIV/0!,#DIV/0!,0,0,0,0,,,,,,,,,,,,,,,,,,,,,,,,,Yogurt,,,Sugar,,,,,,,,,,,,,,
New,11 greek yogurt,PRODUCTS,PLANT BASED YOGURTS,Generic,,,,,#DIV/0!,#DIV/0!,0,0,0,0,,,,,,,,,,,,,,,,,,,,,,,,,Greek,,,,,,,,,,,,,,,,,
New,oikos no sugar added greek yogurt,PRODUCTS,YOGURTS,Greek,,,,,#DIV/0!,#DIV/0!,0,0,0,0,,,,,,,,,,,,,,,,,,,,,,,,,Greek,,,Sugar,Oikos,,,Sugar-free,,,,,,,,,,
New,high protein yogurt brands,PRODUCTS,PLANT BASED YOGURTS,Generic,,,,,#DIV/0!,#DIV/0!,0,0,0,0,,,,,,,,,,,,,,,,,,,,,,,,,Yogurt,,,,,,,Rich in protein,,,,,,,,,,
New,iogo grec,PRODUCTS,PLANT BASED YOGURTS,Generic,,,,,#DIV/0!,#DIV/0!,0,0,0,0,,,,,,,,,,,,,,,,,,,,,,,,,,,,,,,,,,,,,,,,,,
FR,is oikos lactose free,PRODUCTS,BRANDS,Danone - generic,,,,,#DIV/0!,#DIV/0!,0,0,0,0,,,,,,,,,,,,,,,,,,,,,,,,,,,,Lactose,Oikos,,,,,,,,,,,,,
New,where can i buy oikos triple zero yogurt,PRODUCTS,BRANDS,Danone - generic,,,,,#DIV/0!,#DIV/0!,0,0,0,0,,,,,,,,,,,,,,,,,,,,,,,,,Yogurt,,,,Oikos,,,,,,,,,,,,,
New,what yogurt has the least amount of sugar,PRODUCTS,YOGURTS,Yogurts,,,,,#DIV/0!,#DIV/0!,0,0,0,0,,,,,,,,,,,,,,,,,,,,,,,,,Yogurt,,,Sugar,,,,,,,,,,,,,,
New,what type of yogurt is the healthiest,PRODUCTS,YOGURTS,Yogurts,,,,,#DIV/0!,#DIV/0!,0,0,0,0,,,,,,,,,,,,,,,,,,,,,,,,,Yogurt,,,,,,,Healthy,,,,,,,,,,
FR,recette de gâteau au yogourt,RECIPES,RECIPES,Recipes with yogurt,,,,,#DIV/0!,#DIV/0!,0,0,0,0,,,,,,,,,,,,,,,,,,,,,,,,,Yogurt,,,,,,,,,,,,,,,,,
New,oikos protein yogurt triple zero,PRODUCTS,BRANDS,Yogurts,,,,,#DIV/0!,#DIV/0!,0,0,0,0,,,,,,,,,,,,,,,,,,,,,,,,,Yogurt,,,,Oikos,,,,,,,,,,,,,
New,yogourt a boire oikos,PRODUCTS,BRANDS,Yogurts,,,,,#DIV/0!,#DIV/0!,0,0,0,0,,,,,,,,,,,,,,,,,,,,,,,,,Yogurt,,,,Oikos,,,,,,,,,,,,,
EN,oikos greek yogurt gluten free,PRODUCTS,YOGURTS,Greek,,,,,#DIV/0!,#DIV/0!,0,0,0,0,,,,,,,,,,,,,,,,,,,,,,,,,Greek,,,,Oikos,,,Gluten-free,,,,,,,,,,
New,iogo proteine valeur nutritive,PRODUCTS,PLANT BASED YOGURTS,Generic,,,,,#DIV/0!,#DIV/0!,0,0,0,0,,,,,,,,,,,,,,,,,,,,,,,,,,,,,,,,,,,,,,,,,,
New,healthy yogurt drinks,PRODUCTS,PLANT BASED YOGURTS,Generic,,,,,#DIV/0!,#DIV/0!,0,0,0,0,,,,,,,,,,,,,,,,,,,,,,,,,Yogurt,,,,,,,Healthy,,,,,,,,,,
New,protein yogurt parfait,PRODUCTS,PLANT BASED YOGURTS,Generic,,,,,#DIV/0!,#DIV/0!,0,0,0,0,,,,,,,,,,,,,,,,,,,,,,,,,Yogurt,,,,,,,,,,,,,,,,,
New,oikos yogurt drink nutrition,PRODUCTS,PLANT BASED YOGURTS,Generic,,,,,#DIV/0!,#DIV/0!,0,0,0,0,,,,,,,,,,,,,,,,,,,,,,,,,Yogurt,,,,Oikos,,,,,,,,,,,,,
New,plain yogurt no sugar,PRODUCTS,YOGURTS,Yogurts,,,,,#DIV/0!,#DIV/0!,0,0,0,0,,,,,,,,,,,,,,,,,,,,,,,,,Yogurt,Plain,,Sugar,,,,Sugar-free,,,,,,,,,,
New,protein rich yogurt,PRODUCTS,YOGURTS,Yogurts,,,,,#DIV/0!,#DIV/0!,0,0,0,0,,,,,,,,,,,,,,,,,,,,,,,,,Yogurt,,,,,,,Rich in protein,,,,,,,,,,
FR,recette gateau avec yogourt,RECIPES,RECIPES,Recipes with yogurt,,,,,#DIV/0!,#DIV/0!,0,0,0,0,,,,,,,,,,,,,,,,,,,,,,,,,Yogurt,,,,,,,,,,,,,,,,,
New,oikos banana protein yogurt,PRODUCTS,BRANDS,Danone - generic,,,,,#DIV/0!,#DIV/0!,0,0,0,0,,,,,,,,,,,,,,,,,,,,,,,,,Yogurt,Banana,,,Oikos,,,,,,,,,,,,,
New,yaourt grec 0,PRODUCTS,YOGURTS,Greek,,,,,#DIV/0!,#DIV/0!,0,0,0,0,,,,,,,,,,,,,,,,,,,,,,,,,Yogurt,,,Without,,,,,,,,,,,,,,
New,best greek yoghurt,PRODUCTS,PLANT BASED YOGURTS,Generic,,,,,#DIV/0!,#DIV/0!,0,0,0,0,,,,,,,,,,,,,,,,,,,,,,,,,Greek,,,,,,,,Best,,,,,,,,,
New,is there a sugar free yogurt,PRODUCTS,PLANT BASED YOGURTS,Generic,,,,,#DIV/0!,#DIV/0!,0,0,0,0,,,,,,,,,,,,,,,,,,,,,,,,,Yogurt,,,Sugar,,,,,,,,,,,,,,
New,oikos small yogurt,PRODUCTS,YOGURTS,Greek,,,,,#DIV/0!,#DIV/0!,0,0,0,0,,,,,,,,,,,,,,,,,,,,,,,,,Yogurt,,,,Oikos,,,,,,,,,,,,,
New,is oikos probiotic,PRODUCTS,PLANT BASED YOGURTS,Generic,,,,,#DIV/0!,#DIV/0!,0,0,0,0,,,,,,,,,,,,,,,,,,,,,,,,,,,,Probiotic,Oikos,,,,,,,,,,,,,
FR,recette pancake yogourt grec,RECIPES,RECIPES,Recipes with yogurt,,,,,#DIV/0!,#DIV/0!,0,0,0,0,,,,,,,,,,,,,,,,,,,,,,,,,Greek,,,,,,,,,,,,,,,,,
New,plain greek yogurt ingredients,HEALTH,COMPOSITION,Generic,,,,,#DIV/0!,#DIV/0!,0,0,0,0,,,,,,,,,,,,,,,,,,,,,,,,,Greek,Plain,,,,,,,,,,,,,,,,
New,two good yogurt canada where to buy,PRODUCTS,YOGURTS,Yogurts,,,,,#DIV/0!,#DIV/0!,0,0,0,0,,,,,,,,,,,,,,,,,,,,,,,,,Yogurt,,,,,,,,Good or bad,,,,,,,,,
New,oiko pro yogurt,PRODUCTS,BRANDS,Danone - generic,,,,,#DIV/0!,#DIV/0!,0,0,0,0,,,,,,,,,,,,,,,,,,,,,,,,,Yogurt,,,,Oikos,,,,,,,,,,,,,
FR,gâteau fromage yogourt grec sans cuisson,RECIPES,RECIPES,Recipes with yogurt,,,,,#DIV/0!,#DIV/0!,0,0,0,0,,,,,,,,,,,,,,,,,,,,,,,,,Greek,,,Without,,,,,,,,,,,,,,
New,what is a canadian yogurt,PRODUCTS,PLANT BASED YOGURTS,Generic,,,,,#DIV/0!,#DIV/0!,0,0,0,0,,,,,,,,,,,,,,,,,,,,,,,,,Yogurt,,,,,,,,,,,,,,,,,
New,oikos yogurt lime,PRODUCTS,BRANDS,Danone - generic,,,,,#DIV/0!,#DIV/0!,0,0,0,0,,,,,,,,,,,,,,,,,,,,,,,,,Yogurt,Lime,,,Oikos,,,,,,,,,,,,,
EN,yogurt drink protein,PRODUCTS,YOGURT DRINKS,Yogurt drinks,,,,,#DIV/0!,#DIV/0!,0,0,0,0,,,,,,,,,,,,,,,,,,,,,,,,,Yogurt,,,Protein,,,,,,,,,,,,,,
New,low sugar yogurt brands,PRODUCTS,YOGURTS,Yogurts,,,,,#DIV/0!,#DIV/0!,0,0,0,0,,,,,,,,,,,,,,,,,,,,,,,,,Yogurt,,,Sugar,,,,,,,,,,,,,,
New,what type of yogurt is healthy,PRODUCTS,YOGURTS,Yogurts,,,,,#DIV/0!,#DIV/0!,0,0,0,0,,,,,,,,,,,,,,,,,,,,,,,,,Yogurt,,,,,,,Healthy,,,,,,,,,,
New,what can i do with greek yogurt,PRODUCTS,YOGURTS,Greek,,,,,#DIV/0!,#DIV/0!,0,0,0,0,,,,,,,,,,,,,,,,,,,,,,,,,Greek,,,,,,,,,,,,,,,,,
New,zero fat yogurt,PRODUCTS,YOGURTS,Yogurts,,,,,#DIV/0!,#DIV/0!,0,0,0,0,,,,,,,,,,,,,,,,,,,,,,,,,Yogurt,,,Fat,,,,,,,,,,,,,,
New,is oikos yogurt lactose free,PRODUCTS,PLANT BASED YOGURTS,Generic,,,,,#DIV/0!,#DIV/0!,0,0,0,0,,,,,,,,,,,,,,,,,,,,,,,,,Yogurt,,,Lactose,Oikos,,,,,,,,,,,,,
New,liquid greek yogurt,PRODUCTS,PLANT BASED YOGURTS,Generic,,,,,#DIV/0!,#DIV/0!,0,0,0,0,,,,,,,,,,,,,,,,,,,,,,,,,Greek,,,,,,,,,,,,,,,,,
New,oikos yogurt banana,PRODUCTS,BRANDS,Danone - generic,,,,,#DIV/0!,#DIV/0!,0,0,0,0,,,,,,,,,,,,,,,,,,,,,,,,,Yogurt,Banana,,,Oikos,,,,,,,,,,,,,
New,does oikos yogurt have live cultures,PRODUCTS,BRANDS,Danone - generic,,,,,#DIV/0!,#DIV/0!,0,0,0,0,,,,,,,,,,,,,,,,,,,,,,,,,Yogurt,,,,Oikos,,,,,,,,,,,,,
New,yogurt oikos pro,PRODUCTS,BRANDS,Danone - generic,,,,,#DIV/0!,#DIV/0!,0,0,0,0,,,,,,,,,,,,,,,,,,,,,,,,,Yogurt,,,,Oikos,,,,,,,,,,,,,
FR,vinaigrette santé yogourt,RECIPES,RECIPES,Recipes with yogurt,,,,,#DIV/0!,#DIV/0!,0,0,0,0,,,,,,,,,,,,,,,,,,,,,,,,,Yogurt,,,,,,,Healthy,,,,,,,,,,
New,yaourt grecque 0,PRODUCTS,YOGURTS,Greek,,,,,#DIV/0!,#DIV/0!,0,0,0,0,,,,,,,,,,,,,,,,,,,,,,,,,Yogurt,,,Without,,,,,,,,,,,,,,
New,milk free yogurt,PRODUCTS,YOGURTS,Yogurts,,,,,#DIV/0!,#DIV/0!,0,0,0,0,,,,,,,,,,,,,,,,,,,,,,,,,Yogurt,,,Milk,,,,,,,,,,,,,,
New,natural yogurt brands,PRODUCTS,YOGURTS,Yogurts,,,,,#DIV/0!,#DIV/0!,0,0,0,0,,,,,,,,,,,,,,,,,,,,,,,,,Yogurt,,,,,,,,,,,,,,,,,
New,calorie count greek yogurt,PRODUCTS,PLANT BASED YOGURTS,Generic,,,,,#DIV/0!,#DIV/0!,0,0,0,0,,,,,,,,,,,,,,,,,,,,,,,,,Greek,,,Calorie,,,,,,,,,,,,,,
New,what are the benefits of eating yogurt,PRODUCTS,PLANT BASED YOGURTS,Generic,,,,,#DIV/0!,#DIV/0!,0,0,0,0,,,,,,,,,,,,,,,,,,,,,,,,,Yogurt,,,,,,,,,,,,,,,,,
FR,sauce alfredo yogourt grec,RECIPES,RECIPES,Recipes with yogurt,,,,,#DIV/0!,#DIV/0!,0,0,0,0,,,,,,,,,,,,,,,,,,,,,,,,,Greek,,,,,,,,,,,,,,,,,
New,best greek yogurt for keto,PRODUCTS,PLANT BASED YOGURTS,Generic,,,,,#DIV/0!,#DIV/0!,0,0,0,0,,,,,,,,,,,,,,,,,,,,,,,,,Greek,,,,,,,,Best,,,,,,,,,
New,superstore oikos yogurt,PRODUCTS,PLANT BASED YOGURTS,Generic,,,,,#DIV/0!,#DIV/0!,0,0,0,0,,,,,,,,,,,,,,,,,,,,,,,,,Yogurt,,,,Oikos,,,,,,,,,,,,,
New,is oikos yogurt,PRODUCTS,BRANDS,Danone - generic,,,,,#DIV/0!,#DIV/0!,0,0,0,0,,,,,,,,,,,,,,,,,,,,,,,,,Yogurt,,,,Oikos,,,,,,,,,,,,,
New,greek yogurt good for gut health,PRODUCTS,PLANT BASED YOGURTS,Generic,,,,,#DIV/0!,#DIV/0!,0,0,0,0,,,,,,,,,,,,,,,,,,,,,,,,,Greek,,,,,,,Healthy,Good or bad,,,,,,,,,
New,oikos 24 g protein,PRODUCTS,BRANDS,Danone - generic,,,,,#DIV/0!,#DIV/0!,0,0,0,0,,,,,,,,,,,,,,,,,,,,,,,,,,,,,Oikos,,,,,,,,,,,,,
New,oikos select 3 greek yogurt nutrition,PRODUCTS,PLANT BASED YOGURTS,Generic,,,,,#DIV/0!,#DIV/0!,0,0,0,0,,,,,,,,,,,,,,,,,,,,,,,,,Greek,,,,Oikos,,,,,,,,,,,,,
FR,trempette avocat yogourt,PRODUCTS,YOGURTS,Yogurts,,,,,#DIV/0!,#DIV/0!,0,0,0,0,,,,,,,,,,,,,,,,,,,,,,,,,Yogurt,,,,,,,,,,,,,,,,,
EN,danone oikos greek yogurt nutrition,EATING BETTER,HEALTHIER EATING,Labels & scoring,,,,,#DIV/0!,#DIV/0!,0,0,0,0,,,,,,,,,,,,,,,,,,,,,,,,,Greek,,,,Oikos,,,,,,,,,,,,,
New,oikos greek yogurt black cherry nutrition,EATING BETTER,HEALTHIER EATING,Labels & scoring,,,,,#DIV/0!,#DIV/0!,0,0,0,0,,,,,,,,,,,,,,,,,,,,,,,,,Greek,Cherry,,,Oikos,,,,,,,,,,,,,
New,oikos triple protein,PRODUCTS,PLANT BASED YOGURTS,Generic,,,,,#DIV/0!,#DIV/0!,0,0,0,0,,,,,,,,,,,,,,,,,,,,,,,,,,,,,Oikos,,,,,,,,,,,,,
New,oikos yogurt zero,PRODUCTS,PLANT BASED YOGURTS,Generic,,,,,#DIV/0!,#DIV/0!,0,0,0,0,,,,,,,,,,,,,,,,,,,,,,,,,Yogurt,,,,Oikos,,,,,,,,,,,,,
New,yogourt grec nature sans sucre,PRODUCTS,YOGURTS,Greek,,,,,#DIV/0!,#DIV/0!,0,0,0,0,,,,,,,,,,,,,,,,,,,,,,,,,Yogurt,Plain,,Without,,,,,,,,,,,,,,
New,oikos coconut yogurt calories,PRODUCTS,PLANT BASED YOGURTS,Generic,,,,,#DIV/0!,#DIV/0!,0,0,0,0,,,,,,,,,,,,,,,,,,,,,,,,,Yogurt,Coconut,,Calorie,Oikos,,,,,,,,,,,,,
New,oikos vanilla yogurt nutrition,PRODUCTS,PLANT BASED YOGURTS,Generic,,,,,#DIV/0!,#DIV/0!,0,0,0,0,,,,,,,,,,,,,,,,,,,,,,,,,Yogurt,Vanilla,,,Oikos,,,,,,,,,,,,,
New,is oikos yogurt actually healthy,PRODUCTS,PLANT BASED YOGURTS,Generic,,,,,#DIV/0!,#DIV/0!,0,0,0,0,,,,,,,,,,,,,,,,,,,,,,,,,Yogurt,,,,Oikos,,,Healthy,,,,,,,,,,
New,how many calories in oikos yogurt,EATING BETTER,HEALTHIER EATING,Labels & scoring,,,,,#DIV/0!,#DIV/0!,0,0,0,0,,,,,,,,,,,,,,,,,,,,,,,,,Yogurt,,,Calorie,Oikos,,,,,,,,,,,,,
New,lactose free milk yogurt,PRODUCTS,PLANT BASED YOGURTS,Generic,,,,,#DIV/0!,#DIV/0!,0,0,0,0,,,,,,,,,,,,,,,,,,,,,,,,,Yogurt,,,Lactose,,,,,,,,,,,,,,
New,what are canadian yogurt brands,PRODUCTS,PLANT BASED YOGURTS,Generic,,,,,#DIV/0!,#DIV/0!,0,0,0,0,,,,,,,,,,,,,,,,,,,,,,,,,Yogurt,,,,,,,,,,,,,,,,,
New,is oikos greek yogurt lactose free,PRODUCTS,YOGURTS,Greek,,,,,#DIV/0!,#DIV/0!,0,0,0,0,,,,,,,,,,,,,,,,,,,,,,,,,Greek,,,Lactose,Oikos,,,,,,,,,,,,,
New,quel aliment contient beaucoup de proteine,PRODUCTS,PLANT BASED YOGURTS,Generic,,,,,#DIV/0!,#DIV/0!,0,0,0,0,,,,,,,,,,,,,,,,,,,,,,,,,,Lime,,,,,,,,,,,,,,,,
New,oikos high protein drink,PRODUCTS,YOGURT DRINKS,Yogurt drinks,,,,,#DIV/0!,#DIV/0!,0,0,0,0,,,,,,,,,,,,,,,,,,,,,,,,,,,,,Oikos,,,Rich in protein,,,,,,,,,,
New,yogourt grec 2,PRODUCTS,YOGURTS,Greek,,,,,#DIV/0!,#DIV/0!,0,0,0,0,,,,,,,,,,,,,,,,,,,,,,,,,Yogurt,,,,,,,,,,,,,,,,,
New,which yogurt has the highest protein,PRODUCTS,PLANT BASED YOGURTS,Generic,,,,,#DIV/0!,#DIV/0!,0,0,0,0,,,,,,,,,,,,,,,,,,,,,,,,,Yogurt,,,,,,,Rich in protein,,,,,,,,,,
New,oikos 11 percent,PRODUCTS,YOGURTS,Greek,,,,,#DIV/0!,#DIV/0!,0,0,0,0,,,,,,,,,,,,,,,,,,,,,,,,,,,,,Oikos,,,,,,,,,,,,,
New,which yogurt is highest in protein,PRODUCTS,PLANT BASED YOGURTS,Generic,,,,,#DIV/0!,#DIV/0!,0,0,0,0,,,,,,,,,,,,,,,,,,,,,,,,,Yogurt,,,,,,,Rich in protein,,,,,,,,,,
New,greek yogourt benefits,PRODUCTS,PLANT BASED YOGURTS,Generic,,,,,#DIV/0!,#DIV/0!,0,0,0,0,,,,,,,,,,,,,,,,,,,,,,,,,Greek,,,,,,,,,,,,,,,,,
New,oikos protein pro,PRODUCTS,PLANT BASED YOGURTS,Generic,,,,,#DIV/0!,#DIV/0!,0,0,0,0,,,,,,,,,,,,,,,,,,,,,,,,,,,,,Oikos,,,,,,,,,,,,,
New,greek yogurt cup protein,PRODUCTS,PLANT BASED YOGURTS,Generic,,,,,#DIV/0!,#DIV/0!,0,0,0,0,,,,,,,,,,,,,,,,,,,,,,,,,Greek,,Cup,,,,,,,,,,,,,,,
FR,recette trempette avec yogourt grec,RECIPES,RECIPES,Recipes with yogurt,,,,,#DIV/0!,#DIV/0!,0,0,0,0,,,,,,,,,,,,,,,,,,,,,,,,,Greek,,,,,,,,,,,,,,,,,
New,oikos yogurt drink protein,PRODUCTS,YOGURT DRINKS,Yogurt drinks,,,,,#DIV/0!,#DIV/0!,0,0,0,0,,,,,,,,,,,,,,,,,,,,,,,,,Yogurt,,,,Oikos,,,,,,,,,,,,,
New,greek yogurt with no added sugar,PRODUCTS,YOGURTS,Greek,,,,,#DIV/0!,#DIV/0!,0,0,0,0,,,,,,,,,,,,,,,,,,,,,,,,,Greek,,,Sugar,,,,,,,,,,,,,,
New,oikos greek yogurt no sugar added nutrition facts,PRODUCTS,PLANT BASED YOGURTS,Generic,,,,,#DIV/0!,#DIV/0!,0,0,0,0,,,,,,,,,,,,,,,,,,,,,,,,,Greek,,,Sugar,Oikos,,,Sugar-free,,,,,,,,,,
New,oikos black cherry greek yogurt nutrition,PRODUCTS,PLANT BASED YOGURTS,Generic,,,,,#DIV/0!,#DIV/0!,0,0,0,0,,,,,,,,,,,,,,,,,,,,,,,,,Greek,Cherry,,,Oikos,,,,,,,,,,,,,
New,yaourt nature grec,PRODUCTS,PLANT BASED YOGURTS,Generic,,,,,#DIV/0!,#DIV/0!,0,0,0,0,,,,,,,,,,,,,,,,,,,,,,,,,Yogurt,Plain,,,,,,,,,,,,,,,,
New,oikos high protein yogurt vanilla,PRODUCTS,BRANDS,Danone - generic,,,,,#DIV/0!,#DIV/0!,0,0,0,0,,,,,,,,,,,,,,,,,,,,,,,,,Yogurt,Vanilla,,,Oikos,,,Rich in protein,,,,,,,,,,
New,is oikos triple zero greek yogurt,PRODUCTS,YOGURTS,Greek,,,,,#DIV/0!,#DIV/0!,0,0,0,0,,,,,,,,,,,,,,,,,,,,,,,,,Greek,,,,Oikos,,,,,,,,,,,,,
New,nonfat plain yogurt,PRODUCTS,PLANT BASED YOGURTS,Generic,,,,,#DIV/0!,#DIV/0!,0,0,0,0,,,,,,,,,,,,,,,,,,,,,,,,,Yogurt,Plain,,Fat,,,,,,,,,,,,,,
New,oikos greek yogurt 20g protein,PRODUCTS,YOGURTS,Greek,,,,,#DIV/0!,#DIV/0!,0,0,0,0,,,,,,,,,,,,,,,,,,,,,,,,,Greek,,Gram,Without,Oikos,,,,,,,,,,,,,
New,oikos pro banana yogurt,PRODUCTS,BRANDS,Danone - generic,,,,,#DIV/0!,#DIV/0!,0,0,0,0,,,,,,,,,,,,,,,,,,,,,,,,,Yogurt,Banana,,,Oikos,,,,,,,,,,,,,
New,oikos high protein drinkable yogurt,PRODUCTS,YOGURT DRINKS,Yogurt drinks,,,,,#DIV/0!,#DIV/0!,0,0,0,0,,,,,,,,,,,,,,,,,,,,,,,,,Yogurt,,,,Oikos,,,Rich in protein,,,,,,,,,,
New,greek yogurt breakfast high protein,PRODUCTS,YOGURTS,Greek,,,,,#DIV/0!,#DIV/0!,0,0,0,0,,,,,,,,,,,,,,,,,,,,,,,,,Greek,,,,,,,Rich in protein,,,,,,,,,,
New,recipes with greek yoghurt,PRODUCTS,PLANT BASED YOGURTS,Generic,,,,,#DIV/0!,#DIV/0!,0,0,0,0,,,,,,,,,,,,,,,,,,,,,,,,,Greek,,,,,,,,,,,,,,,,,
New,yaourt à boire,PRODUCTS,PLANT BASED YOGURTS,Generic,,,,,#DIV/0!,#DIV/0!,0,0,0,0,,,,,,,,,,,,,,,,,,,,,,,,,Yogurt,,,,,,,,,,,,,,,,,
New,how much sugar in oikos yogurt,PRODUCTS,PLANT BASED YOGURTS,Generic,,,,,#DIV/0!,#DIV/0!,0,0,0,0,,,,,,,,,,,,,,,,,,,,,,,,,Yogurt,,,Sugar,Oikos,,,,,,,,,,,,,
New,best yogurt without sugar,PRODUCTS,PLANT BASED YOGURTS,Generic,,,,,#DIV/0!,#DIV/0!,0,0,0,0,,,,,,,,,,,,,,,,,,,,,,,,,Yogurt,,,Sugar,,,,,Best,,,,,,,,,
New,oikos yogurt no sugar,PRODUCTS,PLANT BASED YOGURTS,Generic,,,,,#DIV/0!,#DIV/0!,0,0,0,0,,,,,,,,,,,,,,,,,,,,,,,,,Yogurt,,,Sugar,Oikos,,,Sugar-free,,,,,,,,,,
New,yogourt oikos nature,PRODUCTS,BRANDS,Yogurts,,,,,#DIV/0!,#DIV/0!,0,0,0,0,,,,,,,,,,,,,,,,,,,,,,,,,Yogurt,Plain,,,Oikos,,,,,,,,,,,,,
New,yogourt sans lait de vache,PRODUCTS,YOGURTS,Yogurts,,,,,#DIV/0!,#DIV/0!,0,0,0,0,,,,,,,,,,,,,,,,,,,,,,,,,Yogurt,,,Without,,,,,,,,,,,,,,
New,yogurt pro,PRODUCTS,YOGURTS,Greek,,,,,#DIV/0!,#DIV/0!,0,0,0,0,,,,,,,,,,,,,,,,,,,,,,,,,Yogurt,,,,,,,,,,,,,,,,,
New,what the best yogurt to eat,PRODUCTS,YOGURTS,Yogurts,,,,,#DIV/0!,#DIV/0!,0,0,0,0,,,,,,,,,,,,,,,,,,,,,,,,,Yogurt,,,,,,,,Best,,,,,,,,,
New,light and fit yogurt canada,PRODUCTS,PLANT BASED YOGURTS,Generic,,,,,#DIV/0!,#DIV/0!,0,0,0,0,,,,,,,,,,,,,,,,,,,,,,,,,Yogurt,,,,,,,Light,,,,,,,,,,
EN,oikos greek yogurt banana nutrition,EATING BETTER,HEALTHIER EATING,Labels & scoring,,,,,#DIV/0!,#DIV/0!,0,0,0,0,,,,,,,,,,,,,,,,,,,,,,,,,Greek,Banana,,,Oikos,,,,,,,,,,,,,
New,plain 2 greek yogurt,PRODUCTS,PLANT BASED YOGURTS,Generic,,,,,#DIV/0!,#DIV/0!,0,0,0,0,,,,,,,,,,,,,,,,,,,,,,,,,Greek,Plain,,,,,,,,,,,,,,,,
New,yogourt grec 5,PRODUCTS,PLANT BASED YOGURTS,Generic,,,,,#DIV/0!,#DIV/0!,0,0,0,0,,,,,,,,,,,,,,,,,,,,,,,,,Yogurt,,,,,,,,,,,,,,,,,
New,oikos greek yogurt cheesecake,PRODUCTS,YOGURTS,Greek,,,,,#DIV/0!,#DIV/0!,0,0,0,0,,,,,,,,,,,,,,,,,,,,,,,,,Greek,Cheesecake,,,Oikos,,,,,,,,,,,,,
New,oikos plain yogurt nutrition,EATING BETTER,HEALTHIER EATING,Labels & scoring,,,,,#DIV/0!,#DIV/0!,0,0,0,0,,,,,,,,,,,,,,,,,,,,,,,,,Yogurt,Plain,,,Oikos,,,,,,,,,,,,,
New,oikos pro vanilla greek yogurt,PRODUCTS,YOGURTS,Greek,,,,,#DIV/0!,#DIV/0!,0,0,0,0,,,,,,,,,,,,,,,,,,,,,,,,,Greek,Vanilla,,,Oikos,,,,,,,,,,,,,
New,best yogurt for you,PRODUCTS,PLANT BASED YOGURTS,Generic,,,,,#DIV/0!,#DIV/0!,0,0,0,0,,,,,,,,,,,,,,,,,,,,,,,,,Yogurt,,,,,,,,Best,,,,,,,,,
FR,oikos contest,PRODUCTS,BRANDS,Danone - generic,,,,,#DIV/0!,#DIV/0!,0,0,0,0,,,,,,,,,,,,,,,,,,,,,,,,,,,,,Oikos,,,,,,,,,,,,,
New,protein waffles with greek yogurt,PRODUCTS,PLANT BASED YOGURTS,Generic,,,,,#DIV/0!,#DIV/0!,0,0,0,0,,,,,,,,,,,,,,,,,,,,,,,,,Greek,,,,,,,,,,,,,,,,,
New,oikos black cherry,PRODUCTS,PLANT BASED YOGURTS,Generic,,,,,#DIV/0!,#DIV/0!,0,0,0,0,,,,,,,,,,,,,,,,,,,,,,,,,,Cherry,,,Oikos,,,,,,,,,,,,,
New,yogourt grec nature oikos,PRODUCTS,PLANT BASED YOGURTS,Generic,,,,,#DIV/0!,#DIV/0!,0,0,0,0,,,,,,,,,,,,,,,,,,,,,,,,,Yogurt,Plain,,,Oikos,,,,,,,,,,,,,
New,canadian produced milk,PRODUCTS,PLANT BASED YOGURTS,Generic,,,,,#DIV/0!,#DIV/0!,0,0,0,0,,,,,,,,,,,,,,,,,,,,,,,,,,,,Milk,,,,,,,,,,,,,,
EN,oikos greek yogurt strawberry nutrition facts,EATING BETTER,HEALTHIER EATING,Labels & scoring,,,,,#DIV/0!,#DIV/0!,0,0,0,0,,,,,,,,,,,,,,,,,,,,,,,,,Greek,Strawberry,,,Oikos,,,,,,,,,,,,,
FR,vinaigrette a base de yogourt,PRODUCTS,YOGURTS,Yogurts,,,,,#DIV/0!,#DIV/0!,0,0,0,0,,,,,,,,,,,,,,,,,,,,,,,,,Yogurt,,,,,,,,,,,,,,,,,
New,100 canadian yogurt,PRODUCTS,PLANT BASED YOGURTS,Generic,,,,,#DIV/0!,#DIV/0!,0,0,0,0,,,,,,,,,,,,,,,,,,,,,,,,,Yogurt,,,Without,,,,,,,,,,,,,,
New,1 cup vanilla greek yogurt calories,PRODUCTS,PLANT BASED YOGURTS,Generic,,,,,#DIV/0!,#DIV/0!,0,0,0,0,,,,,,,,,,,,,,,,,,,,,,,,,Greek,Vanilla,Cup,Calorie,,,,,,,,,,,,,,
New,plain yogurt health benefits,PRODUCTS,PLANT BASED YOGURTS,Generic,,,,,#DIV/0!,#DIV/0!,0,0,0,0,,,,,,,,,,,,,,,,,,,,,,,,,Yogurt,Plain,,,,,,Healthy,,,,,,,,,,
New,yogourt grec fraise,PRODUCTS,PLANT BASED YOGURTS,Generic,,,,,#DIV/0!,#DIV/0!,0,0,0,0,,,,,,,,,,,,,,,,,,,,,,,,,Yogurt,,,,,,,,,,,,,,,,,
New,what can i make with plain greek yogurt,PRODUCTS,YOGURTS,Greek,,,,,#DIV/0!,#DIV/0!,0,0,0,0,,,,,,,,,,,,,,,,,,,,,,,,,Greek,Plain,,,,,,,,,,,,,,,,
New,lowest yogurt sugar content,PRODUCTS,YOGURTS,Yogurts,,,,,#DIV/0!,#DIV/0!,0,0,0,0,,,,,,,,,,,,,,,,,,,,,,,,,Yogurt,,,Sugar,,,,,,,,,,,,,,
New,greek yo,PRODUCTS,PLANT BASED YOGURTS,Generic,,,,,#DIV/0!,#DIV/0!,0,0,0,0,,,,,,,,,,,,,,,,,,,,,,,,,Greek,,,,,,,,,,,,,,,,,
New,no added sugar greek yogurt,PRODUCTS,PLANT BASED YOGURTS,Generic,,,,,#DIV/0!,#DIV/0!,0,0,0,0,,,,,,,,,,,,,,,,,,,,,,,,,Greek,,,Sugar,,,,,,,,,,,,,,
New,whats a good protein breakfast,PRODUCTS,PLANT BASED YOGURTS,Generic,,,,,#DIV/0!,#DIV/0!,0,0,0,0,,,,,,,,,,,,,,,,,,,,,,,,,,,,,,,,,Good or bad,,,,,,,,,
New,greek yogurt oikos ingredients,HEALTH,COMPOSITION,Generic,,,,,#DIV/0!,#DIV/0!,0,0,0,0,,,,,,,,,,,,,,,,,,,,,,,,,Greek,,,,Oikos,,,,,,,,,,,,,
New,oikos black,PRODUCTS,PLANT BASED YOGURTS,Generic,,,,,#DIV/0!,#DIV/0!,0,0,0,0,,,,,,,,,,,,,,,,,,,,,,,,,,,,,Oikos,,,,,,,,,,,,,
New,which yogurt has high protein,PRODUCTS,PLANT BASED YOGURTS,Generic,,,,,#DIV/0!,#DIV/0!,0,0,0,0,,,,,,,,,,,,,,,,,,,,,,,,,Yogurt,,,,,,,Rich in protein,,,,,,,,,,
New,benefits of oikos yogurt,PRODUCTS,YOGURTS,Greek,,,,,#DIV/0!,#DIV/0!,0,0,0,0,,,,,,,,,,,,,,,,,,,,,,,,,Yogurt,,,,Oikos,,,,,,,,,,,,,
New,what's the best greek yogurt,PRODUCTS,YOGURTS,Greek,,,,,#DIV/0!,#DIV/0!,0,0,0,0,,,,,,,,,,,,,,,,,,,,,,,,,Greek,,,,,,,,Best,,,,,,,,,
New,oikos lactose free plain greek yogurt,PRODUCTS,YOGURTS,Greek,,,,,#DIV/0!,#DIV/0!,0,0,0,0,,,,,,,,,,,,,,,,,,,,,,,,,Greek,Plain,,Lactose,Oikos,,,,,,,,,,,,,
New,whats yogurt good for,PRODUCTS,PLANT BASED YOGURTS,Generic,,,,,#DIV/0!,#DIV/0!,0,0,0,0,,,,,,,,,,,,,,,,,,,,,,,,,Yogurt,,,,,,,,Good or bad,,,,,,,,,
New,dairy free yogurt near me,PRODUCTS,PLANT BASED YOGURTS,Generic,,,,,#DIV/0!,#DIV/0!,0,0,0,0,,,,,,,,,,,,,,,,,,,,,,,,,Yogurt,,,Dairy,,,,,,,,,,,,,,
New,yogourt grec vanille sans lactose,PRODUCTS,PLANT BASED YOGURTS,Generic,,,,,#DIV/0!,#DIV/0!,0,0,0,0,,,,,,,,,,,,,,,,,,,,,,,,,Yogurt,Vanilla,,Lactose,,,,,,,,,,,,,,
FR,oikos coupons printable,PRODUCTS,BRANDS,Danone - generic,,,,,#DIV/0!,#DIV/0!,0,0,0,0,,,,,,,,,,,,,,,,,,,,,,,,,,,,,Oikos,,,,,,,,,,,,,
New,idee de proteine,PRODUCTS,PLANT BASED YOGURTS,Generic,,,,,#DIV/0!,#DIV/0!,0,0,0,0,,,,,,,,,,,,,,,,,,,,,,,,,,,,,,,,,,,,,,,,,,
New,oikos plain yogurt calories,PRODUCTS,PLANT BASED YOGURTS,Generic,,,,,#DIV/0!,#DIV/0!,0,0,0,0,,,,,,,,,,,,,,,,,,,,,,,,,Yogurt,Plain,,Calorie,Oikos,,,,,,,,,,,,,
New,déjeuner protéines,PRODUCTS,PLANT BASED YOGURTS,Generic,,,,,#DIV/0!,#DIV/0!,0,0,0,0,,,,,,,,,,,,,,,,,,,,,,,,,,,,,,,,,,,,,,,,,,
New,organic greek yogurt full fat,PRODUCTS,PLANT BASED YOGURTS,Generic,,,,,#DIV/0!,#DIV/0!,0,0,0,0,,,,,,,,,,,,,,,,,,,,,,,,,Greek,,,Fat,,,,,,Bio,,,,,,,,
New,yaourt proteine sans lactose,HEALTH,COMPOSITION,Proteins,,,,,#DIV/0!,#DIV/0!,0,0,0,0,,,,,,,,,,,,,,,,,,,,,,,,,Yogurt,,,Lactose,,,,,,,,,,,,,,
New,greek yogurt 10 fat,PRODUCTS,PLANT BASED YOGURTS,Generic,,,,,#DIV/0!,#DIV/0!,0,0,0,0,,,,,,,,,,,,,,,,,,,,,,,,,Greek,,,Fat,,,,Fat-free,,,,,,,,,,
New,oikos blackberry greek yogurt nutrition,PRODUCTS,PLANT BASED YOGURTS,Generic,,,,,#DIV/0!,#DIV/0!,0,0,0,0,,,,,,,,,,,,,,,,,,,,,,,,,Greek,,,,Oikos,,,,,,,,,,,,,
New,okio yogurt protein,PRODUCTS,YOGURTS,Yogurts,,,,,#DIV/0!,#DIV/0!,0,0,0,0,,,,,,,,,,,,,,,,,,,,,,,,,Yogurt,,,,,,,,,,,,,,,,,
New,siggi's yaourt,PRODUCTS,PLANT BASED YOGURTS,Generic,,,,,#DIV/0!,#DIV/0!,0,0,0,0,,,,,,,,,,,,,,,,,,,,,,,,,Yogurt,,,,Siggi's,,,,,,,,,,,,,
New,best no sugar yogurt,PRODUCTS,PLANT BASED YOGURTS,Generic,,,,,#DIV/0!,#DIV/0!,0,0,0,0,,,,,,,,,,,,,,,,,,,,,,,,,Yogurt,,,Sugar,,,,Sugar-free,Best,,,,,,,,,
New,oikos honey yogurt,PRODUCTS,PLANT BASED YOGURTS,Generic,,,,,#DIV/0!,#DIV/0!,0,0,0,0,,,,,,,,,,,,,,,,,,,,,,,,,Yogurt,,,,Oikos,,,,,,,,,,,,,
New,oikos strawberry protein yogurt,PRODUCTS,PLANT BASED YOGURTS,Generic,,,,,#DIV/0!,#DIV/0!,0,0,0,0,,,,,,,,,,,,,,,,,,,,,,,,,Yogurt,Strawberry,,,Oikos,,,,,,,,,,,,,
New,strawberry oikos greek yogurt nutrition,PRODUCTS,PLANT BASED YOGURTS,Generic,,,,,#DIV/0!,#DIV/0!,0,0,0,0,,,,,,,,,,,,,,,,,,,,,,,,,Greek,Strawberry,,,Oikos,,,,,,,,,,,,,
New,best low fat greek yogurt,PRODUCTS,YOGURTS,Greek,,,,,#DIV/0!,#DIV/0!,0,0,0,0,,,,,,,,,,,,,,,,,,,,,,,,,Greek,,,Fat,,,,,Best,,,,,,,,,
New,yogurt with lowest sugar content,PRODUCTS,PLANT BASED YOGURTS,Generic,,,,,#DIV/0!,#DIV/0!,0,0,0,0,,,,,,,,,,,,,,,,,,,,,,,,,Yogurt,,,Sugar,,,,,,,,,,,,,,
New,which is the best greek yogurt,PRODUCTS,YOGURTS,Greek,,,,,#DIV/0!,#DIV/0!,0,0,0,0,,,,,,,,,,,,,,,,,,,,,,,,,Greek,,,,,,,,Best,,,,,,,,,
New,yogourt vegetal proteiné,PRODUCTS,PLANT BASED YOGURTS,Generic,,,,,#DIV/0!,#DIV/0!,0,0,0,0,,,,,,,,,,,,,,,,,,,,,,,,,Yogurt,,,,,,,,,,,,,,,,,
New,yogurt with the lowest sugar content,PRODUCTS,PLANT BASED YOGURTS,Generic,,,,,#DIV/0!,#DIV/0!,0,0,0,0,,,,,,,,,,,,,,,,,,,,,,,,,Yogurt,,,Sugar,,,,,,,,,,,,,,
New,best natural yogurt,PRODUCTS,YOGURTS,Yogurts,,,,,#DIV/0!,#DIV/0!,0,0,0,0,,,,,,,,,,,,,,,,,,,,,,,,,Yogurt,,,,,,,,Best,,,,,,,,,
New,healthiest non dairy yogurt,PRODUCTS,PLANT BASED YOGURTS,Generic,,,,,#DIV/0!,#DIV/0!,0,0,0,0,,,,,,,,,,,,,,,,,,,,,,,,,Yogurt,,,Dairy,,,,Healthy,,,,,,,,,,
New,triple 0 oikos,PRODUCTS,BRANDS,Danone - generic,,,,,#DIV/0!,#DIV/0!,0,0,0,0,,,,,,,,,,,,,,,,,,,,,,,,,,,,Without,Oikos,,,,,,,,,,,,,
New,yop protein,PRODUCTS,YOGURTS,Yogurts,,,,,#DIV/0!,#DIV/0!,0,0,0,0,,,,,,,,,,,,,,,,,,,,,,,,,,,,,,,,,,,,,,,,,,
New,greek yogurt with no sugar added,PRODUCTS,PLANT BASED YOGURTS,Generic,,,,,#DIV/0!,#DIV/0!,0,0,0,0,,,,,,,,,,,,,,,,,,,,,,,,,Greek,,,Sugar,,,,Sugar-free,,,,,,,,,,
New,oikos protein yogurt vanilla,PRODUCTS,BRANDS,Danone - generic,,,,,#DIV/0!,#DIV/0!,0,0,0,0,,,,,,,,,,,,,,,,,,,,,,,,,Yogurt,Vanilla,,,Oikos,,,,,,,,,,,,,
New,oikos yogurt benefits,PRODUCTS,YOGURTS,Greek,,,,,#DIV/0!,#DIV/0!,0,0,0,0,,,,,,,,,,,,,,,,,,,,,,,,,Yogurt,,,,Oikos,,,,,,,,,,,,,
New,yogourt grec a boire,PRODUCTS,YOGURTS,Greek,,,,,#DIV/0!,#DIV/0!,0,0,0,0,,,,,,,,,,,,,,,,,,,,,,,,,Yogurt,,,,,,,,,,,,,,,,,
New,best healthy greek yogurt,PRODUCTS,YOGURTS,Greek,,,,,#DIV/0!,#DIV/0!,0,0,0,0,,,,,,,,,,,,,,,,,,,,,,,,,Greek,,,,,,,Healthy,Best,,,,,,,,,
New,oikos 20g protein canada,PRODUCTS,YOGURTS,Greek,,,,,#DIV/0!,#DIV/0!,0,0,0,0,,,,,,,,,,,,,,,,,,,,,,,,,,,Gram,Without,Oikos,,,,,,,,,,,,,
New,how much protein is in oikos yogurt,PRODUCTS,YOGURTS,Greek,,,,,#DIV/0!,#DIV/0!,0,0,0,0,,,,,,,,,,,,,,,,,,,,,,,,,Yogurt,,,,Oikos,,,,,,,,,,,,,
New,zero oikos yogurt,PRODUCTS,PLANT BASED YOGURTS,Generic,,,,,#DIV/0!,#DIV/0!,0,0,0,0,,,,,,,,,,,,,,,,,,,,,,,,,Yogurt,,,,Oikos,,,,,,,,,,,,,
New,yogourt oikos protéine,PRODUCTS,BRANDS,Danone - generic,,,,,#DIV/0!,#DIV/0!,0,0,0,0,,,,,,,,,,,,,,,,,,,,,,,,,Yogurt,,,,Oikos,,,,,,,,,,,,,
New,oikos 0 sugar greek yogurt,PRODUCTS,YOGURTS,Greek,,,,,#DIV/0!,#DIV/0!,0,0,0,0,,,,,,,,,,,,,,,,,,,,,,,,,Greek,,,Sugar,Oikos,,,Sugar-free,,,,,,,,,,
New,greek yogurt pro,PRODUCTS,YOGURTS,Greek,,,,,#DIV/0!,#DIV/0!,0,0,0,0,,,,,,,,,,,,,,,,,,,,,,,,,Greek,,,,,,,,,,,,,,,,,
New,greek yogurt less sugar,PRODUCTS,PLANT BASED YOGURTS,Generic,,,,,#DIV/0!,#DIV/0!,0,0,0,0,,,,,,,,,,,,,,,,,,,,,,,,,Greek,,,Sugar,,,,,,,,,,,,,,
New,yogurt lactose free milk,PRODUCTS,PLANT BASED YOGURTS,Generic,,,,,#DIV/0!,#DIV/0!,0,0,0,0,,,,,,,,,,,,,,,,,,,,,,,,,Yogurt,,,Lactose,,,,,,,,,,,,,,
New,oikos zero yogurt,PRODUCTS,YOGURTS,Yogurts,,,,,#DIV/0!,#DIV/0!,0,0,0,0,,,,,,,,,,,,,,,,,,,,,,,,,Yogurt,,,,Oikos,,,,,,,,,,,,,
New,greek yoghurt oikos,PRODUCTS,YOGURTS,Greek,,,,,#DIV/0!,#DIV/0!,0,0,0,0,,,,,,,,,,,,,,,,,,,,,,,,,Greek,,,,Oikos,,,,,,,,,,,,,
New,what's the best yogurt to eat,PRODUCTS,YOGURTS,Yogurts,,,,,#DIV/0!,#DIV/0!,0,0,0,0,,,,,,,,,,,,,,,,,,,,,,,,,Yogurt,,,,,,,,Best,,,,,,,,,
New,best vanilla greek yogurt,PRODUCTS,PLANT BASED YOGURTS,Generic,,,,,#DIV/0!,#DIV/0!,0,0,0,0,,,,,,,,,,,,,,,,,,,,,,,,,Greek,Vanilla,,,,,,,Best,,,,,,,,,
New,oikos pineapple yogurt,PRODUCTS,PLANT BASED YOGURTS,Generic,,,,,#DIV/0!,#DIV/0!,0,0,0,0,,,,,,,,,,,,,,,,,,,,,,,,,Yogurt,Pineapple,,,Oikos,,,,,,,,,,,,,
New,oikos pro yogurt nutrition label,PRODUCTS,PLANT BASED YOGURTS,Generic,,,,,#DIV/0!,#DIV/0!,0,0,0,0,,,,,,,,,,,,,,,,,,,,,,,,,Yogurt,,,,Oikos,,,,,,,,,,,,,
New,best lowfat greek yogurt,PRODUCTS,YOGURTS,Greek,,,,,#DIV/0!,#DIV/0!,0,0,0,0,,,,,,,,,,,,,,,,,,,,,,,,,Greek,,,Fat,,,,,Best,,,,,,,,,
New,best lactose free greek yogurt,PRODUCTS,YOGURTS,Greek,,,,,#DIV/0!,#DIV/0!,0,0,0,0,,,,,,,,,,,,,,,,,,,,,,,,,Greek,,,Lactose,,,,,Best,,,,,,,,,
New,oikos coconut yogurt nutrition,EATING BETTER,HEALTHIER EATING,Labels & scoring,,,,,#DIV/0!,#DIV/0!,0,0,0,0,,,,,,,,,,,,,,,,,,,,,,,,,Yogurt,Coconut,,,Oikos,,,,,,,,,,,,,
New,greek yogurt ingredients list,HEALTH,COMPOSITION,Generic,,,,,#DIV/0!,#DIV/0!,0,0,0,0,,,,,,,,,,,,,,,,,,,,,,,,,Greek,,,,,,,,,,,,,,,,,
EN,oikos greek vanilla yogurt nutrition,EATING BETTER,HEALTHIER EATING,Labels & scoring,,,,,#DIV/0!,#DIV/0!,0,0,0,0,,,,,,,,,,,,,,,,,,,,,,,,,Greek,Vanilla,,,Oikos,,,,,,,,,,,,,
New,oikos no sugar,PRODUCTS,BRANDS,Danone - generic,,,,,#DIV/0!,#DIV/0!,0,0,0,0,,,,,,,,,,,,,,,,,,,,,,,,,,,,Sugar,Oikos,,,Sugar-free,,,,,,,,,,
New,greek yogurt high protein recipes,PRODUCTS,PLANT BASED YOGURTS,Generic,,,,,#DIV/0!,#DIV/0!,0,0,0,0,,,,,,,,,,,,,,,,,,,,,,,,,Greek,,,,,,,Rich in protein,,,,,,,,,,
New,whats the best greek yogurt,PRODUCTS,PLANT BASED YOGURTS,Generic,,,,,#DIV/0!,#DIV/0!,0,0,0,0,,,,,,,,,,,,,,,,,,,,,,,,,Greek,,,,,,,,Best,,,,,,,,,
New,which yogurt has highest protein,PRODUCTS,YOGURTS,Yogurts,,,,,#DIV/0!,#DIV/0!,0,0,0,0,,,,,,,,,,,,,,,,,,,,,,,,,Yogurt,,,,,,,Rich in protein,,,,,,,,,,
New,sugar free vanilla greek yogurt,PRODUCTS,PLANT BASED YOGURTS,Generic,,,,,#DIV/0!,#DIV/0!,0,0,0,0,,,,,,,,,,,,,,,,,,,,,,,,,Greek,Vanilla,,Sugar,,,,,,,,,,,,,,
New,oikos pro greek yogurt nutrition facts,PRODUCTS,PLANT BASED YOGURTS,Generic,,,,,#DIV/0!,#DIV/0!,0,0,0,0,,,,,,,,,,,,,,,,,,,,,,,,,Greek,,,,Oikos,,,,,,,,,,,,,
New,oikos yogurt vanilla nutrition,PRODUCTS,PLANT BASED YOGURTS,Generic,,,,,#DIV/0!,#DIV/0!,0,0,0,0,,,,,,,,,,,,,,,,,,,,,,,,,Yogurt,Vanilla,,,Oikos,,,,,,,,,,,,,
New,chobani yogurt 20g protein,PRODUCTS,YOGURTS,Yogurts,,,,,#DIV/0!,#DIV/0!,0,0,0,0,,,,,,,,,,,,,,,,,,,,,,,,,Yogurt,,Gram,Without,Chobani,,,,,,,,,,,,,
New,plant yogurt,PRODUCTS,PLANT BASED YOGURTS,Generic,,,,,#DIV/0!,#DIV/0!,0,0,0,0,,,,,,,,,,,,,,,,,,,,,,,,,Yogurt,,,,,,,,,,,,,,,,,
New,sugarless yogurt,PRODUCTS,YOGURTS,Yogurts,,,,,#DIV/0!,#DIV/0!,0,0,0,0,,,,,,,,,,,,,,,,,,,,,,,,,Yogurt,,,Sugar,,,,,,,,,,,,,,
New,best protein yogurt for weight loss,PRODUCTS,YOGURTS,Yogurts,,,,,#DIV/0!,#DIV/0!,0,0,0,0,,,,,,,,,,,,,,,,,,,,,,,,,Yogurt,,,,,,,,Best,,,,,,,,,
New,healthiest protein snack,PRODUCTS,PLANT BASED YOGURTS,Generic,,,,,#DIV/0!,#DIV/0!,0,0,0,0,,,,,,,,,,,,,,,,,,,,,,,,,,,,,,,,Healthy,,,,,,,,,,
New,greek yogurt 18g protein,PRODUCTS,YOGURTS,Greek,,,,,#DIV/0!,#DIV/0!,0,0,0,0,,,,,,,,,,,,,,,,,,,,,,,,,Greek,,,,,,,,,,,,,,,,,
New,high protein low carb yogurt,PRODUCTS,PLANT BASED YOGURTS,Generic,,,,,#DIV/0!,#DIV/0!,0,0,0,0,,,,,,,,,,,,,,,,,,,,,,,,,Yogurt,,,,,,,Rich in protein,,,,,,,,,,
New,oikos banana greek yogurt nutrition,PRODUCTS,PLANT BASED YOGURTS,Generic,,,,,#DIV/0!,#DIV/0!,0,0,0,0,,,,,,,,,,,,,,,,,,,,,,,,,Greek,Banana,,,Oikos,,,,,,,,,,,,,
New,carbs in greek yogurt 1 cup,PRODUCTS,YOGURTS,Greek,,,,,#DIV/0!,#DIV/0!,0,0,0,0,,,,,,,,,,,,,,,,,,,,,,,,,Greek,,Cup,,,,,,,,,,,,,,,
New,oikos greek yogurt recipes,RECIPES,RECIPES,Recipes with yogurt,,,,,#DIV/0!,#DIV/0!,0,0,0,0,,,,,,,,,,,,,,,,,,,,,,,,,Greek,,,,Oikos,,,,,,,,,,,,,
New,can you get lactose free greek yogurt,PRODUCTS,YOGURTS,Greek,,,,,#DIV/0!,#DIV/0!,0,0,0,0,,,,,,,,,,,,,,,,,,,,,,,,,Greek,,,Lactose,,,,,,,,,,,,,,
New,oikos yogurt carbs,PRODUCTS,PLANT BASED YOGURTS,Generic,,,,,#DIV/0!,#DIV/0!,0,0,0,0,,,,,,,,,,,,,,,,,,,,,,,,,Yogurt,,,,Oikos,,,,,,,,,,,,,
New,danone oikos pro,PRODUCTS,BRANDS,Danone - generic,,,,,#DIV/0!,#DIV/0!,0,0,0,0,,,,,,,,,,,,,,,,,,,,,,,,,,,,,Oikos,,,,,,,,,,,,,
New,plain yogurt drink,PRODUCTS,YOGURT DRINKS,Yogurt drinks,,,,,#DIV/0!,#DIV/0!,0,0,0,0,,,,,,,,,,,,,,,,,,,,,,,,,Yogurt,Plain,,,,,,,,,,,,,,,,
New,what yogurt has less sugar,PRODUCTS,PLANT BASED YOGURTS,Generic,,,,,#DIV/0!,#DIV/0!,0,0,0,0,,,,,,,,,,,,,,,,,,,,,,,,,Yogurt,,,Sugar,,,,,,,,,,,,,,
FR,proteine yaourt grec,PRODUCTS,YOGURTS,Greek,,,,,#DIV/0!,#DIV/0!,0,0,0,0,,,,,,,,,,,,,,,,,,,,,,,,,Greek,,,Protein,,,,,,,,,,,,,,
FR,protéines yaourt grec,PRODUCTS,YOGURTS,Greek,,,,,#DIV/0!,#DIV/0!,0,0,0,0,,,,,,,,,,,,,,,,,,,,,,,,,Greek,,,Protein,,,,,,,,,,,,,,
New,best full fat greek yogurt,PRODUCTS,YOGURTS,Greek,,,,,#DIV/0!,#DIV/0!,0,0,0,0,,,,,,,,,,,,,,,,,,,,,,,,,Greek,,,Fat,,,,,Best,,,,,,,,,
New,oikos pro yoghurt,PRODUCTS,BRANDS,Danone - generic,,,,,#DIV/0!,#DIV/0!,0,0,0,0,,,,,,,,,,,,,,,,,,,,,,,,,Yogurt,,,,Oikos,,,,,,,,,,,,,
New,yogourt grec biologique,PRODUCTS,YOGURTS,Greek,,,,,#DIV/0!,#DIV/0!,0,0,0,0,,,,,,,,,,,,,,,,,,,,,,,,,Yogurt,,,,,,,,,,,,,,,,,
New,iogo protein yogurt nutrition,PRODUCTS,PLANT BASED YOGURTS,Generic,,,,,#DIV/0!,#DIV/0!,0,0,0,0,,,,,,,,,,,,,,,,,,,,,,,,,Yogurt,,,,,,,,,,,,,,,,,
New,oikos high protein yogurt calories,PRODUCTS,PLANT BASED YOGURTS,Generic,,,,,#DIV/0!,#DIV/0!,0,0,0,0,,,,,,,,,,,,,,,,,,,,,,,,,Yogurt,,,Calorie,Oikos,,,Rich in protein,,,,,,,,,,
New,greek oikos protein yogurt,PRODUCTS,YOGURTS,Greek,,,,,#DIV/0!,#DIV/0!,0,0,0,0,,,,,,,,,,,,,,,,,,,,,,,,,Greek,,,,Oikos,,,,,,,,,,,,,
New,oikos greek yogurt blended,PRODUCTS,PLANT BASED YOGURTS,Generic,,,,,#DIV/0!,#DIV/0!,0,0,0,0,,,,,,,,,,,,,,,,,,,,,,,,,Greek,,,,Oikos,,,,,,,,,,,,,
New,calories in oikos greek yogurt cup,PRODUCTS,PLANT BASED YOGURTS,Generic,,,,,#DIV/0!,#DIV/0!,0,0,0,0,,,,,,,,,,,,,,,,,,,,,,,,,Greek,,Cup,Calorie,Oikos,,,,,,,,,,,,,
New,why greek yogurt,PRODUCTS,YOGURTS,Greek,,,,,#DIV/0!,#DIV/0!,0,0,0,0,,,,,,,,,,,,,,,,,,,,,,,,,Greek,,,,,,,,,,,,,,,,,
New,best low carb greek yogurt,PRODUCTS,YOGURTS,Greek,,,,,#DIV/0!,#DIV/0!,0,0,0,0,,,,,,,,,,,,,,,,,,,,,,,,,Greek,,,,,,,,Best,,,,,,,,,
New,oikos lactose free vanilla,PRODUCTS,YOGURTS,Greek,,,,,#DIV/0!,#DIV/0!,0,0,0,0,,,,,,,,,,,,,,,,,,,,,,,,,,Vanilla,,Lactose,Oikos,,,,,,,,,,,,,
New,oikos pro yogurt drink nutrition,EATING BETTER,HEALTHIER EATING,Labels & scoring,,,,,#DIV/0!,#DIV/0!,0,0,0,0,,,,,,,,,,,,,,,,,,,,,,,,,Yogurt,,,,Oikos,,,,,,,,,,,,,
New,best yogurt for weight loss canada,PRODUCTS,YOGURTS,Yogurts,,,,,#DIV/0!,#DIV/0!,0,0,0,0,,,,,,,,,,,,,,,,,,,,,,,,,Yogurt,,,,,,,,Best,,,,,,,,,
New,oikos triple zero high protein nonfat greek yogurt,PRODUCTS,YOGURTS,Greek,,,,,#DIV/0!,#DIV/0!,0,0,0,0,,,,,,,,,,,,,,,,,,,,,,,,,Greek,,,Fat,Oikos,,,Rich in protein,,,,,,,,,,
New,oikos protein drinkable yogurt,PRODUCTS,YOGURT DRINKS,Yogurt drinks,,,,,#DIV/0!,#DIV/0!,0,0,0,0,,,,,,,,,,,,,,,,,,,,,,,,,Yogurt,,,,Oikos,,,,,,,,,,,,,
New,yogurt proteine,PRODUCTS,PLANT BASED YOGURTS,Generic,,,,,#DIV/0!,#DIV/0!,0,0,0,0,,,,,,,,,,,,,,,,,,,,,,,,,Yogurt,,,,,,,,,,,,,,,,,
New,protéines au petit déjeuner,CONSUMER HABITS,MEALS,Breakfast,,,,,#DIV/0!,#DIV/0!,0,0,0,0,,,,,,,,,,,,,,,,,,,,,,,,,,,,,,,,,,,Breakfast,,,,,,,
New,oikos shakes,PRODUCTS,BRANDS,Danone - generic,,,,,#DIV/0!,#DIV/0!,0,0,0,0,,,,,,,,,,,,,,,,,,,,,,,,,,,,,Oikos,,,,,,,,,,,,,
New,yoghurt oikos,PRODUCTS,PLANT BASED YOGURTS,Generic,,,,,#DIV/0!,#DIV/0!,0,0,0,0,,,,,,,,,,,,,,,,,,,,,,,,,Yogurt,,,,Oikos,,,,,,,,,,,,,
New,dairy brands in canada,PRODUCTS,BRANDS,Other,,,,,#DIV/0!,#DIV/0!,0,0,0,0,,,,,,,,,,,,,,,,,,,,,,,,,,,,Dairy,,,,,,,,,,,,,,
New,yogurt oikos nutrition,EATING BETTER,HEALTHIER EATING,Labels & scoring,,,,,#DIV/0!,#DIV/0!,0,0,0,0,,,,,,,,,,,,,,,,,,,,,,,,,Yogurt,,,,Oikos,,,,,,,,,,,,,
New,oikos greek yogurt organic,PRODUCTS,PLANT BASED YOGURTS,Generic,,,,,#DIV/0!,#DIV/0!,0,0,0,0,,,,,,,,,,,,,,,,,,,,,,,,,Greek,,,,Oikos,,,,,Bio,,,,,,,,
New,different yogurt brands,PRODUCTS,PLANT BASED YOGURTS,Generic,,,,,#DIV/0!,#DIV/0!,0,0,0,0,,,,,,,,,,,,,,,,,,,,,,,,,Yogurt,,,,,,,,,,,,,,,,,
New,oikos mixed berry yogurt nutrition facts,EATING BETTER,HEALTHIER EATING,Labels & scoring,,,,,#DIV/0!,#DIV/0!,0,0,0,0,,,,,,,,,,,,,,,,,,,,,,,,,Yogurt,,,,Oikos,,,,,,,,,,,,,
New,high protein meal breakfast,PRODUCTS,PLANT BASED YOGURTS,Generic,,,,,#DIV/0!,#DIV/0!,0,0,0,0,,,,,,,,,,,,,,,,,,,,,,,,,,,,,,,,Rich in protein,,,,,,,,,,
New,blueberry oikos greek yogurt nutrition,EATING BETTER,HEALTHIER EATING,Labels & scoring,,,,,#DIV/0!,#DIV/0!,0,0,0,0,,,,,,,,,,,,,,,,,,,,,,,,,Greek,Blueberry,,,Oikos,,,,,,,,,,,,,
New,the most healthy yogurt,PRODUCTS,PLANT BASED YOGURTS,Generic,,,,,#DIV/0!,#DIV/0!,0,0,0,0,,,,,,,,,,,,,,,,,,,,,,,,,Yogurt,,,,,,,Healthy,,,,,,,,,,
New,organic greek yoghurt,PRODUCTS,PLANT BASED YOGURTS,Generic,,,,,#DIV/0!,#DIV/0!,0,0,0,0,,,,,,,,,,,,,,,,,,,,,,,,,Greek,,,,,,,,,Bio,,,,,,,,
New,chobani 20g protein drink,PRODUCTS,PLANT BASED YOGURTS,Generic,,,,,#DIV/0!,#DIV/0!,0,0,0,0,,,,,,,,,,,,,,,,,,,,,,,,,,,Gram,Without,Chobani,,,,,,,,,,,,,
New,oikos blueberry greek yogurt calories,EATING BETTER,HEALTHIER EATING,Labels & scoring,,,,,#DIV/0!,#DIV/0!,0,0,0,0,,,,,,,,,,,,,,,,,,,,,,,,,Greek,Blueberry,,Calorie,Oikos,,,,,,,,,,,,,
New,cherry oikos yogurt,PRODUCTS,BRANDS,Danone - generic,,,,,#DIV/0!,#DIV/0!,0,0,0,0,,,,,,,,,,,,,,,,,,,,,,,,,Yogurt,Cherry,,,Oikos,,,,,,,,,,,,,
New,oikos no sugar added yogurt,PRODUCTS,PLANT BASED YOGURTS,Generic,,,,,#DIV/0!,#DIV/0!,0,0,0,0,,,,,,,,,,,,,,,,,,,,,,,,,Yogurt,,,Sugar,Oikos,,,Sugar-free,,,,,,,,,,
New,skyr food,PRODUCTS,PLANT BASED YOGURTS,Generic,,,,,#DIV/0!,#DIV/0!,0,0,0,0,,,,,,,,,,,,,,,,,,,,,,,,,Skyr,,,,,,,,,,,,,,,,,
New,oikos pro yogurt 20g protein canada,PRODUCTS,PLANT BASED YOGURTS,Generic,,,,,#DIV/0!,#DIV/0!,0,0,0,0,,,,,,,,,,,,,,,,,,,,,,,,,Yogurt,,Gram,Without,Oikos,,,,,,,,,,,,,
New,dairy free lactose free yogurt,PRODUCTS,PLANT BASED YOGURTS,Generic,,,,,#DIV/0!,#DIV/0!,0,0,0,0,,,,,,,,,,,,,,,,,,,,,,,,,Yogurt,,,Lactose,,,,,,,,,,,,,,
New,greek yogurt vanilla protein,PRODUCTS,PLANT BASED YOGURTS,Generic,,,,,#DIV/0!,#DIV/0!,0,0,0,0,,,,,,,,,,,,,,,,,,,,,,,,,Greek,Vanilla,,,,,,,,,,,,,,,,
New,yogourt grec glacé,PRODUCTS,PLANT BASED YOGURTS,Generic,,,,,#DIV/0!,#DIV/0!,0,0,0,0,,,,,,,,,,,,,,,,,,,,,,,,,Yogurt,,,,,,,,,,,,,,,,,
New,oikos macros,PRODUCTS,YOGURTS,Greek,,,,,#DIV/0!,#DIV/0!,0,0,0,0,,,,,,,,,,,,,,,,,,,,,,,,,,,,,Oikos,,,,,,,,,,,,,
New,natural protein snacks,PRODUCTS,PLANT BASED YOGURTS,Generic,,,,,#DIV/0!,#DIV/0!,0,0,0,0,,,,,,,,,,,,,,,,,,,,,,,,,,,,,,,,,,,,,,,,,,
New,healthy greek yogurt brands,PRODUCTS,PLANT BASED YOGURTS,Generic,,,,,#DIV/0!,#DIV/0!,0,0,0,0,,,,,,,,,,,,,,,,,,,,,,,,,Greek,,,,,,,Healthy,,,,,,,,,,
New,triple zero oikos nutrition facts,PRODUCTS,PLANT BASED YOGURTS,Generic,,,,,#DIV/0!,#DIV/0!,0,0,0,0,,,,,,,,,,,,,,,,,,,,,,,,,,,,,Oikos,,,,,,,,,,,,,
New,oikos greek yogurt ingredients list,HEALTH,COMPOSITION,Generic,,,,,#DIV/0!,#DIV/0!,0,0,0,0,,,,,,,,,,,,,,,,,,,,,,,,,Greek,,,,Oikos,,,,,,,,,,,,,
New,how much sugar in plain greek yogurt,PRODUCTS,PLANT BASED YOGURTS,Generic,,,,,#DIV/0!,#DIV/0!,0,0,0,0,,,,,,,,,,,,,,,,,,,,,,,,,Greek,Plain,,Sugar,,,,,,,,,,,,,,
New,pro oikos yogurt,PRODUCTS,BRANDS,Danone - generic,,,,,#DIV/0!,#DIV/0!,0,0,0,0,,,,,,,,,,,,,,,,,,,,,,,,,Yogurt,,,,Oikos,,,,,,,,,,,,,
New,oikos peach mango nutrition,EATING BETTER,HEALTHIER EATING,Labels & scoring,,,,,#DIV/0!,#DIV/0!,0,0,0,0,,,,,,,,,,,,,,,,,,,,,,,,,,Mango,,,Oikos,,,,,,,,,,,,,
New,no sugar greek yogurt brands,PRODUCTS,PLANT BASED YOGURTS,Generic,,,,,#DIV/0!,#DIV/0!,0,0,0,0,,,,,,,,,,,,,,,,,,,,,,,,,Greek,,,Sugar,,,,Sugar-free,,,,,,,,,,
New,how to use greek yogurt in cooking,PRODUCTS,PLANT BASED YOGURTS,Generic,,,,,#DIV/0!,#DIV/0!,0,0,0,0,,,,,,,,,,,,,,,,,,,,,,,,,Greek,,,,,,,,,,,,,,,,,
New,oikos vs oikos pro,PRODUCTS,PLANT BASED YOGURTS,Generic,,,,,#DIV/0!,#DIV/0!,0,0,0,0,,,,,,,,,,,,,,,,,,,,,,,,,,,,,Oikos,,,,Comparison,,,,,,,,,
New,oikos yogurt canadian company,PRODUCTS,PLANT BASED YOGURTS,Generic,,,,,#DIV/0!,#DIV/0!,0,0,0,0,,,,,,,,,,,,,,,,,,,,,,,,,Yogurt,,,,Oikos,,,,,,,,,,,,,
New,what yogurt has the least sugar,PRODUCTS,YOGURTS,Yogurts,,,,,#DIV/0!,#DIV/0!,0,0,0,0,,,,,,,,,,,,,,,,,,,,,,,,,Yogurt,,,Sugar,,,,,,,,,,,,,,
New,non lactose yogurt,PRODUCTS,PLANT BASED YOGURTS,Generic,,,,,#DIV/0!,#DIV/0!,0,0,0,0,,,,,,,,,,,,,,,,,,,,,,,,,Yogurt,,,Lactose,,,,,,,,,,,,,,
New,oikos triple zero 15g protein,PRODUCTS,BRANDS,Danone - generic,,,,,#DIV/0!,#DIV/0!,0,0,0,0,,,,,,,,,,,,,,,,,,,,,,,,,,,Gram,,Oikos,,,,,,,,,,,,,
New,oikos yogurt vanilla nutrition facts,PRODUCTS,PLANT BASED YOGURTS,Generic,,,,,#DIV/0!,#DIV/0!,0,0,0,0,,,,,,,,,,,,,,,,,,,,,,,,,Yogurt,Vanilla,,,Oikos,,,,,,,,,,,,,
New,protein to eat after workout,PRODUCTS,PLANT BASED YOGURTS,Generic,,,,,#DIV/0!,#DIV/0!,0,0,0,0,,,,,,,,,,,,,,,,,,,,,,,,,,,,,,,,,,,,,,,,,,
New,oikos greek yogurt individual,PRODUCTS,PLANT BASED YOGURTS,Generic,,,,,#DIV/0!,#DIV/0!,0,0,0,0,,,,,,,,,,,,,,,,,,,,,,,,,Greek,,Individual,,Oikos,,,,,,,,,,,,,
New,yogourt 0 sucre,PRODUCTS,PLANT BASED YOGURTS,Generic,,,,,#DIV/0!,#DIV/0!,0,0,0,0,,,,,,,,,,,,,,,,,,,,,,,,,Yogurt,,,Without,,,,Sugar-free,,,,,,,,,,
New,which brand greek yogurt is best,PRODUCTS,YOGURTS,Greek,,,,,#DIV/0!,#DIV/0!,0,0,0,0,,,,,,,,,,,,,,,,,,,,,,,,,Greek,,,,,,,,Best,,,,,,,,,
New,oikos triple zero vanilla greek yogurt nutrition,EATING BETTER,HEALTHIER EATING,Labels & scoring,,,,,#DIV/0!,#DIV/0!,0,0,0,0,,,,,,,,,,,,,,,,,,,,,,,,,Greek,Vanilla,,,Oikos,,,,,,,,,,,,,
New,greek yogurt no fat no sugar,PRODUCTS,YOGURTS,Greek,,,,,#DIV/0!,#DIV/0!,0,0,0,0,,,,,,,,,,,,,,,,,,,,,,,,,Greek,,,Fat,,,,Sugar-free,,,,,,,,,,
New,oikos greek yogurt ingredient list,HEALTH,COMPOSITION,Generic,,,,,#DIV/0!,#DIV/0!,0,0,0,0,,,,,,,,,,,,,,,,,,,,,,,,,Greek,,,,Oikos,,,,,,,,,,,,,
New,oikos greek yogurt label,PRODUCTS,PLANT BASED YOGURTS,Generic,,,,,#DIV/0!,#DIV/0!,0,0,0,0,,,,,,,,,,,,,,,,,,,,,,,,,Greek,,,,Oikos,,,,,,,,,,,,,
New,oikos triple zero vanilla greek yogurt,PRODUCTS,YOGURTS,Greek,,,,,#DIV/0!,#DIV/0!,0,0,0,0,,,,,,,,,,,,,,,,,,,,,,,,,Greek,Vanilla,,,Oikos,,,,,,,,,,,,,
New,oikos strawberry banana drink,PRODUCTS,YOGURT DRINKS,Yogurt drinks,,,,,#DIV/0!,#DIV/0!,0,0,0,0,,,,,,,,,,,,,,,,,,,,,,,,,,Banana,,,Oikos,,,,,,,,,,,,,
New,what is oikos pro,PRODUCTS,BRANDS,Danone - generic,,,,,#DIV/0!,#DIV/0!,0,0,0,0,,,,,,,,,,,,,,,,,,,,,,,,,,,,,Oikos,,,,,,,,,,,,,
New,oikos triple zero blended greek nonfat yogurt,PRODUCTS,YOGURTS,Greek,,,,,#DIV/0!,#DIV/0!,0,0,0,0,,,,,,,,,,,,,,,,,,,,,,,,,Greek,,,Fat,Oikos,,,,,,,,,,,,,
New,oikos sans sucre,PRODUCTS,BRANDS,Danone - generic,,,,,#DIV/0!,#DIV/0!,0,0,0,0,,,,,,,,,,,,,,,,,,,,,,,,,,,,Without,Oikos,,,,,,,,,,,,,
New,healthy greek yogurt brand,PRODUCTS,PLANT BASED YOGURTS,Generic,,,,,#DIV/0!,#DIV/0!,0,0,0,0,,,,,,,,,,,,,,,,,,,,,,,,,Greek,,,,,,,Healthy,,,,,,,,,,
New,lactose free greek yogurt nutrition,EATING BETTER,HEALTHIER EATING,Labels & scoring,,,,,#DIV/0!,#DIV/0!,0,0,0,0,,,,,,,,,,,,,,,,,,,,,,,,,Greek,,,Lactose,,,,,,,,,,,,,,
New,lemon lime yogurt,PRODUCTS,PLANT BASED YOGURTS,Generic,,,,,#DIV/0!,#DIV/0!,0,0,0,0,,,,,,,,,,,,,,,,,,,,,,,,,Yogurt,Lime,,,,,,,,,,,,,,,,
New,the healthiest yogurt,PRODUCTS,YOGURTS,Yogurts,,,,,#DIV/0!,#DIV/0!,0,0,0,0,,,,,,,,,,,,,,,,,,,,,,,,,Yogurt,,,,,,,Healthy,,,,,,,,,,
New,oikos pro flavors,PRODUCTS,BRANDS,Danone - generic,,,,,#DIV/0!,#DIV/0!,0,0,0,0,,,,,,,,,,,,,,,,,,,,,,,,,,,,,Oikos,,,,,,,,,,,,,
New,healthiest yoghurt,PRODUCTS,YOGURTS,Yogurts,,,,,#DIV/0!,#DIV/0!,0,0,0,0,,,,,,,,,,,,,,,,,,,,,,,,,Yogurt,,,,,,,Healthy,,,,,,,,,,
New,tasty protein snacks,PRODUCTS,PLANT BASED YOGURTS,Generic,,,,,#DIV/0!,#DIV/0!,0,0,0,0,,,,,,,,,,,,,,,,,,,,,,,,,,,,,,,,,,,,,,,,,,
New,yogourt lactose free,PRODUCTS,PLANT BASED YOGURTS,Generic,,,,,#DIV/0!,#DIV/0!,0,0,0,0,,,,,,,,,,,,,,,,,,,,,,,,,Yogurt,,,Lactose,,,,,,,,,,,,,,
New,chobani complete yogurt,PRODUCTS,PLANT BASED YOGURTS,Generic,,,,,#DIV/0!,#DIV/0!,0,0,0,0,,,,,,,,,,,,,,,,,,,,,,,,,Yogurt,,,,Chobani,,,,,,,,,,,,,
New,how many protein in greek yogurt,PRODUCTS,PLANT BASED YOGURTS,Generic,,,,,#DIV/0!,#DIV/0!,0,0,0,0,,,,,,,,,,,,,,,,,,,,,,,,,Greek,,,,,,,,,,,,,,,,,
New,what is the healthiest yoghurt,PRODUCTS,PLANT BASED YOGURTS,Generic,,,,,#DIV/0!,#DIV/0!,0,0,0,0,,,,,,,,,,,,,,,,,,,,,,,,,Yogurt,,,,,,,Healthy,,,,,,,,,,
New,best greek yogurt for carnivore diet,PRODUCTS,PLANT BASED YOGURTS,Generic,,,,,#DIV/0!,#DIV/0!,0,0,0,0,,,,,,,,,,,,,,,,,,,,,,,,,Greek,,,,,,,,Best,,,,,,,,,
New,greek yogurt extra protein,PRODUCTS,PLANT BASED YOGURTS,Generic,,,,,#DIV/0!,#DIV/0!,0,0,0,0,,,,,,,,,,,,,,,,,,,,,,,,,Greek,,,,,,,,,,,,,,,,,
New,high protein banana pudding greek yogurt,PRODUCTS,PLANT BASED YOGURTS,Generic,,,,,#DIV/0!,#DIV/0!,0,0,0,0,,,,,,,,,,,,,,,,,,,,,,,,,Greek,Banana,,,,,,Rich in protein,,,,,,,,,,
New,yaourt biologique,PRODUCTS,PLANT BASED YOGURTS,Generic,,,,,#DIV/0!,#DIV/0!,0,0,0,0,,,,,,,,,,,,,,,,,,,,,,,,,Yogurt,,,,,,,,,,,,,,,,,
New,oikos triple zero blended greek yogurt,PRODUCTS,YOGURTS,Greek,,,,,#DIV/0!,#DIV/0!,0,0,0,0,,,,,,,,,,,,,,,,,,,,,,,,,Greek,,,,Oikos,,,,,,,,,,,,,
New,0 percent greek yogurt,PRODUCTS,PLANT BASED YOGURTS,Generic,,,,,#DIV/0!,#DIV/0!,0,0,0,0,,,,,,,,,,,,,,,,,,,,,,,,,Greek,,,Without,,,,,,,,,,,,,,
New,oikos pro yogourt,PRODUCTS,BRANDS,Danone - generic,,,,,#DIV/0!,#DIV/0!,0,0,0,0,,,,,,,,,,,,,,,,,,,,,,,,,Yogurt,,,,Oikos,,,,,,,,,,,,,
New,how many calories in an oikos yogurt,EATING BETTER,HEALTHIER EATING,Labels & scoring,,,,,#DIV/0!,#DIV/0!,0,0,0,0,,,,,,,,,,,,,,,,,,,,,,,,,Yogurt,,,Calorie,Oikos,,,,,,,,,,,,,
New,light greek yogurt,PRODUCTS,PLANT BASED YOGURTS,Generic,,,,,#DIV/0!,#DIV/0!,0,0,0,0,,,,,,,,,,,,,,,,,,,,,,,,,Greek,,,,,,,Light,,,,,,,,,,
New,healthy drinkable yogurt,PRODUCTS,YOGURT DRINKS,Yogurt drinks,,,,,#DIV/0!,#DIV/0!,0,0,0,0,,,,,,,,,,,,,,,,,,,,,,,,,Yogurt,,,,,,,Healthy,,,,,,,,,,
New,where to buy oikos pro,PRODUCTS,BRANDS,Danone - generic,,,,,#DIV/0!,#DIV/0!,0,0,0,0,,,,,,,,,,,,,,,,,,,,,,,,,,,,,Oikos,,,,,,,,,,,,,
New,produits riches en protéines,PRODUCTS,PLANT BASED YOGURTS,Generic,,,,,#DIV/0!,#DIV/0!,0,0,0,0,,,,,,,,,,,,,,,,,,,,,,,,,,,,,,,,Rich in protein,,,,,,,,,,
New,high protein smoothie with greek yogurt,PRODUCTS,YOGURTS,Greek,,,,,#DIV/0!,#DIV/0!,0,0,0,0,,,,,,,,,,,,,,,,,,,,,,,,,Greek,,,,,,,Rich in protein,,,,,,,,,,
New,high fat greek yogurt canada,PRODUCTS,YOGURTS,Greek,,,,,#DIV/0!,#DIV/0!,0,0,0,0,,,,,,,,,,,,,,,,,,,,,,,,,Greek,,,Fat,,,,Rich in protein,,,,,,,,,,
New,low fat greek yogurt ingredients,HEALTH,COMPOSITION,Generic,,,,,#DIV/0!,#DIV/0!,0,0,0,0,,,,,,,,,,,,,,,,,,,,,,,,,Greek,,,Fat,,,,,,,,,,,,,,
New,greek yogurt calories oikos,EATING BETTER,HEALTHIER EATING,Labels & scoring,,,,,#DIV/0!,#DIV/0!,0,0,0,0,,,,,,,,,,,,,,,,,,,,,,,,,Greek,,,Calorie,Oikos,,,,,,,,,,,,,
New,okios ca,PRODUCTS,PLANT BASED YOGURTS,Generic,,,,,#DIV/0!,#DIV/0!,0,0,0,0,,,,,,,,,,,,,,,,,,,,,,,,,,,,,,,,,,,,,,,,,,
New,greek yogurt oikos plain,PRODUCTS,YOGURTS,Greek,,,,,#DIV/0!,#DIV/0!,0,0,0,0,,,,,,,,,,,,,,,,,,,,,,,,,Greek,Plain,,,Oikos,,,,,,,,,,,,,
New,is oikos pro greek yogurt,PRODUCTS,YOGURTS,Greek,,,,,#DIV/0!,#DIV/0!,0,0,0,0,,,,,,,,,,,,,,,,,,,,,,,,,Greek,,,,Oikos,,,,,,,,,,,,,
New,oikos cup,PRODUCTS,PLANT BASED YOGURTS,Generic,,,,,#DIV/0!,#DIV/0!,0,0,0,0,,,,,,,,,,,,,,,,,,,,,,,,,,,Cup,,Oikos,,,,,,,,,,,,,
FR,recette trempette legumes yogourt grec,RECIPES,RECIPES,Recipes with yogurt,,,,,#DIV/0!,#DIV/0!,0,0,0,0,,,,,,,,,,,,,,,,,,,,,,,,,Greek,,,,,,,,,,,,,,,,,
New,real yogurt,PRODUCTS,PLANT BASED YOGURTS,Generic,,,,,#DIV/0!,#DIV/0!,0,0,0,0,,,,,,,,,,,,,,,,,,,,,,,,,Yogurt,,,,,,,,,,,,,,,,,
New,oka yogurt,PRODUCTS,YOGURTS,Greek,,,,,#DIV/0!,#DIV/0!,0,0,0,0,,,,,,,,,,,,,,,,,,,,,,,,,Yogurt,,,,,,,,,,,,,,,,,
New,oikos a boire proteine,PRODUCTS,BRANDS,Danone - generic,,,,,#DIV/0!,#DIV/0!,0,0,0,0,,,,,,,,,,,,,,,,,,,,,,,,,,,,,Oikos,,,,,,,,,,,,,
New,low fat high protein greek yogurt,PRODUCTS,YOGURTS,Greek,,,,,#DIV/0!,#DIV/0!,0,0,0,0,,,,,,,,,,,,,,,,,,,,,,,,,Greek,,,Fat,,,,Rich in protein,,,,,,,,,,
New,oikos protein smoothies,PRODUCTS,PLANT BASED YOGURTS,Generic,,,,,#DIV/0!,#DIV/0!,0,0,0,0,,,,,,,,,,,,,,,,,,,,,,,,,,,,,Oikos,,,,,,,,,,,,,
New,easy pre workout meal,PRODUCTS,PLANT BASED YOGURTS,Generic,,,,,#DIV/0!,#DIV/0!,0,0,0,0,,,,,,,,,,,,,,,,,,,,,,,,,,,,,,,,,,,,,,,,,,
New,yogourt faible en gras,PRODUCTS,YOGURTS,Yogurts,,,,,#DIV/0!,#DIV/0!,0,0,0,0,,,,,,,,,,,,,,,,,,,,,,,,,Yogurt,,,,,,,,,,,,,,,,,
New,who makes lactose free yogurt,PRODUCTS,YOGURTS,Yogurts,,,,,#DIV/0!,#DIV/0!,0,0,0,0,,,,,,,,,,,,,,,,,,,,,,,,,Yogurt,,,Lactose,,,,,,,,,,,,,,
New,oikos 3 greek yogurt variety pack,PRODUCTS,YOGURTS,Greek,,,,,#DIV/0!,#DIV/0!,0,0,0,0,,,,,,,,,,,,,,,,,,,,,,,,,Greek,,,,Oikos,,,,,,,,,,,,,
New,yaourt grec valeur nutritionnelle,PRODUCTS,PLANT BASED YOGURTS,Generic,,,,,#DIV/0!,#DIV/0!,0,0,0,0,,,,,,,,,,,,,,,,,,,,,,,,,Yogurt,,,,,,,,,,,,,,,,,
New,oikos raspberry greek yogurt,PRODUCTS,PLANT BASED YOGURTS,Generic,,,,,#DIV/0!,#DIV/0!,0,0,0,0,,,,,,,,,,,,,,,,,,,,,,,,,Greek,Raspberry,,,Oikos,,,,,,,,,,,,,
FR,dessert yaourt grec,RECIPES,RECIPES,Recipes with yogurt,,,,,#DIV/0!,#DIV/0!,0,0,0,0,,,,,,,,,,,,,,,,,,,,,,,,,Greek,,,,,,,,,,Dessert,,,,,,,
New,is oikos,PRODUCTS,BRANDS,Danone - generic,,,,,#DIV/0!,#DIV/0!,0,0,0,0,,,,,,,,,,,,,,,,,,,,,,,,,,,,,Oikos,,,,,,,,,,,,,
New,best greek yogurt for low carb diet,PRODUCTS,PLANT BASED YOGURTS,Generic,,,,,#DIV/0!,#DIV/0!,0,0,0,0,,,,,,,,,,,,,,,,,,,,,,,,,Greek,,,,,,,,Best,,,,,,,,,
New,oikos greek yogurt company,PRODUCTS,PLANT BASED YOGURTS,Generic,,,,,#DIV/0!,#DIV/0!,0,0,0,0,,,,,,,,,,,,,,,,,,,,,,,,,Greek,,,,Oikos,,,,,,,,,,,,,
New,plain greek yogurt oikos nutrition,EATING BETTER,HEALTHIER EATING,Labels & scoring,,,,,#DIV/0!,#DIV/0!,0,0,0,0,,,,,,,,,,,,,,,,,,,,,,,,,Greek,Plain,,,Oikos,,,,,,,,,,,,,
New,oikos yogurt sugar,PRODUCTS,BRANDS,Danone - generic,,,,,#DIV/0!,#DIV/0!,0,0,0,0,,,,,,,,,,,,,,,,,,,,,,,,,Yogurt,,,Sugar,Oikos,,,,,,,,,,,,,
New,lactose free oikos yogurt,PRODUCTS,BRANDS,Danone - generic,,,,,#DIV/0!,#DIV/0!,0,0,0,0,,,,,,,,,,,,,,,,,,,,,,,,,Yogurt,,,Lactose,Oikos,,,,,,,,,,,,,
New,oikos triple zero vanilla yogurt,PRODUCTS,BRANDS,Danone - generic,,,,,#DIV/0!,#DIV/0!,0,0,0,0,,,,,,,,,,,,,,,,,,,,,,,,,Yogurt,Vanilla,,,Oikos,,,,,,,,,,,,,
New,oikos greek strawberry yogurt nutrition facts,EATING BETTER,HEALTHIER EATING,Labels & scoring,,,,,#DIV/0!,#DIV/0!,0,0,0,0,,,,,,,,,,,,,,,,,,,,,,,,,Greek,Strawberry,,,Oikos,,,,,,,,,,,,,
New,greek yogourt nutrition,PRODUCTS,PLANT BASED YOGURTS,Generic,,,,,#DIV/0!,#DIV/0!,0,0,0,0,,,,,,,,,,,,,,,,,,,,,,,,,Greek,,,,,,,,,,,,,,,,,
New,oikos chocolate,PRODUCTS,YOGURTS,Greek,,,,,#DIV/0!,#DIV/0!,0,0,0,0,,,,,,,,,,,,,,,,,,,,,,,,,,Chocolate,,,Oikos,,,,,,,,,,,,,
New,ways to use up greek yogurt,PRODUCTS,PLANT BASED YOGURTS,Generic,,,,,#DIV/0!,#DIV/0!,0,0,0,0,,,,,,,,,,,,,,,,,,,,,,,,,Greek,,,,,,,,,,,,,,,,,
New,what is oikos,PRODUCTS,PLANT BASED YOGURTS,Generic,,,,,#DIV/0!,#DIV/0!,0,0,0,0,,,,,,,,,,,,,,,,,,,,,,,,,,,,,Oikos,,,,,,,,,,,,,
New,1 cup of oikos vanilla greek yogurt,PRODUCTS,PLANT BASED YOGURTS,Generic,,,,,#DIV/0!,#DIV/0!,0,0,0,0,,,,,,,,,,,,,,,,,,,,,,,,,Greek,Vanilla,Cup,,Oikos,,,,,,,,,,,,,
New,oikos greek yogurt cherry nutrition facts,EATING BETTER,HEALTHIER EATING,Labels & scoring,,,,,#DIV/0!,#DIV/0!,0,0,0,0,,,,,,,,,,,,,,,,,,,,,,,,,Greek,Cherry,,,Oikos,,,,,,,,,,,,,
New,oikos organic greek yogurt,EATING BETTER,ORIGIN,Organic,,,,,#DIV/0!,#DIV/0!,0,0,0,0,,,,,,,,,,,,,,,,,,,,,,,,,Greek,,,,Oikos,,,,,Bio,,,,,,,,
New,oikos greek yogurt nutrition strawberry banana,EATING BETTER,HEALTHIER EATING,Labels & scoring,,,,,#DIV/0!,#DIV/0!,0,0,0,0,,,,,,,,,,,,,,,,,,,,,,,,,Greek,Banana,,,Oikos,,,,,,,,,,,,,
New,oikos yogurt macros,PRODUCTS,YOGURTS,Greek,,,,,#DIV/0!,#DIV/0!,0,0,0,0,,,,,,,,,,,,,,,,,,,,,,,,,Yogurt,,,,Oikos,,,,,,,,,,,,,
New,yogourt grec valeur nutritionnelle,EATING BETTER,HEALTHIER EATING,Labels & scoring,,,,,#DIV/0!,#DIV/0!,0,0,0,0,,,,,,,,,,,,,,,,,,,,,,,,,Yogurt,,,,,,,,,,,,,,,,,
New,oikos shake,PRODUCTS,YOGURTS,Greek,,,,,#DIV/0!,#DIV/0!,0,0,0,0,,,,,,,,,,,,,,,,,,,,,,,,,,,,,Oikos,,,,,,,,,,,,,
New,extra protein yogurt,PRODUCTS,PLANT BASED YOGURTS,Generic,,,,,#DIV/0!,#DIV/0!,0,0,0,0,,,,,,,,,,,,,,,,,,,,,,,,,Yogurt,,,,,,,,,,,,,,,,,
New,oikos greek yogurt plain calories,PRODUCTS,PLANT BASED YOGURTS,Generic,,,,,#DIV/0!,#DIV/0!,0,0,0,0,,,,,,,,,,,,,,,,,,,,,,,,,Greek,Plain,,Calorie,Oikos,,,,,,,,,,,,,
New,quel aliment contient proteine,PRODUCTS,PLANT BASED YOGURTS,Generic,,,,,#DIV/0!,#DIV/0!,0,0,0,0,,,,,,,,,,,,,,,,,,,,,,,,,,Lime,,,,,,,,,,,,,,,,
New,oikos pro yogurt cups,PRODUCTS,PLANT BASED YOGURTS,Generic,,,,,#DIV/0!,#DIV/0!,0,0,0,0,,,,,,,,,,,,,,,,,,,,,,,,,Yogurt,,Cup,,Oikos,,,,,,,,,,,,,
New,oikos greek yogurt high protein plain,PRODUCTS,YOGURTS,Greek,,,,,#DIV/0!,#DIV/0!,0,0,0,0,,,,,,,,,,,,,,,,,,,,,,,,,Greek,Plain,,,Oikos,,,Rich in protein,,,,,,,,,,
New,what has the highest amount of protein,PRODUCTS,PLANT BASED YOGURTS,Generic,,,,,#DIV/0!,#DIV/0!,0,0,0,0,,,,,,,,,,,,,,,,,,,,,,,,,,,,,,,,Rich in protein,,,,,,,,,,
New,what is the best greek yogurt for weight loss,PRODUCTS,PLANT BASED YOGURTS,Generic,,,,,#DIV/0!,#DIV/0!,0,0,0,0,,,,,,,,,,,,,,,,,,,,,,,,,Greek,,,,,,,,Best,,,,,,,,,
New,best low fat yogurt canada,PRODUCTS,YOGURTS,Yogurts,,,,,#DIV/0!,#DIV/0!,0,0,0,0,,,,,,,,,,,,,,,,,,,,,,,,,Yogurt,,,Fat,,,,,Best,,,,,,,,,
New,oikos pro yogurt vanilla,PRODUCTS,BRANDS,Danone - generic,,,,,#DIV/0!,#DIV/0!,0,0,0,0,,,,,,,,,,,,,,,,,,,,,,,,,Yogurt,Vanilla,,,Oikos,,,,,,,,,,,,,
New,greek yoghurt lactose free,PRODUCTS,PLANT BASED YOGURTS,Generic,,,,,#DIV/0!,#DIV/0!,0,0,0,0,,,,,,,,,,,,,,,,,,,,,,,,,Greek,,,Lactose,,,,,,,,,,,,,,
New,greek yogurt calories and protein,PRODUCTS,PLANT BASED YOGURTS,Generic,,,,,#DIV/0!,#DIV/0!,0,0,0,0,,,,,,,,,,,,,,,,,,,,,,,,,Greek,,,Calorie,,,,,,,,,,,,,,
New,best yogurt drinks,PRODUCTS,PLANT BASED YOGURTS,Generic,,,,,#DIV/0!,#DIV/0!,0,0,0,0,,,,,,,,,,,,,,,,,,,,,,,,,Yogurt,,,,,,,,Best,,,,,,,,,
New,proteine pour petit dejeuner,PRODUCTS,PLANT BASED YOGURTS,Generic,,,,,#DIV/0!,#DIV/0!,0,0,0,0,,,,,,,,,,,,,,,,,,,,,,,,,,,,,,,,,,,,,,,,,,
New,oikos dairy free yogurt,PRODUCTS,BRANDS,Danone - generic,,,,,#DIV/0!,#DIV/0!,0,0,0,0,,,,,,,,,,,,,,,,,,,,,,,,,Yogurt,,,Dairy,Oikos,,,,,,,,,,,,,
New,yogourt grec gras,PRODUCTS,YOGURTS,Greek,,,,,#DIV/0!,#DIV/0!,0,0,0,0,,,,,,,,,,,,,,,,,,,,,,,,,Yogurt,,,,,,,,,,,,,,,,,
New,best drinkable yogurt,PRODUCTS,YOGURT DRINKS,Yogurt drinks,,,,,#DIV/0!,#DIV/0!,0,0,0,0,,,,,,,,,,,,,,,,,,,,,,,,,Yogurt,,,,,,,,Best,,,,,,,,,
New,oikos ca,PRODUCTS,BRANDS,Danone - generic,,,,,#DIV/0!,#DIV/0!,0,0,0,0,,,,,,,,,,,,,,,,,,,,,,,,,,,,,Oikos,,,,,,,,,,,,,
New,oikos blended,PRODUCTS,BRANDS,Danone - generic,,,,,#DIV/0!,#DIV/0!,0,0,0,0,,,,,,,,,,,,,,,,,,,,,,,,,,,,,Oikos,,,,,,,,,,,,,
New,oikos pro 25g protein yogurt,PRODUCTS,YOGURTS,Yogurts,,,,,#DIV/0!,#DIV/0!,0,0,0,0,,,,,,,,,,,,,,,,,,,,,,,,,Yogurt,,Gram,,Oikos,,,,,,,,,,,,,
New,oikos pro shake,PRODUCTS,BRANDS,Danone - generic,,,,,#DIV/0!,#DIV/0!,0,0,0,0,,,,,,,,,,,,,,,,,,,,,,,,,,,,,Oikos,,,,,,,,,,,,,
New,oikos protein smoothie,PRODUCTS,PLANT BASED YOGURTS,Generic,,,,,#DIV/0!,#DIV/0!,0,0,0,0,,,,,,,,,,,,,,,,,,,,,,,,,,,,,Oikos,,,,,,,,,,,,,
New,drinkable yogurt protein,PRODUCTS,PLANT BASED YOGURTS,Generic,,,,,#DIV/0!,#DIV/0!,0,0,0,0,,,,,,,,,,,,,,,,,,,,,,,,,Yogurt,,,,,,,,,,,,,,,,,
New,yogourt grec sans lactose valeur nutritive,EATING BETTER,HEALTHIER EATING,Labels & scoring,,,,,#DIV/0!,#DIV/0!,0,0,0,0,,,,,,,,,,,,,,,,,,,,,,,,,Yogurt,,,Lactose,,,,,,,,,,,,,,
New,oikos pro yogurt strawberry,PRODUCTS,BRANDS,Danone - generic,,,,,#DIV/0!,#DIV/0!,0,0,0,0,,,,,,,,,,,,,,,,,,,,,,,,,Yogurt,Strawberry,,,Oikos,,,,,,,,,,,,,
New,best greek yogurt for weight loss canada,PRODUCTS,YOGURTS,Greek,,,,,#DIV/0!,#DIV/0!,0,0,0,0,,,,,,,,,,,,,,,,,,,,,,,,,Greek,,,,,,,,Best,,,,,,,,,
New,valeur nutritive yogourt grec nature,EATING BETTER,HEALTHIER EATING,Labels & scoring,,,,,#DIV/0!,#DIV/0!,0,0,0,0,,,,,,,,,,,,,,,,,,,,,,,,,Yogurt,Plain,,,,,,,,,,,,,,,,
New,oikos protein strawberry yogurt,PRODUCTS,BRANDS,Danone - generic,,,,,#DIV/0!,#DIV/0!,0,0,0,0,,,,,,,,,,,,,,,,,,,,,,,,,Yogurt,Strawberry,,,Oikos,,,,,,,,,,,,,
New,oikos peach yogurt calories,EATING BETTER,HEALTHIER EATING,Labels & scoring,,,,,#DIV/0!,#DIV/0!,0,0,0,0,,,,,,,,,,,,,,,,,,,,,,,,,Yogurt,,,Calorie,Oikos,,,,,,,,,,,,,
New,oikos vanilla protein yogurt nutrition facts,PRODUCTS,PLANT BASED YOGURTS,Generic,,,,,#DIV/0!,#DIV/0!,0,0,0,0,,,,,,,,,,,,,,,,,,,,,,,,,Yogurt,Vanilla,,,Oikos,,,,,,,,,,,,,
New,yogourt grec ingredient,HEALTH,COMPOSITION,Generic,,,,,#DIV/0!,#DIV/0!,0,0,0,0,,,,,,,,,,,,,,,,,,,,,,,,,Yogurt,,,,,,,,,,,,,,,,,
New,yoghurt greek,PRODUCTS,PLANT BASED YOGURTS,Generic,,,,,#DIV/0!,#DIV/0!,0,0,0,0,,,,,,,,,,,,,,,,,,,,,,,,,Greek,,,,,,,,,,,,,,,,,
New,key lime oikos yogurt,PRODUCTS,BRANDS,Danone - generic,,,,,#DIV/0!,#DIV/0!,0,0,0,0,,,,,,,,,,,,,,,,,,,,,,,,,Yogurt,Lime,,,Oikos,,,,,,,,,,,,,
New,yogurt non dairy,PRODUCTS,YOGURTS,Yogurts,,,,,#DIV/0!,#DIV/0!,0,0,0,0,,,,,,,,,,,,,,,,,,,,,,,,,Yogurt,,,Dairy,,,,,,,,,,,,,,
New,best non fat greek yogurt,PRODUCTS,YOGURTS,Greek,,,,,#DIV/0!,#DIV/0!,0,0,0,0,,,,,,,,,,,,,,,,,,,,,,,,,Greek,,,Fat,,,,,Best,,,,,,,,,
New,greek non fat yogurt,PRODUCTS,PLANT BASED YOGURTS,Generic,,,,,#DIV/0!,#DIV/0!,0,0,0,0,,,,,,,,,,,,,,,,,,,,,,,,,Greek,,,Fat,,,,,,,,,,,,,,
New,iogurte proteico,PRODUCTS,PLANT BASED YOGURTS,Generic,,,,,#DIV/0!,#DIV/0!,0,0,0,0,,,,,,,,,,,,,,,,,,,,,,,,,,,,,,,,,,,,,,,,,,
New,new oikos yogurt,PRODUCTS,YOGURTS,Yogurts,,,,,#DIV/0!,#DIV/0!,0,0,0,0,,,,,,,,,,,,,,,,,,,,,,,,,Yogurt,,,,Oikos,,,,,,,,,,,,,
FR,quoi faire avec yogourt grec nature,PRODUCTS,YOGURTS,Greek,,,,,#DIV/0!,#DIV/0!,0,0,0,0,,,,,,,,,,,,,,,,,,,,,,,,What,Greek,Plain,,,,,,,,,,,,,,,,
New,oikos strawberry yogurt ingredients,HEALTH,COMPOSITION,Generic,,,,,#DIV/0!,#DIV/0!,0,0,0,0,,,,,,,,,,,,,,,,,,,,,,,,,Yogurt,Strawberry,,,Oikos,,,,,,,,,,,,,
New,1 4 cup plain greek yogurt protein,PRODUCTS,PLANT BASED YOGURTS,Generic,,,,,#DIV/0!,#DIV/0!,0,0,0,0,,,,,,,,,,,,,,,,,,,,,,,,,Greek,Plain,Cup,,,,,,,,,,,,,,,
New,greek yogurt no lactose,PRODUCTS,PLANT BASED YOGURTS,Generic,,,,,#DIV/0!,#DIV/0!,0,0,0,0,,,,,,,,,,,,,,,,,,,,,,,,,Greek,,,Lactose,,,,,,,,,,,,,,
New,oikos triple zero nutrition facts,PRODUCTS,PLANT BASED YOGURTS,Generic,,,,,#DIV/0!,#DIV/0!,0,0,0,0,,,,,,,,,,,,,,,,,,,,,,,,,,,,,Oikos,,,,,,,,,,,,,
New,which yogurt has no sugar,PRODUCTS,YOGURTS,Yogurts,,,,,#DIV/0!,#DIV/0!,0,0,0,0,,,,,,,,,,,,,,,,,,,,,,,,,Yogurt,,,Sugar,,,,Sugar-free,,,,,,,,,,
New,best organic greek yogurt,EATING BETTER,ORIGIN,Organic,,,,,#DIV/0!,#DIV/0!,0,0,0,0,,,,,,,,,,,,,,,,,,,,,,,,,Greek,,,,,,,,Best,Bio,,,,,,,,
New,chocolate oikos,PRODUCTS,PLANT BASED YOGURTS,Generic,,,,,#DIV/0!,#DIV/0!,0,0,0,0,,,,,,,,,,,,,,,,,,,,,,,,,,Chocolate,,,Oikos,,,,,,,,,,,,,
New,oikos 000,PRODUCTS,BRANDS,Danone - generic,,,,,#DIV/0!,#DIV/0!,0,0,0,0,,,,,,,,,,,,,,,,,,,,,,,,,,,,Without,Oikos,,,,,,,,,,,,,
New,oikos protein yogurt pro,PRODUCTS,BRANDS,Danone - generic,,,,,#DIV/0!,#DIV/0!,0,0,0,0,,,,,,,,,,,,,,,,,,,,,,,,,Yogurt,,,,Oikos,,,,,,,,,,,,,
New,greek yogurt oikos pro,PRODUCTS,PLANT BASED YOGURTS,Generic,,,,,#DIV/0!,#DIV/0!,0,0,0,0,,,,,,,,,,,,,,,,,,,,,,,,,Greek,,,,Oikos,,,,,,,,,,,,,
New,proteines yaourt grec,PRODUCTS,PLANT BASED YOGURTS,Generic,,,,,#DIV/0!,#DIV/0!,0,0,0,0,,,,,,,,,,,,,,,,,,,,,,,,,Yogurt,,,,,,,,,,,,,,,,,
New,yogourt grec 10,PRODUCTS,PLANT BASED YOGURTS,Generic,,,,,#DIV/0!,#DIV/0!,0,0,0,0,,,,,,,,,,,,,,,,,,,,,,,,,Yogurt,,,Without,,,,,,,,,,,,,,
New,vanilla greek yogurt ingredients,HEALTH,COMPOSITION,Generic,,,,,#DIV/0!,#DIV/0!,0,0,0,0,,,,,,,,,,,,,,,,,,,,,,,,,Greek,Vanilla,,,,,,,,,,,,,,,,
New,plain greek yogurt 2,PRODUCTS,PLANT BASED YOGURTS,Generic,,,,,#DIV/0!,#DIV/0!,0,0,0,0,,,,,,,,,,,,,,,,,,,,,,,,,Greek,Plain,,,,,,,,,,,,,,,,
New,yaourt grec probiotique,PRODUCTS,PLANT BASED YOGURTS,Generic,,,,,#DIV/0!,#DIV/0!,0,0,0,0,,,,,,,,,,,,,,,,,,,,,,,,,Yogurt,,,Probiotic,,,,,,,,,,,,,,
New,eat greek yogurt,PRODUCTS,PLANT BASED YOGURTS,Generic,,,,,#DIV/0!,#DIV/0!,0,0,0,0,,,,,,,,,,,,,,,,,,,,,,,,,Greek,,,,,,,,,,,,,,,,,
New,calories in oikos vanilla yogurt,PRODUCTS,PLANT BASED YOGURTS,Generic,,,,,#DIV/0!,#DIV/0!,0,0,0,0,,,,,,,,,,,,,,,,,,,,,,,,,Yogurt,Vanilla,,Calorie,Oikos,,,,,,,,,,,,,
New,how to use up plain greek yogurt,PRODUCTS,PLANT BASED YOGURTS,Generic,,,,,#DIV/0!,#DIV/0!,0,0,0,0,,,,,,,,,,,,,,,,,,,,,,,,,Greek,Plain,,,,,,,,,,,,,,,,
New,alimentation a base de proteine,PRODUCTS,PLANT BASED YOGURTS,Generic,,,,,#DIV/0!,#DIV/0!,0,0,0,0,,,,,,,,,,,,,,,,,,,,,,,,,,Lime,,,,,,,,,,,,,,,,
New,oikos protein yogurt nutrition,PRODUCTS,PLANT BASED YOGURTS,Generic,,,,,#DIV/0!,#DIV/0!,0,0,0,0,,,,,,,,,,,,,,,,,,,,,,,,,Yogurt,,,,Oikos,,,,,,,,,,,,,
New,what can i make with greek yoghurt,PRODUCTS,YOGURTS,Greek,,,,,#DIV/0!,#DIV/0!,0,0,0,0,,,,,,,,,,,,,,,,,,,,,,,,,Greek,,,,,,,,,,,,,,,,,
New,oikos greek yogurt nutrition plain,EATING BETTER,HEALTHIER EATING,Labels & scoring,,,,,#DIV/0!,#DIV/0!,0,0,0,0,,,,,,,,,,,,,,,,,,,,,,,,,Greek,Plain,,,Oikos,,,,,,,,,,,,,
New,3 4 cup greek yogurt nutrition facts,PRODUCTS,PLANT BASED YOGURTS,Generic,,,,,#DIV/0!,#DIV/0!,0,0,0,0,,,,,,,,,,,,,,,,,,,,,,,,,Greek,,Cup,,,,,,,,,,,,,,,
New,oko yogurt,PRODUCTS,YOGURTS,Greek,,,,,#DIV/0!,#DIV/0!,0,0,0,0,,,,,,,,,,,,,,,,,,,,,,,,,Yogurt,,,,,,,,,,,,,,,,,
New,non cow milk yogurt,PRODUCTS,PLANT BASED YOGURTS,Generic,,,,,#DIV/0!,#DIV/0!,0,0,0,0,,,,,,,,,,,,,,,,,,,,,,,,,Yogurt,,,Milk,,,,,,,,,,,,,,
New,oikos yogurt grec,PRODUCTS,PLANT BASED YOGURTS,Generic,,,,,#DIV/0!,#DIV/0!,0,0,0,0,,,,,,,,,,,,,,,,,,,,,,,,,Yogurt,,,,Oikos,,,,,,,,,,,,,
New,flavoured yogurt without sugar,PRODUCTS,PLANT BASED YOGURTS,Generic,,,,,#DIV/0!,#DIV/0!,0,0,0,0,,,,,,,,,,,,,,,,,,,,,,,,,Yogurt,,,Sugar,,,,,,,,,,,,,,
New,greek yogurt protein nutrition facts,PRODUCTS,PLANT BASED YOGURTS,Generic,,,,,#DIV/0!,#DIV/0!,0,0,0,0,,,,,,,,,,,,,,,,,,,,,,,,,Greek,,,,,,,,,,,,,,,,,
New,less sugar greek yogurt,PRODUCTS,PLANT BASED YOGURTS,Generic,,,,,#DIV/0!,#DIV/0!,0,0,0,0,,,,,,,,,,,,,,,,,,,,,,,,,Greek,,,Sugar,,,,,,,,,,,,,,
New,why is yoghurt good for you,PRODUCTS,PLANT BASED YOGURTS,Generic,,,,,#DIV/0!,#DIV/0!,0,0,0,0,,,,,,,,,,,,,,,,,,,,,,,,,Yogurt,,,,,,,,Good or bad,,,,,,,,,
New,oikos cherry yogurt calories,EATING BETTER,HEALTHIER EATING,Labels & scoring,,,,,#DIV/0!,#DIV/0!,0,0,0,0,,,,,,,,,,,,,,,,,,,,,,,,,Yogurt,Cherry,,Calorie,Oikos,,,,,,,,,,,,,
New,the best yogurt to eat,PRODUCTS,YOGURTS,Yogurts,,,,,#DIV/0!,#DIV/0!,0,0,0,0,,,,,,,,,,,,,,,,,,,,,,,,,Yogurt,,,,,,,,Best,,,,,,,,,
New,oikos probiotic content,PRODUCTS,PLANT BASED YOGURTS,Generic,,,,,#DIV/0!,#DIV/0!,0,0,0,0,,,,,,,,,,,,,,,,,,,,,,,,,,,,,Oikos,,,,,,,,,,,,,
New,high protein foods morning,PRODUCTS,PLANT BASED YOGURTS,Generic,,,,,#DIV/0!,#DIV/0!,0,0,0,0,,,,,,,,,,,,,,,,,,,,,,,,,,,,,,,,Rich in protein,,,,,,,,,,
New,sugar free oikos,PRODUCTS,BRANDS,Danone - generic,,,,,#DIV/0!,#DIV/0!,0,0,0,0,,,,,,,,,,,,,,,,,,,,,,,,,,,,Sugar,Oikos,,,,,,,,,,,,,
New,protein rich easy breakfast,PRODUCTS,PLANT BASED YOGURTS,Generic,,,,,#DIV/0!,#DIV/0!,0,0,0,0,,,,,,,,,,,,,,,,,,,,,,,,,,,,,,,,Rich in protein,,,,,,,,,,
New,oikos pro yogurt drinks,PRODUCTS,YOGURT DRINKS,Yogurt drinks,,,,,#DIV/0!,#DIV/0!,0,0,0,0,,,,,,,,,,,,,,,,,,,,,,,,,Yogurt,,,,Oikos,,,,,,,,,,,,,
New,protein yogurt cup,PRODUCTS,PLANT BASED YOGURTS,Generic,,,,,#DIV/0!,#DIV/0!,0,0,0,0,,,,,,,,,,,,,,,,,,,,,,,,,Yogurt,,Cup,,,,,,,,,,,,,,,
FR,oikos customer service,PRODUCTS,BRANDS,Danone - generic,,,,,#DIV/0!,#DIV/0!,0,0,0,0,,,,,,,,,,,,,,,,,,,,,,,,,,,,,Oikos,,,,,,,,,,,,,
New,oikos cup nutrition facts,EATING BETTER,HEALTHIER EATING,Labels & scoring,,,,,#DIV/0!,#DIV/0!,0,0,0,0,,,,,,,,,,,,,,,,,,,,,,,,,,,Cup,,Oikos,,,,,,,,,,,,,
New,what is the best protein yogurt,PRODUCTS,YOGURTS,Yogurts,,,,,#DIV/0!,#DIV/0!,0,0,0,0,,,,,,,,,,,,,,,,,,,,,,,,,Yogurt,,,,,,,,Best,,,,,,,,,
New,whole milk greek yogurt nutrition,PRODUCTS,PLANT BASED YOGURTS,Generic,,,,,#DIV/0!,#DIV/0!,0,0,0,0,,,,,,,,,,,,,,,,,,,,,,,,,Greek,,,Milk,,,,,,,,,,,,,,
New,yaourt nature 0,PRODUCTS,PLANT BASED YOGURTS,Generic,,,,,#DIV/0!,#DIV/0!,0,0,0,0,,,,,,,,,,,,,,,,,,,,,,,,,Yogurt,Plain,,Without,,,,,,,,,,,,,,
New,oaki yogurt,PRODUCTS,PLANT BASED YOGURTS,Generic,,,,,#DIV/0!,#DIV/0!,0,0,0,0,,,,,,,,,,,,,,,,,,,,,,,,,Yogurt,,,,,,,,,,,,,,,,,
New,oikos pro drink pack,PRODUCTS,YOGURT DRINKS,Yogurt drinks,,,,,#DIV/0!,#DIV/0!,0,0,0,0,,,,,,,,,,,,,,,,,,,,,,,,,,,,,Oikos,,,,,,,,,,,,,
New,high protein low carb yogurt bowl,PRODUCTS,YOGURTS,Yogurts,,,,,#DIV/0!,#DIV/0!,0,0,0,0,,,,,,,,,,,,,,,,,,,,,,,,,Yogurt,,,,,,,Rich in protein,,,,,,,,,,
New,oikos yogurt pro drink,PRODUCTS,YOGURT DRINKS,Yogurt drinks,,,,,#DIV/0!,#DIV/0!,0,0,0,0,,,,,,,,,,,,,,,,,,,,,,,,,Yogurt,,,,Oikos,,,,,,,,,,,,,
New,oikos triple zero yogurt nutrition,PRODUCTS,PLANT BASED YOGURTS,Generic,,,,,#DIV/0!,#DIV/0!,0,0,0,0,,,,,,,,,,,,,,,,,,,,,,,,,Yogurt,,,,Oikos,,,,,,,,,,,,,
New,protein and calories in greek yogurt,PRODUCTS,PLANT BASED YOGURTS,Generic,,,,,#DIV/0!,#DIV/0!,0,0,0,0,,,,,,,,,,,,,,,,,,,,,,,,,Greek,,,Calorie,,,,,,,,,,,,,,
New,greek yogurt without sugar or artificial sweeteners,PRODUCTS,YOGURTS,Greek,,,,,#DIV/0!,#DIV/0!,0,0,0,0,,,,,,,,,,,,,,,,,,,,,,,,,Greek,,,Sugar,,,,,,,,,,,,,,
New,plain greek yogurt low carb,PRODUCTS,YOGURTS,Greek,,,,,#DIV/0!,#DIV/0!,0,0,0,0,,,,,,,,,,,,,,,,,,,,,,,,,Greek,Plain,,,,,,,,,,,,,,,,
FR,oikos english,PRODUCTS,BRANDS,Danone - generic,,,,,#DIV/0!,#DIV/0!,0,0,0,0,,,,,,,,,,,,,,,,,,,,,,,,,,,,,Oikos,,,,,,,,,,,,,
New,greek yogurt best for weight loss,PRODUCTS,PLANT BASED YOGURTS,Generic,,,,,#DIV/0!,#DIV/0!,0,0,0,0,,,,,,,,,,,,,,,,,,,,,,,,,Greek,,,,,,,,Best,,,,,,,,,
New,yogurt drink with protein,PRODUCTS,PLANT BASED YOGURTS,Generic,,,,,#DIV/0!,#DIV/0!,0,0,0,0,,,,,,,,,,,,,,,,,,,,,,,,,Yogurt,,,,,,,,,,,,,,,,,
New,best unsweetened yogurt,PRODUCTS,PLANT BASED YOGURTS,Generic,,,,,#DIV/0!,#DIV/0!,0,0,0,0,,,,,,,,,,,,,,,,,,,,,,,,,Yogurt,,,,,,,,Best,,,,,,,,,
New,kios yogurt,PRODUCTS,YOGURTS,Greek,,,,,#DIV/0!,#DIV/0!,0,0,0,0,,,,,,,,,,,,,,,,,,,,,,,,,Yogurt,,,,,,,,,,,,,,,,,
New,plain nonfat greek yogurt nutrition,PRODUCTS,PLANT BASED YOGURTS,Generic,,,,,#DIV/0!,#DIV/0!,0,0,0,0,,,,,,,,,,,,,,,,,,,,,,,,,Greek,Plain,,Fat,,,,,,,,,,,,,,
New,oikos chocolate greek yogurt,PRODUCTS,PLANT BASED YOGURTS,Generic,,,,,#DIV/0!,#DIV/0!,0,0,0,0,,,,,,,,,,,,,,,,,,,,,,,,,Greek,Chocolate,,,Oikos,,,,,,,,,,,,,
New,yogurt oikos plain,PRODUCTS,PLANT BASED YOGURTS,Generic,,,,,#DIV/0!,#DIV/0!,0,0,0,0,,,,,,,,,,,,,,,,,,,,,,,,,Yogurt,Plain,,,Oikos,,,,,,,,,,,,,
New,yaourt sans lait,PRODUCTS,PLANT BASED YOGURTS,Generic,,,,,#DIV/0!,#DIV/0!,0,0,0,0,,,,,,,,,,,,,,,,,,,,,,,,,Yogurt,,,Without,,,,,,,,,,,,,,
New,protein shake oikos,PRODUCTS,PLANT BASED YOGURTS,Generic,,,,,#DIV/0!,#DIV/0!,0,0,0,0,,,,,,,,,,,,,,,,,,,,,,,,,,,,,Oikos,,,,,,,,,,,,,
New,oikos greek triple zero,PRODUCTS,YOGURTS,Greek,,,,,#DIV/0!,#DIV/0!,0,0,0,0,,,,,,,,,,,,,,,,,,,,,,,,,Greek,,,,Oikos,,,,,,,,,,,,,
New,oikos low fat greek yogurt nutrition,PRODUCTS,PLANT BASED YOGURTS,Generic,,,,,#DIV/0!,#DIV/0!,0,0,0,0,,,,,,,,,,,,,,,,,,,,,,,,,Greek,,,Fat,Oikos,,,,,,,,,,,,,
New,high protein meals after workout,PRODUCTS,PLANT BASED YOGURTS,Generic,,,,,#DIV/0!,#DIV/0!,0,0,0,0,,,,,,,,,,,,,,,,,,,,,,,,,,,,,,,,Rich in protein,,,,,,,,,,
New,is greek yogurt a source of protein,PRODUCTS,PLANT BASED YOGURTS,Generic,,,,,#DIV/0!,#DIV/0!,0,0,0,0,,,,,,,,,,,,,,,,,,,,,,,,,Greek,,,,,,,,,,,,,,,,,
New,yaourt avec proteine,PRODUCTS,PLANT BASED YOGURTS,Generic,,,,,#DIV/0!,#DIV/0!,0,0,0,0,,,,,,,,,,,,,,,,,,,,,,,,,Yogurt,,,,,,,,,,,,,,,,,
New,kinds of yogurt brands,PRODUCTS,PLANT BASED YOGURTS,Generic,,,,,#DIV/0!,#DIV/0!,0,0,0,0,,,,,,,,,,,,,,,,,,,,,,,,,Yogurt,,,,,,,,,,,,,,,,,
New,protein in 0 fat greek yogurt,PRODUCTS,PLANT BASED YOGURTS,Generic,,,,,#DIV/0!,#DIV/0!,0,0,0,0,,,,,,,,,,,,,,,,,,,,,,,,,Greek,,,Fat,,,,Fat-free,,,,,,,,,,
New,yogurt no milk,PRODUCTS,PLANT BASED YOGURTS,Generic,,,,,#DIV/0!,#DIV/0!,0,0,0,0,,,,,,,,,,,,,,,,,,,,,,,,,Yogurt,,,Milk,,,,,,,,,,,,,,
New,oikos fat free,PRODUCTS,PLANT BASED YOGURTS,Generic,,,,,#DIV/0!,#DIV/0!,0,0,0,0,,,,,,,,,,,,,,,,,,,,,,,,,,,,Fat,Oikos,,,Fat-free,,,,,,,,,,
New,how much calcium in oikos yogurt,PRODUCTS,PLANT BASED YOGURTS,Generic,,,,,#DIV/0!,#DIV/0!,0,0,0,0,,,,,,,,,,,,,,,,,,,,,,,,,Yogurt,,,Calcium,Oikos,,,,,,,,,,,,,
New,oikos ingredients list,HEALTH,COMPOSITION,Generic,,,,,#DIV/0!,#DIV/0!,0,0,0,0,,,,,,,,,,,,,,,,,,,,,,,,,,,,,Oikos,,,,,,,,,,,,,
New,oikos 0 fat,PRODUCTS,BRANDS,Yogurts,,,,,#DIV/0!,#DIV/0!,0,0,0,0,,,,,,,,,,,,,,,,,,,,,,,,,,,,Fat,Oikos,,,Fat-free,,,,,,,,,,
New,banana yogurt oikos,PRODUCTS,PLANT BASED YOGURTS,Generic,,,,,#DIV/0!,#DIV/0!,0,0,0,0,,,,,,,,,,,,,,,,,,,,,,,,,Yogurt,Banana,,,Oikos,,,,,,,,,,,,,
New,get pro yoghurt,PRODUCTS,PLANT BASED YOGURTS,Generic,,,,,#DIV/0!,#DIV/0!,0,0,0,0,,,,,,,,,,,,,,,,,,,,,,,,,Yogurt,,,,,,,,,,,,,,,,,
New,oikos zero vanilla,PRODUCTS,PLANT BASED YOGURTS,Generic,,,,,#DIV/0!,#DIV/0!,0,0,0,0,,,,,,,,,,,,,,,,,,,,,,,,,,Vanilla,,,Oikos,,,,,,,,,,,,,
New,what are the ingredients in oikos greek yogurt,HEALTH,COMPOSITION,Generic,,,,,#DIV/0!,#DIV/0!,0,0,0,0,,,,,,,,,,,,,,,,,,,,,,,,,Greek,,,,Oikos,,,,,,,,,,,,,
New,low calorie protein yogurt,EATING BETTER,HEALTHIER EATING,Labels & scoring,,,,,#DIV/0!,#DIV/0!,0,0,0,0,,,,,,,,,,,,,,,,,,,,,,,,,Yogurt,,,Calorie,,,,,,,,,,,,,,
New,oikos live cultures,PRODUCTS,PLANT BASED YOGURTS,Generic,,,,,#DIV/0!,#DIV/0!,0,0,0,0,,,,,,,,,,,,,,,,,,,,,,,,,,,,,Oikos,,,,,,,,,,,,,
New,oikos triple zero greek yogurt nutrition label,PRODUCTS,PLANT BASED YOGURTS,Generic,,,,,#DIV/0!,#DIV/0!,0,0,0,0,,,,,,,,,,,,,,,,,,,,,,,,,Greek,,,,Oikos,,,,,,,,,,,,,
New,oikos natural greek yogurt,PRODUCTS,PLANT BASED YOGURTS,Generic,,,,,#DIV/0!,#DIV/0!,0,0,0,0,,,,,,,,,,,,,,,,,,,,,,,,,Greek,,,,Oikos,,,,,,,,,,,,,
New,oikos fat free yogurt,PRODUCTS,YOGURTS,Greek,,,,,#DIV/0!,#DIV/0!,0,0,0,0,,,,,,,,,,,,,,,,,,,,,,,,,Yogurt,,,Fat,Oikos,,,Fat-free,,,,,,,,,,
New,oikos greek yogurt coconut nutrition,EATING BETTER,HEALTHIER EATING,Labels & scoring,,,,,#DIV/0!,#DIV/0!,0,0,0,0,,,,,,,,,,,,,,,,,,,,,,,,,Greek,Coconut,,,Oikos,,,,,,,,,,,,,
New,plain yogurt high protein,PRODUCTS,PLANT BASED YOGURTS,Generic,,,,,#DIV/0!,#DIV/0!,0,0,0,0,,,,,,,,,,,,,,,,,,,,,,,,,Yogurt,Plain,,,,,,Rich in protein,,,,,,,,,,
New,yogurt brand oikos,PRODUCTS,PLANT BASED YOGURTS,Generic,,,,,#DIV/0!,#DIV/0!,0,0,0,0,,,,,,,,,,,,,,,,,,,,,,,,,Yogurt,,,,Oikos,,,,,,,,,,,,,
New,oikos key lime greek yogurt ingredients,PRODUCTS,PLANT BASED YOGURTS,Generic,,,,,#DIV/0!,#DIV/0!,0,0,0,0,,,,,,,,,,,,,,,,,,,,,,,,,Greek,Lime,,,Oikos,,,,,,,,,,,,,
New,yogourt high protein,PRODUCTS,PLANT BASED YOGURTS,Generic,,,,,#DIV/0!,#DIV/0!,0,0,0,0,,,,,,,,,,,,,,,,,,,,,,,,,Yogurt,,,,,,,Rich in protein,,,,,,,,,,
New,plain greek yogurt fat content,PRODUCTS,PLANT BASED YOGURTS,Generic,,,,,#DIV/0!,#DIV/0!,0,0,0,0,,,,,,,,,,,,,,,,,,,,,,,,,Greek,Plain,,Fat,,,,,,,,,,,,,,
New,best low calorie high protein yogurt,PRODUCTS,PLANT BASED YOGURTS,Generic,,,,,#DIV/0!,#DIV/0!,0,0,0,0,,,,,,,,,,,,,,,,,,,,,,,,,Yogurt,,,Calorie,,,,Rich in protein,Best,,,,,,,,,
New,what are the ingredients in greek yogurt,HEALTH,COMPOSITION,Generic,,,,,#DIV/0!,#DIV/0!,0,0,0,0,,,,,,,,,,,,,,,,,,,,,,,,,Greek,,,,,,,,,,,,,,,,,
New,plain greek yogurt lactose free,PRODUCTS,PLANT BASED YOGURTS,Generic,,,,,#DIV/0!,#DIV/0!,0,0,0,0,,,,,,,,,,,,,,,,,,,,,,,,,Greek,Plain,,Lactose,,,,,,,,,,,,,,
New,best fat free greek yogurt,PRODUCTS,YOGURTS,Greek,,,,,#DIV/0!,#DIV/0!,0,0,0,0,,,,,,,,,,,,,,,,,,,,,,,,,Greek,,,Fat,,,,Fat-free,Best,,,,,,,,,
New,yaourts riches en protéines,PRODUCTS,PLANT BASED YOGURTS,Generic,,,,,#DIV/0!,#DIV/0!,0,0,0,0,,,,,,,,,,,,,,,,,,,,,,,,,Yogurt,,,,,,,Rich in protein,,,,,,,,,,
New,plain greek yogurt sugar free,PRODUCTS,PLANT BASED YOGURTS,Generic,,,,,#DIV/0!,#DIV/0!,0,0,0,0,,,,,,,,,,,,,,,,,,,,,,,,,Greek,Plain,,Sugar,,,,,,,,,,,,,,
New,plain yogurt no sugar added,PRODUCTS,PLANT BASED YOGURTS,Generic,,,,,#DIV/0!,#DIV/0!,0,0,0,0,,,,,,,,,,,,,,,,,,,,,,,,,Yogurt,Plain,,Sugar,,,,Sugar-free,,,,,,,,,,
New,healthiest protein yogurt,PRODUCTS,PLANT BASED YOGURTS,Generic,,,,,#DIV/0!,#DIV/0!,0,0,0,0,,,,,,,,,,,,,,,,,,,,,,,,,Yogurt,,,,,,,Healthy,,,,,,,,,,
New,oikos passion fruit yogurt,PRODUCTS,YOGURTS,Yogurts,,,,,#DIV/0!,#DIV/0!,0,0,0,0,,,,,,,,,,,,,,,,,,,,,,,,,Yogurt,,,,Oikos,,,,,,,,,,,,,
New,what is the healthiest yogurt on the market,PRODUCTS,YOGURTS,Yogurts,,,,,#DIV/0!,#DIV/0!,0,0,0,0,,,,,,,,,,,,,,,,,,,,,,,,,Yogurt,,,,,,,Healthy,,,,,,,,,,
New,most healthy yogurt to eat,PRODUCTS,YOGURTS,Yogurts,,,,,#DIV/0!,#DIV/0!,0,0,0,0,,,,,,,,,,,,,,,,,,,,,,,,,Yogurt,,,,,,,Healthy,,,,,,,,,,
New,healthiest yoghurt brands,PRODUCTS,PLANT BASED YOGURTS,Generic,,,,,#DIV/0!,#DIV/0!,0,0,0,0,,,,,,,,,,,,,,,,,,,,,,,,,Yogurt,,,,,,,Healthy,,,,,,,,,,
New,greek yoghurt high protein,PRODUCTS,PLANT BASED YOGURTS,Generic,,,,,#DIV/0!,#DIV/0!,0,0,0,0,,,,,,,,,,,,,,,,,,,,,,,,,Greek,,,,,,,Rich in protein,,,,,,,,,,
New,plain greek yogurt with no sugar,PRODUCTS,PLANT BASED YOGURTS,Generic,,,,,#DIV/0!,#DIV/0!,0,0,0,0,,,,,,,,,,,,,,,,,,,,,,,,,Greek,Plain,,Sugar,,,,Sugar-free,,,,,,,,,,
New,low glycemic yogurt,PRODUCTS,YOGURTS,Yogurts,,,,,#DIV/0!,#DIV/0!,0,0,0,0,,,,,,,,,,,,,,,,,,,,,,,,,Yogurt,,,,,,,,,,,,,,,,,
New,yogourt grec oikos nature,PRODUCTS,PLANT BASED YOGURTS,Generic,,,,,#DIV/0!,#DIV/0!,0,0,0,0,,,,,,,,,,,,,,,,,,,,,,,,,Yogurt,Plain,,,Oikos,,,,,,,,,,,,,
New,best tasting high protein yogurt,PRODUCTS,PLANT BASED YOGURTS,Generic,,,,,#DIV/0!,#DIV/0!,0,0,0,0,,,,,,,,,,,,,,,,,,,,,,,,,Yogurt,,,,,,,Rich in protein,Best,,,,,,,,,
EN,oikos greek yogurt lemon meringue nutrition,EATING BETTER,HEALTHIER EATING,Labels & scoring,,,,,#DIV/0!,#DIV/0!,0,0,0,0,,,,,,,,,,,,,,,,,,,,,,,,,Greek,Lemon,,,Oikos,,,,,,,,,,,,,
New,chobani triple zero,PRODUCTS,PLANT BASED YOGURTS,Generic,,,,,#DIV/0!,#DIV/0!,0,0,0,0,,,,,,,,,,,,,,,,,,,,,,,,,,,,,Chobani,,,,,,,,,,,,,
New,greek yogurt 1 cup protein,PRODUCTS,PLANT BASED YOGURTS,Generic,,,,,#DIV/0!,#DIV/0!,0,0,0,0,,,,,,,,,,,,,,,,,,,,,,,,,Greek,,Cup,,,,,,,,,,,,,,,
New,best greek yogurt brands in canada,PRODUCTS,PLANT BASED YOGURTS,Generic,,,,,#DIV/0!,#DIV/0!,0,0,0,0,,,,,,,,,,,,,,,,,,,,,,,,,Greek,,,,,,,,Best,,,,,,,,,
New,oikos 100g protein,PRODUCTS,PLANT BASED YOGURTS,Generic,,,,,#DIV/0!,#DIV/0!,0,0,0,0,,,,,,,,,,,,,,,,,,,,,,,,,,,Gram,Without,Oikos,,,,,,,,,,,,,
New,what is the healthiest yoghurt to eat,PRODUCTS,YOGURTS,Yogurts,,,,,#DIV/0!,#DIV/0!,0,0,0,0,,,,,,,,,,,,,,,,,,,,,,,,,Yogurt,,,,,,,Healthy,,,,,,,,,,
New,oikos low fat yogurt,PRODUCTS,PLANT BASED YOGURTS,Generic,,,,,#DIV/0!,#DIV/0!,0,0,0,0,,,,,,,,,,,,,,,,,,,,,,,,,Yogurt,,,Fat,Oikos,,,,,,,,,,,,,
New,what is the best yogurt to eat in canada,PRODUCTS,YOGURTS,Yogurts,,,,,#DIV/0!,#DIV/0!,0,0,0,0,,,,,,,,,,,,,,,,,,,,,,,,,Yogurt,,,,,,,,Best,,,,,,,,,
New,oikos banana cream yogurt,PRODUCTS,PLANT BASED YOGURTS,Generic,,,,,#DIV/0!,#DIV/0!,0,0,0,0,,,,,,,,,,,,,,,,,,,,,,,,,Yogurt,Banana,,,Oikos,,,,,,,,,,,,,
New,oikos 20g protein yogurt,PRODUCTS,PLANT BASED YOGURTS,Generic,,,,,#DIV/0!,#DIV/0!,0,0,0,0,,,,,,,,,,,,,,,,,,,,,,,,,Yogurt,,Gram,Without,Oikos,,,,,,,,,,,,,
New,plain high protein greek yogurt,PRODUCTS,PLANT BASED YOGURTS,Generic,,,,,#DIV/0!,#DIV/0!,0,0,0,0,,,,,,,,,,,,,,,,,,,,,,,,,Greek,Plain,,,,,,Rich in protein,,,,,,,,,,
New,chobani whole milk yogurt,PRODUCTS,PLANT BASED YOGURTS,Generic,,,,,#DIV/0!,#DIV/0!,0,0,0,0,,,,,,,,,,,,,,,,,,,,,,,,,Yogurt,,,Milk,Chobani,,,,,,,,,,,,,
New,yogurt griego alto en proteina,PRODUCTS,PLANT BASED YOGURTS,Generic,,,,,#DIV/0!,#DIV/0!,0,0,0,0,,,,,,,,,,,,,,,,,,,,,,,,,Yogurt,,,,,,,,,,,,,,,,,
FR,yaourt a la grecque,PRODUCTS,YOGURTS,Greek,,,,,#DIV/0!,#DIV/0!,0,0,0,0,,,,,,,,,,,,,,,,,,,,,,,,,Greek,,,,,,,,,,,,,,,,,
New,high protein low fat greek yogurt,PRODUCTS,PLANT BASED YOGURTS,Generic,,,,,#DIV/0!,#DIV/0!,0,0,0,0,,,,,,,,,,,,,,,,,,,,,,,,,Greek,,,Fat,,,,Rich in protein,,,,,,,,,,
New,plain greek yogurt near me,PRODUCTS,PLANT BASED YOGURTS,Generic,,,,,#DIV/0!,#DIV/0!,0,0,0,0,,,,,,,,,,,,,,,,,,,,,,,,,Greek,Plain,,,,,,,,,,,,,,,,
New,oisko yogurt,PRODUCTS,YOGURTS,Yogurts,,,,,#DIV/0!,#DIV/0!,0,0,0,0,,,,,,,,,,,,,,,,,,,,,,,,,Yogurt,,,,,,,,,,,,,,,,,
New,greek yogurt nutrition content,PRODUCTS,PLANT BASED YOGURTS,Generic,,,,,#DIV/0!,#DIV/0!,0,0,0,0,,,,,,,,,,,,,,,,,,,,,,,,,Greek,,,,,,,,,,,,,,,,,
New,oikos full fat yogurt,PRODUCTS,YOGURTS,Greek,,,,,#DIV/0!,#DIV/0!,0,0,0,0,,,,,,,,,,,,,,,,,,,,,,,,,Yogurt,,,Fat,Oikos,,,,,,,,,,,,,
New,greek yogurt plain low fat,PRODUCTS,YOGURTS,Greek,,,,,#DIV/0!,#DIV/0!,0,0,0,0,,,,,,,,,,,,,,,,,,,,,,,,,Greek,Plain,,Fat,,,,,,,,,,,,,,
New,plain greek yogurt no sugar added,PRODUCTS,PLANT BASED YOGURTS,Generic,,,,,#DIV/0!,#DIV/0!,0,0,0,0,,,,,,,,,,,,,,,,,,,,,,,,,Greek,Plain,,Sugar,,,,Sugar-free,,,,,,,,,,
New,what brand of yogurt has no sugar,PRODUCTS,YOGURTS,Yogurts,,,,,#DIV/0!,#DIV/0!,0,0,0,0,,,,,,,,,,,,,,,,,,,,,,,,,Yogurt,,,Sugar,,,,Sugar-free,,,,,,,,,,
New,high protein meals with greek yogurt,PRODUCTS,PLANT BASED YOGURTS,Generic,,,,,#DIV/0!,#DIV/0!,0,0,0,0,,,,,,,,,,,,,,,,,,,,,,,,,Greek,,,,,,,Rich in protein,,,,,,,,,,
New,what is the nutritional value of greek yogurt,EATING BETTER,HEALTHIER EATING,Labels & scoring,,,,,#DIV/0!,#DIV/0!,0,0,0,0,,,,,,,,,,,,,,,,,,,,,,,,,Greek,,,,,,,,,,,,,,,,,
New,yogourt grec oikos ingredients,HEALTH,COMPOSITION,Generic,,,,,#DIV/0!,#DIV/0!,0,0,0,0,,,,,,,,,,,,,,,,,,,,,,,,,Yogurt,,,,Oikos,,,,,,,,,,,,,
New,protein banana pudding greek yogurt,PRODUCTS,PLANT BASED YOGURTS,Generic,,,,,#DIV/0!,#DIV/0!,0,0,0,0,,,,,,,,,,,,,,,,,,,,,,,,,Greek,Banana,,,,,,,,,,,,,,,,
New,plain yogurt with no sugar,PRODUCTS,PLANT BASED YOGURTS,Generic,,,,,#DIV/0!,#DIV/0!,0,0,0,0,,,,,,,,,,,,,,,,,,,,,,,,,Yogurt,Plain,,Sugar,,,,Sugar-free,,,,,,,,,,
New,brands of unsweetened yogurt,PRODUCTS,YOGURTS,Yogurts,,,,,#DIV/0!,#DIV/0!,0,0,0,0,,,,,,,,,,,,,,,,,,,,,,,,,Yogurt,,,,,,,,,,,,,,,,,
New,popular yoghurt brands,PRODUCTS,PLANT BASED YOGURTS,Generic,,,,,#DIV/0!,#DIV/0!,0,0,0,0,,,,,,,,,,,,,,,,,,,,,,,,,Yogurt,,,,,,,,,,,,,,,,,
New,oikos plain greek yogurt 100g nutrition,PRODUCTS,PLANT BASED YOGURTS,Generic,,,,,#DIV/0!,#DIV/0!,0,0,0,0,,,,,,,,,,,,,,,,,,,,,,,,,Greek,Plain,Gram,Without,Oikos,,,,,,,,,,,,,
New,can you buy lactose free yogurt,PRODUCTS,PLANT BASED YOGURTS,Generic,,,,,#DIV/0!,#DIV/0!,0,0,0,0,,,,,,,,,,,,,,,,,,,,,,,,,Yogurt,,,Lactose,,,,,,,,,,,,,,
New,yogur griego oikos,PRODUCTS,PLANT BASED YOGURTS,Generic,,,,,#DIV/0!,#DIV/0!,0,0,0,0,,,,,,,,,,,,,,,,,,,,,,,,,Yogurt,,,,Oikos,,,,,,,,,,,,,
New,protein yogurt low calorie,PRODUCTS,PLANT BASED YOGURTS,Generic,,,,,#DIV/0!,#DIV/0!,0,0,0,0,,,,,,,,,,,,,,,,,,,,,,,,,Yogurt,,,Calorie,,,,,,,,,,,,,,
New,oikos cultured dairy drink,PRODUCTS,PLANT BASED YOGURTS,Generic,,,,,#DIV/0!,#DIV/0!,0,0,0,0,,,,,,,,,,,,,,,,,,,,,,,,,,,,Dairy,Oikos,,,,,,,,,,,,,
New,protein vanilla greek yogurt,PRODUCTS,PLANT BASED YOGURTS,Generic,,,,,#DIV/0!,#DIV/0!,0,0,0,0,,,,,,,,,,,,,,,,,,,,,,,,,Greek,Vanilla,,,,,,,,,,,,,,,,
New,where to buy lactose free yogurt,PRODUCTS,YOGURTS,Yogurts,,,,,#DIV/0!,#DIV/0!,0,0,0,0,,,,,,,,,,,,,,,,,,,,,,,,,Yogurt,,,Lactose,,,,,,,,,,,,,,
New,protein in 0 greek yogurt,PRODUCTS,PLANT BASED YOGURTS,Generic,,,,,#DIV/0!,#DIV/0!,0,0,0,0,,,,,,,,,,,,,,,,,,,,,,,,,Greek,,,Without,,,,,,,,,,,,,,
New,yogurt grego,PRODUCTS,PLANT BASED YOGURTS,Generic,,,,,#DIV/0!,#DIV/0!,0,0,0,0,,,,,,,,,,,,,,,,,,,,,,,,,Yogurt,,,,,,,,,,,,,,,,,
New,oikos protein yogurt banana,PRODUCTS,BRANDS,Danone - generic,,,,,#DIV/0!,#DIV/0!,0,0,0,0,,,,,,,,,,,,,,,,,,,,,,,,,Yogurt,Banana,,,Oikos,,,,,,,,,,,,,
New,regular yogurt brands,PRODUCTS,PLANT BASED YOGURTS,Generic,,,,,#DIV/0!,#DIV/0!,0,0,0,0,,,,,,,,,,,,,,,,,,,,,,,,,Yogurt,,,,,,,,,,,,,,,,,
New,lactose free natural yogurt,PRODUCTS,PLANT BASED YOGURTS,Generic,,,,,#DIV/0!,#DIV/0!,0,0,0,0,,,,,,,,,,,,,,,,,,,,,,,,,Yogurt,,,Lactose,,,,,,,,,,,,,,
New,protein greek yoghurt,PRODUCTS,PLANT BASED YOGURTS,Generic,,,,,#DIV/0!,#DIV/0!,0,0,0,0,,,,,,,,,,,,,,,,,,,,,,,,,Greek,,,,,,,,,,,,,,,,,
New,dannon yogurt oikos,PRODUCTS,PLANT BASED YOGURTS,Generic,,,,,#DIV/0!,#DIV/0!,0,0,0,0,,,,,,,,,,,,,,,,,,,,,,,,,Yogurt,,,,Oikos,,,,,,,,,,,,,
New,yogurt oikos vanilla,PRODUCTS,PLANT BASED YOGURTS,Generic,,,,,#DIV/0!,#DIV/0!,0,0,0,0,,,,,,,,,,,,,,,,,,,,,,,,,Yogurt,Vanilla,,,Oikos,,,,,,,,,,,,,
New,meilleur yaourt proteine,PRODUCTS,PLANT BASED YOGURTS,Generic,,,,,#DIV/0!,#DIV/0!,0,0,0,0,,,,,,,,,,,,,,,,,,,,,,,,,Yogurt,,,,,,,,,,,,,,,,,
New,protein yogurt pudding,PRODUCTS,PLANT BASED YOGURTS,Generic,,,,,#DIV/0!,#DIV/0!,0,0,0,0,,,,,,,,,,,,,,,,,,,,,,,,,Yogurt,,,,,,,,,,,,,,,,,
New,greek yogurt 0 fat 0 sugar,PRODUCTS,PLANT BASED YOGURTS,Generic,,,,,#DIV/0!,#DIV/0!,0,0,0,0,,,,,,,,,,,,,,,,,,,,,,,,,Greek,,,Fat,,,,Sugar-free,,,,,,,,,,
New,full fat greek yogurt brands canada,PRODUCTS,PLANT BASED YOGURTS,Generic,,,,,#DIV/0!,#DIV/0!,0,0,0,0,,,,,,,,,,,,,,,,,,,,,,,,,Greek,,,Fat,,,,,,,,,,,,,,
New,oikos select 3,PRODUCTS,PLANT BASED YOGURTS,Generic,,,,,#DIV/0!,#DIV/0!,0,0,0,0,,,,,,,,,,,,,,,,,,,,,,,,,,,,,Oikos,,,,,,,,,,,,,
New,yoghurt with no sugar,PRODUCTS,PLANT BASED YOGURTS,Generic,,,,,#DIV/0!,#DIV/0!,0,0,0,0,,,,,,,,,,,,,,,,,,,,,,,,,Yogurt,,,Sugar,,,,Sugar-free,,,,,,,,,,
New,non fat plain yogurt,PRODUCTS,PLANT BASED YOGURTS,Generic,,,,,#DIV/0!,#DIV/0!,0,0,0,0,,,,,,,,,,,,,,,,,,,,,,,,,Yogurt,Plain,,Fat,,,,,,,,,,,,,,
New,100 grass fed greek yogurt,PRODUCTS,PLANT BASED YOGURTS,Generic,,,,,#DIV/0!,#DIV/0!,0,0,0,0,,,,,,,,,,,,,,,,,,,,,,,,,Greek,,,Without,,,,,,,,,,,,,,
New,benefits of greek style yogurt,PRODUCTS,PLANT BASED YOGURTS,Generic,,,,,#DIV/0!,#DIV/0!,0,0,0,0,,,,,,,,,,,,,,,,,,,,,,,,,Greek,,,,,,,,,,,,,,,,,
New,good snacks for working out,PRODUCTS,PLANT BASED YOGURTS,Generic,,,,,#DIV/0!,#DIV/0!,0,0,0,0,,,,,,,,,,,,,,,,,,,,,,,,,,,,,,,,,Good or bad,,,,,,,,,
New,what are the health benefits of yogurt,PRODUCTS,YOGURTS,Yogurts,,,,,#DIV/0!,#DIV/0!,0,0,0,0,,,,,,,,,,,,,,,,,,,,,,,,,Yogurt,,,,,,,Healthy,,,,,,,,,,
New,greek yogurt 15g protein,PRODUCTS,PLANT BASED YOGURTS,Generic,,,,,#DIV/0!,#DIV/0!,0,0,0,0,,,,,,,,,,,,,,,,,,,,,,,,,Greek,,Gram,,,,,,,,,,,,,,,
New,recipes to use up plain greek yogurt,PRODUCTS,PLANT BASED YOGURTS,Generic,,,,,#DIV/0!,#DIV/0!,0,0,0,0,,,,,,,,,,,,,,,,,,,,,,,,,Greek,Plain,,,,,,,,,,,,,,,,
New,what is the best high protein yogurt,PRODUCTS,YOGURTS,Yogurts,,,,,#DIV/0!,#DIV/0!,0,0,0,0,,,,,,,,,,,,,,,,,,,,,,,,,Yogurt,,,,,,,Rich in protein,Best,,,,,,,,,
New,greek yogurt ingredients label,PRODUCTS,PLANT BASED YOGURTS,Generic,,,,,#DIV/0!,#DIV/0!,0,0,0,0,,,,,,,,,,,,,,,,,,,,,,,,,Greek,,,,,,,,,,,,,,,,,
New,oikos vanilla nutrition facts,EATING BETTER,HEALTHIER EATING,Labels & scoring,,,,,#DIV/0!,#DIV/0!,0,0,0,0,,,,,,,,,,,,,,,,,,,,,,,,,,Vanilla,,,Oikos,,,,,,,,,,,,,
New,oikos 23g protein yogurt,PRODUCTS,PLANT BASED YOGURTS,Generic,,,,,#DIV/0!,#DIV/0!,0,0,0,0,,,,,,,,,,,,,,,,,,,,,,,,,Yogurt,,,,Oikos,,,,,,,,,,,,,
New,oikos 30 less sugar vanilla,PRODUCTS,PLANT BASED YOGURTS,Generic,,,,,#DIV/0!,#DIV/0!,0,0,0,0,,,,,,,,,,,,,,,,,,,,,,,,,,Vanilla,,Sugar,Oikos,,,,,,,,,,,,,
New,best greek yogurt lactose free,PRODUCTS,PLANT BASED YOGURTS,Generic,,,,,#DIV/0!,#DIV/0!,0,0,0,0,,,,,,,,,,,,,,,,,,,,,,,,,Greek,,,Lactose,,,,,Best,,,,,,,,,
New,greek yoh,PRODUCTS,PLANT BASED YOGURTS,Generic,,,,,#DIV/0!,#DIV/0!,0,0,0,0,,,,,,,,,,,,,,,,,,,,,,,,,Greek,,,,,,,,,,,,,,,,,
New,what to use plain greek yogurt for,PRODUCTS,YOGURTS,Greek,,,,,#DIV/0!,#DIV/0!,0,0,0,0,,,,,,,,,,,,,,,,,,,,,,,,,Greek,Plain,,,,,,,,,,,,,,,,
New,oikos select 3 greek yogurt variety pack,PRODUCTS,PLANT BASED YOGURTS,Generic,,,,,#DIV/0!,#DIV/0!,0,0,0,0,,,,,,,,,,,,,,,,,,,,,,,,,Greek,,,,Oikos,,,,,,,,,,,,,
New,greek yogurt iodine content,PRODUCTS,PLANT BASED YOGURTS,Generic,,,,,#DIV/0!,#DIV/0!,0,0,0,0,,,,,,,,,,,,,,,,,,,,,,,,,Greek,,,,,,,,,,,,,,,,,
New,greek healthy yogurt,PRODUCTS,PLANT BASED YOGURTS,Generic,,,,,#DIV/0!,#DIV/0!,0,0,0,0,,,,,,,,,,,,,,,,,,,,,,,,,Greek,,,,,,,Healthy,,,,,,,,,,
New,quel aliment riche en proteine,PRODUCTS,PLANT BASED YOGURTS,Generic,,,,,#DIV/0!,#DIV/0!,0,0,0,0,,,,,,,,,,,,,,,,,,,,,,,,,,Lime,,,,,,Rich in protein,,,,,,,,,,
New,oikos yogurt sugar free,PRODUCTS,PLANT BASED YOGURTS,Generic,,,,,#DIV/0!,#DIV/0!,0,0,0,0,,,,,,,,,,,,,,,,,,,,,,,,,Yogurt,,,Sugar,Oikos,,,,,,,,,,,,,
New,greek yogurt and gut health,PRODUCTS,PLANT BASED YOGURTS,Generic,,,,,#DIV/0!,#DIV/0!,0,0,0,0,,,,,,,,,,,,,,,,,,,,,,,,,Greek,,,,,,,Healthy,,,,,,,,,,
New,greek yogurt flavors healthy,PRODUCTS,PLANT BASED YOGURTS,Generic,,,,,#DIV/0!,#DIV/0!,0,0,0,0,,,,,,,,,,,,,,,,,,,,,,,,,Greek,,,,,,,Healthy,,,,,,,,,,
New,yogurt with 0 sugar,PRODUCTS,YOGURTS,Yogurts,,,,,#DIV/0!,#DIV/0!,0,0,0,0,,,,,,,,,,,,,,,,,,,,,,,,,Yogurt,,,Sugar,,,,Sugar-free,,,,,,,,,,
New,oikos canadian company,PRODUCTS,PLANT BASED YOGURTS,Generic,,,,,#DIV/0!,#DIV/0!,0,0,0,0,,,,,,,,,,,,,,,,,,,,,,,,,,,,,Oikos,,,,,,,,,,,,,
New,oiko protein yogurt calories,PRODUCTS,PLANT BASED YOGURTS,Generic,,,,,#DIV/0!,#DIV/0!,0,0,0,0,,,,,,,,,,,,,,,,,,,,,,,,,Yogurt,,,Calorie,Oikos,,,,,,,,,,,,,
New,oikos 15g protein yogurt,PRODUCTS,PLANT BASED YOGURTS,Generic,,,,,#DIV/0!,#DIV/0!,0,0,0,0,,,,,,,,,,,,,,,,,,,,,,,,,Yogurt,,Gram,,Oikos,,,,,,,,,,,,,
New,oikos light,PRODUCTS,BRANDS,Danone - generic,,,,,#DIV/0!,#DIV/0!,0,0,0,0,,,,,,,,,,,,,,,,,,,,,,,,,,,,,Oikos,,,Light,,,,,,,,,,
New,what yogurt has high protein,PRODUCTS,YOGURTS,Yogurts,,,,,#DIV/0!,#DIV/0!,0,0,0,0,,,,,,,,,,,,,,,,,,,,,,,,,Yogurt,,,,,,,Rich in protein,,,,,,,,,,
New,oikos blue yogurt,PRODUCTS,PLANT BASED YOGURTS,Generic,,,,,#DIV/0!,#DIV/0!,0,0,0,0,,,,,,,,,,,,,,,,,,,,,,,,,Yogurt,Blueberry,,,Oikos,,,,,,,,,,,,,
New,oikos 30g protein yogurt,PRODUCTS,YOGURTS,Yogurts,,,,,#DIV/0!,#DIV/0!,0,0,0,0,,,,,,,,,,,,,,,,,,,,,,,,,Yogurt,,Gram,Without,Oikos,,,,,,,,,,,,,
New,oikos smoothie drink,PRODUCTS,PLANT BASED YOGURTS,Generic,,,,,#DIV/0!,#DIV/0!,0,0,0,0,,,,,,,,,,,,,,,,,,,,,,,,,,,,,Oikos,,,,,,,,,,,,,
New,zero fat greek yoghurt,PRODUCTS,PLANT BASED YOGURTS,Generic,,,,,#DIV/0!,#DIV/0!,0,0,0,0,,,,,,,,,,,,,,,,,,,,,,,,,Greek,,,Fat,,,,,,,,,,,,,,
FR,vinaigrette au yaourt grec,RECIPES,RECIPES,Recipes with yogurt,,,,,#DIV/0!,#DIV/0!,0,0,0,0,,,,,,,,,,,,,,,,,,,,,,,,,Greek,,,,,,,,,,,,,,,,,
New,greek yogurt nutritional content,PRODUCTS,PLANT BASED YOGURTS,Generic,,,,,#DIV/0!,#DIV/0!,0,0,0,0,,,,,,,,,,,,,,,,,,,,,,,,,Greek,,,,,,,,,,,,,,,,,
New,greek yogurt nutrition 0 fat,PRODUCTS,PLANT BASED YOGURTS,Generic,,,,,#DIV/0!,#DIV/0!,0,0,0,0,,,,,,,,,,,,,,,,,,,,,,,,,Greek,,,Fat,,,,Fat-free,,,,,,,,,,
New,health benefits of full fat greek yogurt,PRODUCTS,YOGURTS,Greek,,,,,#DIV/0!,#DIV/0!,0,0,0,0,,,,,,,,,,,,,,,,,,,,,,,,,Greek,,,Fat,,,,Healthy,,,,,,,,,,
New,qu est ce que le yaourt grec,PRODUCTS,PLANT BASED YOGURTS,Generic,,,,,#DIV/0!,#DIV/0!,0,0,0,0,,,,,,,,,,,,,,,,,,,,,,,,,Yogurt,,,,,,,,,,,,,,,,,
New,yaourt grec nature bienfaits,PRODUCTS,PLANT BASED YOGURTS,Generic,,,,,#DIV/0!,#DIV/0!,0,0,0,0,,,,,,,,,,,,,,,,,,,,,,,,,Yogurt,Plain,,,,,,,,,,,,,,,,
New,oikos milk,PRODUCTS,PLANT BASED YOGURTS,Generic,,,,,#DIV/0!,#DIV/0!,0,0,0,0,,,,,,,,,,,,,,,,,,,,,,,,,,,,Milk,Oikos,,,,,,,,,,,,,
New,healthier yogurt,PRODUCTS,PLANT BASED YOGURTS,Generic,,,,,#DIV/0!,#DIV/0!,0,0,0,0,,,,,,,,,,,,,,,,,,,,,,,,,Yogurt,,,,,,,Healthy,,,,,,,,,,
New,quel aliments proteines,HEALTH,COMPOSITION,Proteins,,,,,#DIV/0!,#DIV/0!,0,0,0,0,,,,,,,,,,,,,,,,,,,,,,,,,,Lime,,,,,,,,,,,,,,,,
New,where can i buy oikos pro yogurt,PRODUCTS,BRANDS,Danone - generic,,,,,#DIV/0!,#DIV/0!,0,0,0,0,,,,,,,,,,,,,,,,,,,,,,,,,Yogurt,,,,Oikos,,,,,,,,,,,,,
New,yogourt grec triple zero,PRODUCTS,PLANT BASED YOGURTS,Generic,,,,,#DIV/0!,#DIV/0!,0,0,0,0,,,,,,,,,,,,,,,,,,,,,,,,,Yogurt,,,,,,,,,,,,,,,,,
FR,yaourt à la grecque bienfaits,PRODUCTS,YOGURTS,Greek,,,,,#DIV/0!,#DIV/0!,0,0,0,0,,,,,,,,,,,,,,,,,,,,,,,,,Greek,,,,,,,,,,,,,,,,,
New,healthiest yogurt to buy,PRODUCTS,PLANT BASED YOGURTS,Generic,,,,,#DIV/0!,#DIV/0!,0,0,0,0,,,,,,,,,,,,,,,,,,,,,,,,,Yogurt,,,,,,,Healthy,,,,,,,,,,
New,oikos select key lime nutrition,EATING BETTER,HEALTHIER EATING,Labels & scoring,,,,,#DIV/0!,#DIV/0!,0,0,0,0,,,,,,,,,,,,,,,,,,,,,,,,,,Lime,,,Oikos,,,,,,,,,,,,,
New,what the best yogurt for your health,PRODUCTS,YOGURTS,Yogurts,,,,,#DIV/0!,#DIV/0!,0,0,0,0,,,,,,,,,,,,,,,,,,,,,,,,,Yogurt,,,,,,,Healthy,Best,,,,,,,,,
New,health benefits of greek yogurt for females,PRODUCTS,PLANT BASED YOGURTS,Generic,,,,,#DIV/0!,#DIV/0!,0,0,0,0,,,,,,,,,,,,,,,,,,,,,,,,,Greek,,,,,,,Healthy,,,,,,,,,,
New,oikos products,PRODUCTS,BRANDS,Danone - generic,,,,,#DIV/0!,#DIV/0!,0,0,0,0,,,,,,,,,,,,,,,,,,,,,,,,,,,,,Oikos,,,,,,,,,,,,,
New,oikos triple zero protein yogurt,PRODUCTS,PLANT BASED YOGURTS,Generic,,,,,#DIV/0!,#DIV/0!,0,0,0,0,,,,,,,,,,,,,,,,,,,,,,,,,Yogurt,,,,Oikos,,,,,,,,,,,,,
New,greek yogurt price canada,PRODUCTS,PLANT BASED YOGURTS,Generic,,,,,#DIV/0!,#DIV/0!,0,0,0,0,,,,,,,,,,,,,,,,,,,,,,,,,Greek,,,,,,,,,,,,,,,,,
New,oikos lemon,PRODUCTS,PLANT BASED YOGURTS,Generic,,,,,#DIV/0!,#DIV/0!,0,0,0,0,,,,,,,,,,,,,,,,,,,,,,,,,,Lemon,,,Oikos,,,,,,,,,,,,,
New,best high protein low calorie yogurt,PRODUCTS,PLANT BASED YOGURTS,Generic,,,,,#DIV/0!,#DIV/0!,0,0,0,0,,,,,,,,,,,,,,,,,,,,,,,,,Yogurt,,,Calorie,,,,Rich in protein,Best,,,,,,,,,
New,oikos 11 plain yogurt,PRODUCTS,YOGURTS,Greek,,,,,#DIV/0!,#DIV/0!,0,0,0,0,,,,,,,,,,,,,,,,,,,,,,,,,Yogurt,Plain,,,Oikos,,,,,,,,,,,,,
New,oikos protein yogurt plain,PRODUCTS,PLANT BASED YOGURTS,Generic,,,,,#DIV/0!,#DIV/0!,0,0,0,0,,,,,,,,,,,,,,,,,,,,,,,,,Yogurt,Plain,,,Oikos,,,,,,,,,,,,,
New,2 plain greek yogurt nutrition,PRODUCTS,PLANT BASED YOGURTS,Generic,,,,,#DIV/0!,#DIV/0!,0,0,0,0,,,,,,,,,,,,,,,,,,,,,,,,,Greek,Plain,,,,,,,,,,,,,,,,
New,is greek yogurt good for arthritis,PRODUCTS,PLANT BASED YOGURTS,Generic,,,,,#DIV/0!,#DIV/0!,0,0,0,0,,,,,,,,,,,,,,,,,,,,,,,,,Greek,,,,,,,,Good or bad,,,,,,,,,
New,yogourt riche en protéines,PRODUCTS,PLANT BASED YOGURTS,Generic,,,,,#DIV/0!,#DIV/0!,0,0,0,0,,,,,,,,,,,,,,,,,,,,,,,,,Yogurt,,,,,,,Rich in protein,,,,,,,,,,
New,is oikos vanilla yogurt halal,PRODUCTS,PLANT BASED YOGURTS,Generic,,,,,#DIV/0!,#DIV/0!,0,0,0,0,,,,,,,,,,,,,,,,,,,,,,,,,Yogurt,Vanilla,,,Oikos,,,,,,,,,,,,,
FR,panna cotta yaourt grec,RECIPES,RECIPES,Recipes with yogurt,,,,,#DIV/0!,#DIV/0!,0,0,0,0,,,,,,,,,,,,,,,,,,,,,,,,,Greek,Panna cotta,,,,,,,,,,,,,,,,
New,oikos triple greek yogurt,PRODUCTS,YOGURTS,Greek,,,,,#DIV/0!,#DIV/0!,0,0,0,0,,,,,,,,,,,,,,,,,,,,,,,,,Greek,,,,Oikos,,,,,,,,,,,,,
New,quel est le meilleur yaourt grec,PRODUCTS,PLANT BASED YOGURTS,Generic,,,,,#DIV/0!,#DIV/0!,0,0,0,0,,,,,,,,,,,,,,,,,,,,,,,,,Yogurt,,,,,,,,,,,,,,,,,
New,oikos yogurt griego,PRODUCTS,PLANT BASED YOGURTS,Generic,,,,,#DIV/0!,#DIV/0!,0,0,0,0,,,,,,,,,,,,,,,,,,,,,,,,,Yogurt,,,,Oikos,,,,,,,,,,,,,
New,is oikos yogurt healthy for weight loss,PRODUCTS,BRANDS,Danone - generic,,,,,#DIV/0!,#DIV/0!,0,0,0,0,,,,,,,,,,,,,,,,,,,,,,,,,Yogurt,,,,Oikos,,,Healthy,,,,,,,,,,
New,snack food with protein,PRODUCTS,PLANT BASED YOGURTS,Generic,,,,,#DIV/0!,#DIV/0!,0,0,0,0,,,,,,,,,,,,,,,,,,,,,,,,,,,,,,,,,,,,,,,,,,
New,lactose free fat free greek yogurt,PRODUCTS,PLANT BASED YOGURTS,Generic,,,,,#DIV/0!,#DIV/0!,0,0,0,0,,,,,,,,,,,,,,,,,,,,,,,,,Greek,,,Fat,,,,Fat-free,,,,,,,,,,
New,0 milkfat greek yogurt,PRODUCTS,PLANT BASED YOGURTS,Generic,,,,,#DIV/0!,#DIV/0!,0,0,0,0,,,,,,,,,,,,,,,,,,,,,,,,,Greek,,,Fat,,,,,,,,,,,,,,
New,oikos greek yogurt health benefits,PRODUCTS,YOGURTS,Greek,,,,,#DIV/0!,#DIV/0!,0,0,0,0,,,,,,,,,,,,,,,,,,,,,,,,,Greek,,,,Oikos,,,Healthy,,,,,,,,,,
New,sugar free plain greek yogurt,PRODUCTS,YOGURTS,Greek,,,,,#DIV/0!,#DIV/0!,0,0,0,0,,,,,,,,,,,,,,,,,,,,,,,,,Greek,Plain,,Sugar,,,,,,,,,,,,,,
New,what greek yogurt has no sugar,PRODUCTS,YOGURTS,Greek,,,,,#DIV/0!,#DIV/0!,0,0,0,0,,,,,,,,,,,,,,,,,,,,,,,,,Greek,,,Sugar,,,,Sugar-free,,,,,,,,,,
New,oikos greek yogurt plain 0,PRODUCTS,PLANT BASED YOGURTS,Generic,,,,,#DIV/0!,#DIV/0!,0,0,0,0,,,,,,,,,,,,,,,,,,,,,,,,,Greek,Plain,,Without,Oikos,,,,,,,,,,,,,
New,yaourt faible en gras,PRODUCTS,PLANT BASED YOGURTS,Generic,,,,,#DIV/0!,#DIV/0!,0,0,0,0,,,,,,,,,,,,,,,,,,,,,,,,,Yogurt,,,,,,,,,,,,,,,,,
New,yogurt with no sugar or carbs,PRODUCTS,PLANT BASED YOGURTS,Generic,,,,,#DIV/0!,#DIV/0!,0,0,0,0,,,,,,,,,,,,,,,,,,,,,,,,,Yogurt,,,Sugar,,,,Sugar-free,,,,,,,,,,
New,1 cup greek yoghurt protein,PRODUCTS,PLANT BASED YOGURTS,Generic,,,,,#DIV/0!,#DIV/0!,0,0,0,0,,,,,,,,,,,,,,,,,,,,,,,,,Greek,,Cup,,,,,,,,,,,,,,,
New,best quick protein breakfast,PRODUCTS,PLANT BASED YOGURTS,Generic,,,,,#DIV/0!,#DIV/0!,0,0,0,0,,,,,,,,,,,,,,,,,,,,,,,,,,,,,,,,,Best,,,,,,,,,
New,oikos zero greek yogurt nutrition,EATING BETTER,HEALTHIER EATING,Labels & scoring,,,,,#DIV/0!,#DIV/0!,0,0,0,0,,,,,,,,,,,,,,,,,,,,,,,,,Greek,,,,Oikos,,,,,,,,,,,,,
New,sugar free yogurt brands,PRODUCTS,YOGURTS,Yogurts,,,,,#DIV/0!,#DIV/0!,0,0,0,0,,,,,,,,,,,,,,,,,,,,,,,,,Yogurt,,,Sugar,,,,,,,,,,,,,,
New,greek yogurt flavour,PRODUCTS,PLANT BASED YOGURTS,Generic,,,,,#DIV/0!,#DIV/0!,0,0,0,0,,,,,,,,,,,,,,,,,,,,,,,,,Greek,,,,,,,,,,,,,,,,,
New,greek no sugar yogurt,PRODUCTS,PLANT BASED YOGURTS,Generic,,,,,#DIV/0!,#DIV/0!,0,0,0,0,,,,,,,,,,,,,,,,,,,,,,,,,Greek,,,Sugar,,,,Sugar-free,,,,,,,,,,
New,nutrition information oikos vanilla greek yogurt,PRODUCTS,PLANT BASED YOGURTS,Generic,,,,,#DIV/0!,#DIV/0!,0,0,0,0,,,,,,,,,,,,,,,,,,,,,,,,,Greek,Vanilla,,,Oikos,,,,,,,,,,,,,
New,can you get lactose free yogurt,PRODUCTS,PLANT BASED YOGURTS,Generic,,,,,#DIV/0!,#DIV/0!,0,0,0,0,,,,,,,,,,,,,,,,,,,,,,,,,Yogurt,,,Lactose,,,,,,,,,,,,,,
New,oikos yogurt price,PRODUCTS,PLANT BASED YOGURTS,Generic,,,,,#DIV/0!,#DIV/0!,0,0,0,0,,,,,,,,,,,,,,,,,,,,,,,,,Yogurt,,,,Oikos,,,,,,,,,,,,,
New,o fat yogurt,PRODUCTS,YOGURTS,Yogurts,,,,,#DIV/0!,#DIV/0!,0,0,0,0,,,,,,,,,,,,,,,,,,,,,,,,,Yogurt,,,Fat,,,,,,,,,,,,,,
New,best high protein low carb yogurt,PRODUCTS,PLANT BASED YOGURTS,Generic,,,,,#DIV/0!,#DIV/0!,0,0,0,0,,,,,,,,,,,,,,,,,,,,,,,,,Yogurt,,,,,,,Rich in protein,Best,,,,,,,,,
New,best yogurt for protein and weight loss,PRODUCTS,PLANT BASED YOGURTS,Generic,,,,,#DIV/0!,#DIV/0!,0,0,0,0,,,,,,,,,,,,,,,,,,,,,,,,,Yogurt,,,,,,,,Best,,,,,,,,,
New,oikos triple zero macros,PRODUCTS,PLANT BASED YOGURTS,Generic,,,,,#DIV/0!,#DIV/0!,0,0,0,0,,,,,,,,,,,,,,,,,,,,,,,,,,,,,Oikos,,,,,,,,,,,,,
New,protein yogurt shakes,PRODUCTS,PLANT BASED YOGURTS,Generic,,,,,#DIV/0!,#DIV/0!,0,0,0,0,,,,,,,,,,,,,,,,,,,,,,,,,Yogurt,,,,,,,,,,,,,,,,,
New,pure greek yogurt,PRODUCTS,PLANT BASED YOGURTS,Generic,,,,,#DIV/0!,#DIV/0!,0,0,0,0,,,,,,,,,,,,,,,,,,,,,,,,,Greek,,,,,,,,,,,,,,,,,
New,best protein filled breakfast,PRODUCTS,PLANT BASED YOGURTS,Generic,,,,,#DIV/0!,#DIV/0!,0,0,0,0,,,,,,,,,,,,,,,,,,,,,,,,,,,,,,,,,Best,,,,,,,,,
FR,composition yaourt grec,PRODUCTS,YOGURTS,Greek,,,,,#DIV/0!,#DIV/0!,0,0,0,0,,,,,,,,,,,,,,,,,,,,,,,,,Greek,,,Composition,,,,,,,,,,,,,,
New,what yogurt has no dairy,PRODUCTS,YOGURTS,Yogurts,,,,,#DIV/0!,#DIV/0!,0,0,0,0,,,,,,,,,,,,,,,,,,,,,,,,,Yogurt,,,Dairy,,,,,,,,,,,,,,
New,yogurts with the least amount of sugar,PRODUCTS,PLANT BASED YOGURTS,Generic,,,,,#DIV/0!,#DIV/0!,0,0,0,0,,,,,,,,,,,,,,,,,,,,,,,,,Yogurt,,,Sugar,,,,,,,,,,,,,,
New,greek yogurt 0 percent,PRODUCTS,PLANT BASED YOGURTS,Generic,,,,,#DIV/0!,#DIV/0!,0,0,0,0,,,,,,,,,,,,,,,,,,,,,,,,,Greek,,,Without,,,,,,,,,,,,,,
New,benefits of greek yogurt daily,PRODUCTS,PLANT BASED YOGURTS,Generic,,,,,#DIV/0!,#DIV/0!,0,0,0,0,,,,,,,,,,,,,,,,,,,,,,,,,Greek,,,,,,,,,,,,,,,,,
New,yogurt with the least amount of sugar,PRODUCTS,PLANT BASED YOGURTS,Generic,,,,,#DIV/0!,#DIV/0!,0,0,0,0,,,,,,,,,,,,,,,,,,,,,,,,,Yogurt,,,Sugar,,,,,,,,,,,,,,
New,brands of sugar free yogurt,PRODUCTS,PLANT BASED YOGURTS,Generic,,,,,#DIV/0!,#DIV/0!,0,0,0,0,,,,,,,,,,,,,,,,,,,,,,,,,Yogurt,,,Sugar,,,,,,,,,,,,,,
New,what foods are most high in protein,HEALTH,COMPOSITION,Proteins,,,,,#DIV/0!,#DIV/0!,0,0,0,0,,,,,,,,,,,,,,,,,,,,,,,,,,,,,,,,Rich in protein,,,,,,,,,,
New,greek yoghurt 10 fat,PRODUCTS,PLANT BASED YOGURTS,Generic,,,,,#DIV/0!,#DIV/0!,0,0,0,0,,,,,,,,,,,,,,,,,,,,,,,,,Greek,,,Fat,,,,Fat-free,,,,,,,,,,
New,greek yogurt with vanilla extract,PRODUCTS,PLANT BASED YOGURTS,Generic,,,,,#DIV/0!,#DIV/0!,0,0,0,0,,,,,,,,,,,,,,,,,,,,,,,,,Greek,Vanilla,,,,,,,,,,,,,,,,
New,oikos calories 1 cup,PRODUCTS,PLANT BASED YOGURTS,Generic,,,,,#DIV/0!,#DIV/0!,0,0,0,0,,,,,,,,,,,,,,,,,,,,,,,,,,,Cup,Calorie,Oikos,,,,,,,,,,,,,
New,oikos low sugar,PRODUCTS,BRANDS,Danone - generic,,,,,#DIV/0!,#DIV/0!,0,0,0,0,,,,,,,,,,,,,,,,,,,,,,,,,,,,Sugar,Oikos,,,,,,,,,,,,,
New,real greek yogurt brands,PRODUCTS,PLANT BASED YOGURTS,Generic,,,,,#DIV/0!,#DIV/0!,0,0,0,0,,,,,,,,,,,,,,,,,,,,,,,,,Greek,,,,,,,,,,,,,,,,,
New,protéine skyr,PRODUCTS,PLANT BASED YOGURTS,Generic,,,,,#DIV/0!,#DIV/0!,0,0,0,0,,,,,,,,,,,,,,,,,,,,,,,,,Skyr,,,,,,,,,,,,,,,,,
New,benefit of plain yoghurt,PRODUCTS,PLANT BASED YOGURTS,Generic,,,,,#DIV/0!,#DIV/0!,0,0,0,0,,,,,,,,,,,,,,,,,,,,,,,,,Yogurt,Plain,,,,,,,,,,,,,,,,
New,high protein lactose free greek yogurt,PRODUCTS,PLANT BASED YOGURTS,Generic,,,,,#DIV/0!,#DIV/0!,0,0,0,0,,,,,,,,,,,,,,,,,,,,,,,,,Greek,,,Lactose,,,,Rich in protein,,,,,,,,,,
New,oikos greek yogurt smoothie,PRODUCTS,YOGURTS,Greek,,,,,#DIV/0!,#DIV/0!,0,0,0,0,,,,,,,,,,,,,,,,,,,,,,,,,Greek,,,,Oikos,,,,,,,,,,,,,
New,greek yogurt 100g protein,PRODUCTS,PLANT BASED YOGURTS,Generic,,,,,#DIV/0!,#DIV/0!,0,0,0,0,,,,,,,,,,,,,,,,,,,,,,,,,Greek,,Gram,Without,,,,,,,,,,,,,,
New,yoghurt without lactose,PRODUCTS,PLANT BASED YOGURTS,Generic,,,,,#DIV/0!,#DIV/0!,0,0,0,0,,,,,,,,,,,,,,,,,,,,,,,,,Yogurt,,,Lactose,,,,,,,,,,,,,,
New,non dairy yogourt,PRODUCTS,YOGURTS,Yogurts,,,,,#DIV/0!,#DIV/0!,0,0,0,0,,,,,,,,,,,,,,,,,,,,,,,,,Yogurt,,,Dairy,,,,,,,,,,,,,,
New,high protein morning snacks,PRODUCTS,PLANT BASED YOGURTS,Generic,,,,,#DIV/0!,#DIV/0!,0,0,0,0,,,,,,,,,,,,,,,,,,,,,,,,,,,,,,,,Rich in protein,,,,,,,,,,
FR,recette avec du yaourt grec,RECIPES,RECIPES,Recipes with yogurt,,,,,#DIV/0!,#DIV/0!,0,0,0,0,,,,,,,,,,,,,,,,,,,,,,,,,Greek,,,,,,,,,,,,,,,,,
New,www oikos ca,PRODUCTS,BRANDS,Danone - generic,,,,,#DIV/0!,#DIV/0!,0,0,0,0,,,,,,,,,,,,,,,,,,,,,,,,,,,,,Oikos,,,,,,,,,,,,,
New,high protein yogurt lactose free,PRODUCTS,PLANT BASED YOGURTS,Generic,,,,,#DIV/0!,#DIV/0!,0,0,0,0,,,,,,,,,,,,,,,,,,,,,,,,,Yogurt,,,Lactose,,,,Rich in protein,,,,,,,,,,
New,recipes to make with greek yogurt,PRODUCTS,PLANT BASED YOGURTS,Generic,,,,,#DIV/0!,#DIV/0!,0,0,0,0,,,,,,,,,,,,,,,,,,,,,,,,,Greek,,,,,,,,,,,,,,,,,
New,yaourt grec nature valeur nutritionnelle,PRODUCTS,PLANT BASED YOGURTS,Generic,,,,,#DIV/0!,#DIV/0!,0,0,0,0,,,,,,,,,,,,,,,,,,,,,,,,,Yogurt,Plain,,,,,,,,,,,,,,,,
New,high protein full fat greek yogurt,PRODUCTS,PLANT BASED YOGURTS,Generic,,,,,#DIV/0!,#DIV/0!,0,0,0,0,,,,,,,,,,,,,,,,,,,,,,,,,Greek,,,Fat,,,,Rich in protein,,,,,,,,,,
New,oikos greek yogurt mixed berry nutrition,EATING BETTER,HEALTHIER EATING,Labels & scoring,,,,,#DIV/0!,#DIV/0!,0,0,0,0,,,,,,,,,,,,,,,,,,,,,,,,,Greek,,,,Oikos,,,,,,,,,,,,,
New,best high protein low fat yogurt,PRODUCTS,YOGURTS,Yogurts,,,,,#DIV/0!,#DIV/0!,0,0,0,0,,,,,,,,,,,,,,,,,,,,,,,,,Yogurt,,,Fat,,,,Rich in protein,Best,,,,,,,,,
New,lactose free yogurt oikos,PRODUCTS,BRANDS,Danone - generic,,,,,#DIV/0!,#DIV/0!,0,0,0,0,,,,,,,,,,,,,,,,,,,,,,,,,Yogurt,,,Lactose,Oikos,,,,,,,,,,,,,
EN,oikos plain greek yogurt nutritional information,EATING BETTER,HEALTHIER EATING,Labels & scoring,,,,,#DIV/0!,#DIV/0!,0,0,0,0,,,,,,,,,,,,,,,,,,,,,,,,,Greek,Plain,,Nutrition facts,Oikos,,,,,,,,,,,,,
New,oikos lime yogurt nutrition facts,PRODUCTS,PLANT BASED YOGURTS,Generic,,,,,#DIV/0!,#DIV/0!,0,0,0,0,,,,,,,,,,,,,,,,,,,,,,,,,Yogurt,Lime,,,Oikos,,,,,,,,,,,,,
New,best greek yogurt flavors,PRODUCTS,PLANT BASED YOGURTS,Generic,,,,,#DIV/0!,#DIV/0!,0,0,0,0,,,,,,,,,,,,,,,,,,,,,,,,,Greek,,,,,,,,Best,,,,,,,,,
New,greek yogurt plain nutrition facts,PRODUCTS,PLANT BASED YOGURTS,Generic,,,,,#DIV/0!,#DIV/0!,0,0,0,0,,,,,,,,,,,,,,,,,,,,,,,,,Greek,Plain,,,,,,,,,,,,,,,,
New,greek yoghurt macros,PRODUCTS,PLANT BASED YOGURTS,Generic,,,,,#DIV/0!,#DIV/0!,0,0,0,0,,,,,,,,,,,,,,,,,,,,,,,,,Greek,,,,,,,,,,,,,,,,,
New,greek yogurt names,PRODUCTS,PLANT BASED YOGURTS,Generic,,,,,#DIV/0!,#DIV/0!,0,0,0,0,,,,,,,,,,,,,,,,,,,,,,,,,Greek,,,,,,,,,,,,,,,,,
New,yoplait plain greek yogurt,PRODUCTS,PLANT BASED YOGURTS,Generic,,,,,#DIV/0!,#DIV/0!,0,0,0,0,,,,,,,,,,,,,,,,,,,,,,,,,Greek,Plain,,,,,,,,,,,,,,,,
New,what's the best greek yogurt to buy,PRODUCTS,YOGURTS,Greek,,,,,#DIV/0!,#DIV/0!,0,0,0,0,,,,,,,,,,,,,,,,,,,,,,,,,Greek,,,,,,,,Best,,,,,,,,,
New,okko yogurt,PRODUCTS,PLANT BASED YOGURTS,Generic,,,,,#DIV/0!,#DIV/0!,0,0,0,0,,,,,,,,,,,,,,,,,,,,,,,,,Yogurt,,,,,,,,,,,,,,,,,
New,yaourt à boire protéiné,PRODUCTS,PLANT BASED YOGURTS,Generic,,,,,#DIV/0!,#DIV/0!,0,0,0,0,,,,,,,,,,,,,,,,,,,,,,,,,Yogurt,,,,,,,,,,,,,,,,,
New,high protein greek yoghurt,PRODUCTS,PLANT BASED YOGURTS,Generic,,,,,#DIV/0!,#DIV/0!,0,0,0,0,,,,,,,,,,,,,,,,,,,,,,,,,Greek,,,,,,,Rich in protein,,,,,,,,,,
New,oikos blueberry yogurt calories,EATING BETTER,HEALTHIER EATING,Labels & scoring,,,,,#DIV/0!,#DIV/0!,0,0,0,0,,,,,,,,,,,,,,,,,,,,,,,,,Yogurt,Blueberry,,Calorie,Oikos,,,,,,,,,,,,,
New,yoko's yogurt,PRODUCTS,YOGURTS,Yogurts,,,,,#DIV/0!,#DIV/0!,0,0,0,0,,,,,,,,,,,,,,,,,,,,,,,,,Yogurt,,,,,,,,,,,,,,,,,
New,why is greek yoghurt good for you,PRODUCTS,PLANT BASED YOGURTS,Generic,,,,,#DIV/0!,#DIV/0!,0,0,0,0,,,,,,,,,,,,,,,,,,,,,,,,,Greek,,,,,,,,Good or bad,,,,,,,,,
New,what is good about greek yogurt,PRODUCTS,YOGURTS,Greek,,,,,#DIV/0!,#DIV/0!,0,0,0,0,,,,,,,,,,,,,,,,,,,,,,,,,Greek,,,,,,,,Good or bad,,,,,,,,,
New,what's a healthy yogurt to eat,PRODUCTS,YOGURTS,Yogurts,,,,,#DIV/0!,#DIV/0!,0,0,0,0,,,,,,,,,,,,,,,,,,,,,,,,,Yogurt,,,,,,,Healthy,,,,,,,,,,
New,nutrition facts plain greek yogurt,PRODUCTS,PLANT BASED YOGURTS,Generic,,,,,#DIV/0!,#DIV/0!,0,0,0,0,,,,,,,,,,,,,,,,,,,,,,,,,Greek,Plain,,,,,,,,,,,,,,,,
New,healthiest plain greek yogurt,PRODUCTS,PLANT BASED YOGURTS,Generic,,,,,#DIV/0!,#DIV/0!,0,0,0,0,,,,,,,,,,,,,,,,,,,,,,,,,Greek,Plain,,,,,,Healthy,,,,,,,,,,
New,can we eat greek yogurt everyday,PRODUCTS,YOGURTS,Greek,,,,,#DIV/0!,#DIV/0!,0,0,0,0,,,,,,,,,,,,,,,,,,,,,,,,,Greek,,,,,,,,,,,,,,,,,
New,yogurt without added sugar,PRODUCTS,PLANT BASED YOGURTS,Generic,,,,,#DIV/0!,#DIV/0!,0,0,0,0,,,,,,,,,,,,,,,,,,,,,,,,,Yogurt,,,Sugar,,,,,,,,,,,,,,
New,oikos greek yogurt 15g protein,PRODUCTS,YOGURTS,Greek,,,,,#DIV/0!,#DIV/0!,0,0,0,0,,,,,,,,,,,,,,,,,,,,,,,,,Greek,,Gram,,Oikos,,,,,,,,,,,,,
New,oikos 23g protein,PRODUCTS,PLANT BASED YOGURTS,Generic,,,,,#DIV/0!,#DIV/0!,0,0,0,0,,,,,,,,,,,,,,,,,,,,,,,,,,,,,Oikos,,,,,,,,,,,,,
New,lactose free flavoured yogurt,PRODUCTS,YOGURTS,Yogurts,,,,,#DIV/0!,#DIV/0!,0,0,0,0,,,,,,,,,,,,,,,,,,,,,,,,,Yogurt,,,Lactose,,,,,,,,,,,,,,
New,what yogurt is sugar free,PRODUCTS,YOGURTS,Yogurts,,,,,#DIV/0!,#DIV/0!,0,0,0,0,,,,,,,,,,,,,,,,,,,,,,,,,Yogurt,,,Sugar,,,,,,,,,,,,,,
New,how can i use greek yogurt,PRODUCTS,PLANT BASED YOGURTS,Generic,,,,,#DIV/0!,#DIV/0!,0,0,0,0,,,,,,,,,,,,,,,,,,,,,,,,,Greek,,,,,,,,,,,,,,,,,
New,reduced fat greek yogurt,PRODUCTS,PLANT BASED YOGURTS,Generic,,,,,#DIV/0!,#DIV/0!,0,0,0,0,,,,,,,,,,,,,,,,,,,,,,,,,Greek,,,Fat,,,,,,,,,,,,,,
New,recipes using greek yoghurt,PRODUCTS,PLANT BASED YOGURTS,Generic,,,,,#DIV/0!,#DIV/0!,0,0,0,0,,,,,,,,,,,,,,,,,,,,,,,,,Greek,,,,,,,,,,,,,,,,,
New,oikos yogurt cherry,PRODUCTS,PLANT BASED YOGURTS,Generic,,,,,#DIV/0!,#DIV/0!,0,0,0,0,,,,,,,,,,,,,,,,,,,,,,,,,Yogurt,Cherry,,,Oikos,,,,,,,,,,,,,
New,yoghurt with high protein,PRODUCTS,PLANT BASED YOGURTS,Generic,,,,,#DIV/0!,#DIV/0!,0,0,0,0,,,,,,,,,,,,,,,,,,,,,,,,,Yogurt,,,,,,,Rich in protein,,,,,,,,,,
New,oikos vanilla ingredients,PRODUCTS,PLANT BASED YOGURTS,Generic,,,,,#DIV/0!,#DIV/0!,0,0,0,0,,,,,,,,,,,,,,,,,,,,,,,,,,Vanilla,,,Oikos,,,,,,,,,,,,,
New,oikos probiotic yogurt,HEALTH,COMPOSITION,Probiotics,,,,,#DIV/0!,#DIV/0!,0,0,0,0,,,,,,,,,,,,,,,,,,,,,,,,,Yogurt,,,Probiotic,Oikos,,,,,,,,,,,,,
New,a high protein breakfast,PRODUCTS,PLANT BASED YOGURTS,Generic,,,,,#DIV/0!,#DIV/0!,0,0,0,0,,,,,,,,,,,,,,,,,,,,,,,,,,,,,,,,Rich in protein,,,,,,,,,,
New,yaourt protéiné sans sucre,PRODUCTS,PLANT BASED YOGURTS,Generic,,,,,#DIV/0!,#DIV/0!,0,0,0,0,,,,,,,,,,,,,,,,,,,,,,,,,Yogurt,,,Without,,,,,,,,,,,,,,
New,how much calcium in oikos greek yogurt,PRODUCTS,PLANT BASED YOGURTS,Generic,,,,,#DIV/0!,#DIV/0!,0,0,0,0,,,,,,,,,,,,,,,,,,,,,,,,,Greek,,,Calcium,Oikos,,,,,,,,,,,,,
New,vanilla flavored greek yogurt,PRODUCTS,PLANT BASED YOGURTS,Generic,,,,,#DIV/0!,#DIV/0!,0,0,0,0,,,,,,,,,,,,,,,,,,,,,,,,,Greek,Vanilla,,,,,,,,,,,,,,,,
New,most protein yogurt,PRODUCTS,PLANT BASED YOGURTS,Generic,,,,,#DIV/0!,#DIV/0!,0,0,0,0,,,,,,,,,,,,,,,,,,,,,,,,,Yogurt,,,,,,,,,,,,,,,,,
New,oikos yaourt valeur nutritionnelle,EATING BETTER,HEALTHIER EATING,Labels & scoring,,,,,#DIV/0!,#DIV/0!,0,0,0,0,,,,,,,,,,,,,,,,,,,,,,,,,Yogurt,,,,Oikos,,,,,,,,,,,,,
New,which snack has highest protein,CONSUMER HABITS,MEALS,Snack,,,,,#DIV/0!,#DIV/0!,0,0,0,0,,,,,,,,,,,,,,,,,,,,,,,,,,,,,,,,Rich in protein,,,Snack,,,,,,,
New,strawberry greek yogurt oikos,PRODUCTS,PLANT BASED YOGURTS,Generic,,,,,#DIV/0!,#DIV/0!,0,0,0,0,,,,,,,,,,,,,,,,,,,,,,,,,Greek,Strawberry,,,Oikos,,,,,,,,,,,,,
New,vanilla greek yogurt no sugar,PRODUCTS,PLANT BASED YOGURTS,Generic,,,,,#DIV/0!,#DIV/0!,0,0,0,0,,,,,,,,,,,,,,,,,,,,,,,,,Greek,Vanilla,,Sugar,,,,Sugar-free,,,,,,,,,,
New,vanilla greek yogurt low sugar,PRODUCTS,PLANT BASED YOGURTS,Generic,,,,,#DIV/0!,#DIV/0!,0,0,0,0,,,,,,,,,,,,,,,,,,,,,,,,,Greek,Vanilla,,Sugar,,,,,,,,,,,,,,
New,which yoghurt has the highest protein,PRODUCTS,YOGURTS,Yogurts,,,,,#DIV/0!,#DIV/0!,0,0,0,0,,,,,,,,,,,,,,,,,,,,,,,,,Yogurt,,,,,,,Rich in protein,,,,,,,,,,
New,what greek yogurt is lactose free,PRODUCTS,YOGURTS,Greek,,,,,#DIV/0!,#DIV/0!,0,0,0,0,,,,,,,,,,,,,,,,,,,,,,,,,Greek,,,Lactose,,,,,,,,,,,,,,
New,oykos yogurt calories,EATING BETTER,HEALTHIER EATING,Labels & scoring,,,,,#DIV/0!,#DIV/0!,0,0,0,0,,,,,,,,,,,,,,,,,,,,,,,,,Yogurt,,,Calorie,,,,,,,,,,,,,,
New,oikos protein yogurt shake,PRODUCTS,PLANT BASED YOGURTS,Generic,,,,,#DIV/0!,#DIV/0!,0,0,0,0,,,,,,,,,,,,,,,,,,,,,,,,,Yogurt,,,,Oikos,,,,,,,,,,,,,
New,oikos mango,PRODUCTS,BRANDS,Danone - generic,,,,,#DIV/0!,#DIV/0!,0,0,0,0,,,,,,,,,,,,,,,,,,,,,,,,,,Mango,,,Oikos,,,,,,,,,,,,,
New,nonfat greek yogurt macros,PRODUCTS,YOGURTS,Greek,,,,,#DIV/0!,#DIV/0!,0,0,0,0,,,,,,,,,,,,,,,,,,,,,,,,,Greek,,,Fat,,,,,,,,,,,,,,
New,zero sugar high protein yogurt,PRODUCTS,PLANT BASED YOGURTS,Generic,,,,,#DIV/0!,#DIV/0!,0,0,0,0,,,,,,,,,,,,,,,,,,,,,,,,,Yogurt,,,Sugar,,,,Rich in protein,,,,,,,,,,
New,all natural yogurt,PRODUCTS,PLANT BASED YOGURTS,Generic,,,,,#DIV/0!,#DIV/0!,0,0,0,0,,,,,,,,,,,,,,,,,,,,,,,,,Yogurt,,,,,,,,,,,,,,,,,
New,triple protein yogurt,PRODUCTS,PLANT BASED YOGURTS,Generic,,,,,#DIV/0!,#DIV/0!,0,0,0,0,,,,,,,,,,,,,,,,,,,,,,,,,Yogurt,,,,,,,,,,,,,,,,,
New,1 4 cup plain greek yogurt,PRODUCTS,PLANT BASED YOGURTS,Generic,,,,,#DIV/0!,#DIV/0!,0,0,0,0,,,,,,,,,,,,,,,,,,,,,,,,,Greek,Plain,Cup,,,,,,,,,,,,,,,
New,le yaourt grec,PRODUCTS,YOGURTS,Greek,,,,,#DIV/0!,#DIV/0!,0,0,0,0,,,,,,,,,,,,,,,,,,,,,,,,,Yogurt,,,,,,,,,,,,,,,,,
New,non fat greek yogurt macros,PRODUCTS,PLANT BASED YOGURTS,Generic,,,,,#DIV/0!,#DIV/0!,0,0,0,0,,,,,,,,,,,,,,,,,,,,,,,,,Greek,,,Fat,,,,,,,,,,,,,,
New,is there yogurt without sugar,PRODUCTS,YOGURTS,Yogurts,,,,,#DIV/0!,#DIV/0!,0,0,0,0,,,,,,,,,,,,,,,,,,,,,,,,,Yogurt,,,Sugar,,,,,,,,,,,,,,
New,zero percent fat greek yogurt,PRODUCTS,PLANT BASED YOGURTS,Generic,,,,,#DIV/0!,#DIV/0!,0,0,0,0,,,,,,,,,,,,,,,,,,,,,,,,,Greek,,,Fat,,,,,,,,,,,,,,
New,nutrition facts of plain greek yogurt,PRODUCTS,PLANT BASED YOGURTS,Generic,,,,,#DIV/0!,#DIV/0!,0,0,0,0,,,,,,,,,,,,,,,,,,,,,,,,,Greek,Plain,,,,,,,,,,,,,,,,
New,stuff to make with greek yogurt,PRODUCTS,PLANT BASED YOGURTS,Generic,,,,,#DIV/0!,#DIV/0!,0,0,0,0,,,,,,,,,,,,,,,,,,,,,,,,,Greek,,,,,,,,,,,,,,,,,
New,low fat yogurt high in protein,PRODUCTS,YOGURTS,Yogurts,,,,,#DIV/0!,#DIV/0!,0,0,0,0,,,,,,,,,,,,,,,,,,,,,,,,,Yogurt,,,Fat,,,,Rich in protein,,,,,,,,,,
New,oikos protein yogurts,PRODUCTS,PLANT BASED YOGURTS,Generic,,,,,#DIV/0!,#DIV/0!,0,0,0,0,,,,,,,,,,,,,,,,,,,,,,,,,Yogurt,,,,Oikos,,,,,,,,,,,,,
New,yaourt grec nature sans lactose,PRODUCTS,PLANT BASED YOGURTS,Generic,,,,,#DIV/0!,#DIV/0!,0,0,0,0,,,,,,,,,,,,,,,,,,,,,,,,,Yogurt,Plain,,Lactose,,,,,,,,,,,,,,
FR,difference entre yaourt et yaourt grec,PRODUCTS,YOGURTS,Greek,,,,,#DIV/0!,#DIV/0!,0,0,0,0,,,,,,,,,,,,,,,,,,,,,,,,,Greek,,,,,,,,,,,,,,,,,
New,high protein low carb greek yogurt,PRODUCTS,PLANT BASED YOGURTS,Generic,,,,,#DIV/0!,#DIV/0!,0,0,0,0,,,,,,,,,,,,,,,,,,,,,,,,,Greek,,,,,,,Rich in protein,,,,,,,,,,
New,the healthiest yogurt to eat,PRODUCTS,PLANT BASED YOGURTS,Generic,,,,,#DIV/0!,#DIV/0!,0,0,0,0,,,,,,,,,,,,,,,,,,,,,,,,,Yogurt,,,,,,,Healthy,,,,,,,,,,
New,greek yogurt 20g protein,PRODUCTS,PLANT BASED YOGURTS,Generic,,,,,#DIV/0!,#DIV/0!,0,0,0,0,,,,,,,,,,,,,,,,,,,,,,,,,Greek,,Gram,Without,,,,,,,,,,,,,,
New,oikos sugar content,PRODUCTS,PLANT BASED YOGURTS,Generic,,,,,#DIV/0!,#DIV/0!,0,0,0,0,,,,,,,,,,,,,,,,,,,,,,,,,,,,Sugar,Oikos,,,,,,,,,,,,,
New,oikos lactose,PRODUCTS,PLANT BASED YOGURTS,Generic,,,,,#DIV/0!,#DIV/0!,0,0,0,0,,,,,,,,,,,,,,,,,,,,,,,,,,,,Lactose,Oikos,,,,,,,,,,,,,
New,oikos mixed berry calories,EATING BETTER,HEALTHIER EATING,Labels & scoring,,,,,#DIV/0!,#DIV/0!,0,0,0,0,,,,,,,,,,,,,,,,,,,,,,,,,,,,Calorie,Oikos,,,,,,,,,,,,,
New,the best protein yogurt,PRODUCTS,YOGURTS,Yogurts,,,,,#DIV/0!,#DIV/0!,0,0,0,0,,,,,,,,,,,,,,,,,,,,,,,,,Yogurt,,,,,,,,Best,,,,,,,,,
New,which yogurt is better for you,PRODUCTS,YOGURTS,Yogurts,,,,,#DIV/0!,#DIV/0!,0,0,0,0,,,,,,,,,,,,,,,,,,,,,,,,,Yogurt,,,,,,,,,,,,,,,,,
New,without sugar yogurt,PRODUCTS,YOGURTS,Yogurts,,,,,#DIV/0!,#DIV/0!,0,0,0,0,,,,,,,,,,,,,,,,,,,,,,,,,Yogurt,,,Sugar,,,,,,,,,,,,,,
New,best sugar free greek yogurt,PRODUCTS,PLANT BASED YOGURTS,Generic,,,,,#DIV/0!,#DIV/0!,0,0,0,0,,,,,,,,,,,,,,,,,,,,,,,,,Greek,,,Sugar,,,,,Best,,,,,,,,,
New,health benefits of yoghurt,PRODUCTS,PLANT BASED YOGURTS,Generic,,,,,#DIV/0!,#DIV/0!,0,0,0,0,,,,,,,,,,,,,,,,,,,,,,,,,Yogurt,,,,,,,Healthy,,,,,,,,,,
New,oikos triple zero caramel,PRODUCTS,PLANT BASED YOGURTS,Generic,,,,,#DIV/0!,#DIV/0!,0,0,0,0,,,,,,,,,,,,,,,,,,,,,,,,,,Caramel,,,Oikos,,,,,,,,,,,,,
New,protein and yogurt recipes,RECIPES,RECIPES,Recipes with yogurt,,,,,#DIV/0!,#DIV/0!,0,0,0,0,,,,,,,,,,,,,,,,,,,,,,,,,Yogurt,,,,,,,,,,,,,,,,,
New,all protein breakfast,CONSUMER HABITS,MEALS,Breakfast,,,,,#DIV/0!,#DIV/0!,0,0,0,0,,,,,,,,,,,,,,,,,,,,,,,,,,,,,,,,,,,Breakfast,,,,,,,
New,greek style plain yogurt,PRODUCTS,PLANT BASED YOGURTS,Generic,,,,,#DIV/0!,#DIV/0!,0,0,0,0,,,,,,,,,,,,,,,,,,,,,,,,,Greek,Plain,,,,,,,,,,,,,,,,
New,oikos extra cremeux,PRODUCTS,BRANDS,Danone - generic,,,,,#DIV/0!,#DIV/0!,0,0,0,0,,,,,,,,,,,,,,,,,,,,,,,,,,,,,Oikos,,,,,,,,,,,,,
New,sugar free plain yogurt,PRODUCTS,PLANT BASED YOGURTS,Generic,,,,,#DIV/0!,#DIV/0!,0,0,0,0,,,,,,,,,,,,,,,,,,,,,,,,,Yogurt,Plain,,Sugar,,,,,,,,,,,,,,
New,best fat free yogurt,PRODUCTS,YOGURTS,Yogurts,,,,,#DIV/0!,#DIV/0!,0,0,0,0,,,,,,,,,,,,,,,,,,,,,,,,,Yogurt,,,Fat,,,,Fat-free,Best,,,,,,,,,
New,oikos caramel,PRODUCTS,YOGURTS,Greek,,,,,#DIV/0!,#DIV/0!,0,0,0,0,,,,,,,,,,,,,,,,,,,,,,,,,,Caramel,,,Oikos,,,,,,,,,,,,,
New,best healthy yogurt brands,PRODUCTS,PLANT BASED YOGURTS,Generic,,,,,#DIV/0!,#DIV/0!,0,0,0,0,,,,,,,,,,,,,,,,,,,,,,,,,Yogurt,,,,,,,Healthy,Best,,,,,,,,,
New,benefits of high protein yogurt,PRODUCTS,YOGURTS,Yogurts,,,,,#DIV/0!,#DIV/0!,0,0,0,0,,,,,,,,,,,,,,,,,,,,,,,,,Yogurt,,,,,,,Rich in protein,,,,,,,,,,
New,best low sugar greek yogurt canada,PRODUCTS,PLANT BASED YOGURTS,Generic,,,,,#DIV/0!,#DIV/0!,0,0,0,0,,,,,,,,,,,,,,,,,,,,,,,,,Greek,,,Sugar,,,,,Best,,,,,,,,,
New,nutritional value greek yogurt plain,PRODUCTS,PLANT BASED YOGURTS,Generic,,,,,#DIV/0!,#DIV/0!,0,0,0,0,,,,,,,,,,,,,,,,,,,,,,,,,Greek,Plain,,,,,,,,,,,,,,,,
New,oikos nature sans sucre,PRODUCTS,BRANDS,Yogurts,,,,,#DIV/0!,#DIV/0!,0,0,0,0,,,,,,,,,,,,,,,,,,,,,,,,,,Plain,,Without,Oikos,,,,,,,,,,,,,
New,valeur nutritive yaourt grec,PRODUCTS,PLANT BASED YOGURTS,Generic,,,,,#DIV/0!,#DIV/0!,0,0,0,0,,,,,,,,,,,,,,,,,,,,,,,,,Yogurt,,,,,,,,,,,,,,,,,
New,oikos blended greek yogurt nutrition,PRODUCTS,PLANT BASED YOGURTS,Generic,,,,,#DIV/0!,#DIV/0!,0,0,0,0,,,,,,,,,,,,,,,,,,,,,,,,,Greek,,,,Oikos,,,,,,,,,,,,,
New,drinkable oikos,PRODUCTS,YOGURT DRINKS,Yogurt drinks,,,,,#DIV/0!,#DIV/0!,0,0,0,0,,,,,,,,,,,,,,,,,,,,,,,,,,,,,Oikos,,,,,,,,,,,,,
New,what is the best yogurt to buy,PRODUCTS,YOGURTS,Yogurts,,,,,#DIV/0!,#DIV/0!,0,0,0,0,,,,,,,,,,,,,,,,,,,,,,,,,Yogurt,,,,,,,,Best,,,,,,,,,
New,oikos select yogurt,PRODUCTS,BRANDS,Danone - generic,,,,,#DIV/0!,#DIV/0!,0,0,0,0,,,,,,,,,,,,,,,,,,,,,,,,,Yogurt,,,,Oikos,,,,,,,,,,,,,
New,strawberry skyr,PRODUCTS,PLANT BASED YOGURTS,Generic,,,,,#DIV/0!,#DIV/0!,0,0,0,0,,,,,,,,,,,,,,,,,,,,,,,,,Skyr,Strawberry,,,,,,,,,,,,,,,,
New,oikos triple zero drink,PRODUCTS,PLANT BASED YOGURTS,Generic,,,,,#DIV/0!,#DIV/0!,0,0,0,0,,,,,,,,,,,,,,,,,,,,,,,,,,,,,Oikos,,,,,,,,,,,,,
New,unsweetened yogurt brands,PRODUCTS,PLANT BASED YOGURTS,Generic,,,,,#DIV/0!,#DIV/0!,0,0,0,0,,,,,,,,,,,,,,,,,,,,,,,,,Yogurt,,,,,,,,,,,,,,,,,
New,oikos pro drink strawberry banana,PRODUCTS,YOGURT DRINKS,Yogurt drinks,,,,,#DIV/0!,#DIV/0!,0,0,0,0,,,,,,,,,,,,,,,,,,,,,,,,,,Banana,,,Oikos,,,,,,,,,,,,,
New,healthiest lactose free yogurt,PRODUCTS,PLANT BASED YOGURTS,Generic,,,,,#DIV/0!,#DIV/0!,0,0,0,0,,,,,,,,,,,,,,,,,,,,,,,,,Yogurt,,,Lactose,,,,Healthy,,,,,,,,,,
New,high protein greek yogurt ice cream,PRODUCTS,PLANT BASED YOGURTS,Generic,,,,,#DIV/0!,#DIV/0!,0,0,0,0,,,,,,,,,,,,,,,,,,,,,,,,,Greek,,,,,,,Rich in protein,,,,,,,,,,
New,sugar free yogourt,PRODUCTS,PLANT BASED YOGURTS,Generic,,,,,#DIV/0!,#DIV/0!,0,0,0,0,,,,,,,,,,,,,,,,,,,,,,,,,Yogurt,,,Sugar,,,,,,,,,,,,,,
New,oikos plain yogurt ingredients,HEALTH,COMPOSITION,Generic,,,,,#DIV/0!,#DIV/0!,0,0,0,0,,,,,,,,,,,,,,,,,,,,,,,,,Yogurt,Plain,,,Oikos,,,,,,,,,,,,,
New,osikos,PRODUCTS,BRANDS,Danone - generic,,,,,#DIV/0!,#DIV/0!,0,0,0,0,,,,,,,,,,,,,,,,,,,,,,,,,,,,,,,,,,,,,,,,,,
New,healthy greek yogurt breakfast ideas,PRODUCTS,PLANT BASED YOGURTS,Generic,,,,,#DIV/0!,#DIV/0!,0,0,0,0,,,,,,,,,,,,,,,,,,,,,,,,,Greek,,,,,,,Healthy,,,,,,,,,,
New,benefits of eating plain greek yogurt,PRODUCTS,PLANT BASED YOGURTS,Generic,,,,,#DIV/0!,#DIV/0!,0,0,0,0,,,,,,,,,,,,,,,,,,,,,,,,,Greek,Plain,,,,,,,,,,,,,,,,
New,snack foods with protein,CONSUMER HABITS,MEALS,Snack,,,,,#DIV/0!,#DIV/0!,0,0,0,0,,,,,,,,,,,,,,,,,,,,,,,,,,,,,,,,,,,Snack,,,,,,,
New,0 percent fat greek yogurt,PRODUCTS,PLANT BASED YOGURTS,Generic,,,,,#DIV/0!,#DIV/0!,0,0,0,0,,,,,,,,,,,,,,,,,,,,,,,,,Greek,,,Fat,,,,,,,,,,,,,,
New,oikos non dairy yogurt,PRODUCTS,PLANT BASED YOGURTS,Generic,,,,,#DIV/0!,#DIV/0!,0,0,0,0,,,,,,,,,,,,,,,,,,,,,,,,,Yogurt,,,Dairy,Oikos,,,,,,,,,,,,,
New,recipes to make with plain greek yogurt,RECIPES,RECIPES,Recipes with yogurt,,,,,#DIV/0!,#DIV/0!,0,0,0,0,,,,,,,,,,,,,,,,,,,,,,,,,Greek,Plain,,,,,,,,,,,,,,,,
New,whole milk plain greek yogurt nutrition,PRODUCTS,PLANT BASED YOGURTS,Generic,,,,,#DIV/0!,#DIV/0!,0,0,0,0,,,,,,,,,,,,,,,,,,,,,,,,,Greek,Plain,,Milk,,,,,,,,,,,,,,
New,sugar free flavoured yogurt,PRODUCTS,PLANT BASED YOGURTS,Generic,,,,,#DIV/0!,#DIV/0!,0,0,0,0,,,,,,,,,,,,,,,,,,,,,,,,,Yogurt,,,Sugar,,,,,,,,,,,,,,
New,the benefits of greek yogurt,PRODUCTS,PLANT BASED YOGURTS,Generic,,,,,#DIV/0!,#DIV/0!,0,0,0,0,,,,,,,,,,,,,,,,,,,,,,,,,Greek,,,,,,,,,,,,,,,,,
New,unprocessed greek yogurt,PRODUCTS,PLANT BASED YOGURTS,Generic,,,,,#DIV/0!,#DIV/0!,0,0,0,0,,,,,,,,,,,,,,,,,,,,,,,,,Greek,,,,,,,,,,,,,,,,,
New,oikos triple yogurt,PRODUCTS,PLANT BASED YOGURTS,Generic,,,,,#DIV/0!,#DIV/0!,0,0,0,0,,,,,,,,,,,,,,,,,,,,,,,,,Yogurt,,,,Oikos,,,,,,,,,,,,,
New,sugarless yoghurt,PRODUCTS,YOGURTS,Yogurts,,,,,#DIV/0!,#DIV/0!,0,0,0,0,,,,,,,,,,,,,,,,,,,,,,,,,Yogurt,,,Sugar,,,,,,,,,,,,,,
New,thick whole milk greek yogurt,PRODUCTS,PLANT BASED YOGURTS,Generic,,,,,#DIV/0!,#DIV/0!,0,0,0,0,,,,,,,,,,,,,,,,,,,,,,,,,Greek,,,Milk,,,,,,,,,,,,,,
New,0 percent greek yogurt nutrition,PRODUCTS,PLANT BASED YOGURTS,Generic,,,,,#DIV/0!,#DIV/0!,0,0,0,0,,,,,,,,,,,,,,,,,,,,,,,,,Greek,,,Without,,,,,,,,,,,,,,
New,top food high in protein,PRODUCTS,PLANT BASED YOGURTS,Generic,,,,,#DIV/0!,#DIV/0!,0,0,0,0,,,,,,,,,,,,,,,,,,,,,,,,,,,,,,,,Rich in protein,,,,,,,,,,
New,things you can make with greek yogurt,PRODUCTS,PLANT BASED YOGURTS,Generic,,,,,#DIV/0!,#DIV/0!,0,0,0,0,,,,,,,,,,,,,,,,,,,,,,,,,Greek,,,,,,,,,,,,,,,,,
New,why greek yogurt is better than regular,PRODUCTS,PLANT BASED YOGURTS,Generic,,,,,#DIV/0!,#DIV/0!,0,0,0,0,,,,,,,,,,,,,,,,,,,,,,,,,Greek,,,,,,,,,,,,,,,,,
New,greek yogurt brands oikos,PRODUCTS,PLANT BASED YOGURTS,Generic,,,,,#DIV/0!,#DIV/0!,0,0,0,0,,,,,,,,,,,,,,,,,,,,,,,,,Greek,,,,Oikos,,,,,,,,,,,,,
New,high protein no sugar yogurt,PRODUCTS,PLANT BASED YOGURTS,Generic,,,,,#DIV/0!,#DIV/0!,0,0,0,0,,,,,,,,,,,,,,,,,,,,,,,,,Yogurt,,,Sugar,,,,Rich in protein,,,,,,,,,,
New,nutritional value of greek yoghurt,PRODUCTS,PLANT BASED YOGURTS,Generic,,,,,#DIV/0!,#DIV/0!,0,0,0,0,,,,,,,,,,,,,,,,,,,,,,,,,Greek,,,,,,,,,,,,,,,,,
New,oikos yogurt cheesecake,PRODUCTS,BRANDS,Danone - generic,,,,,#DIV/0!,#DIV/0!,0,0,0,0,,,,,,,,,,,,,,,,,,,,,,,,,Yogurt,Cheesecake,,,Oikos,,,,,,,,,,,,,
New,oiko yogurt protein,PRODUCTS,YOGURTS,Yogurts,,,,,#DIV/0!,#DIV/0!,0,0,0,0,,,,,,,,,,,,,,,,,,,,,,,,,Yogurt,,,,Oikos,,,,,,,,,,,,,
New,oikos greek yogurt vanilla 0,PRODUCTS,YOGURTS,Greek,,,,,#DIV/0!,#DIV/0!,0,0,0,0,,,,,,,,,,,,,,,,,,,,,,,,,Greek,Vanilla,,Without,Oikos,,,,,,,,,,,,,
New,high protein mid day snacks,PRODUCTS,PLANT BASED YOGURTS,Generic,,,,,#DIV/0!,#DIV/0!,0,0,0,0,,,,,,,,,,,,,,,,,,,,,,,,,,,,,,,,Rich in protein,,,,,,,,,,
New,yaourt avec le plus de proteine,PRODUCTS,PLANT BASED YOGURTS,Generic,,,,,#DIV/0!,#DIV/0!,0,0,0,0,,,,,,,,,,,,,,,,,,,,,,,,,Yogurt,,,,,,,,,,,,,,,,,
New,the healthiest yogurt brand,PRODUCTS,YOGURTS,Yogurts,,,,,#DIV/0!,#DIV/0!,0,0,0,0,,,,,,,,,,,,,,,,,,,,,,,,,Yogurt,,,,,,,Healthy,,,,,,,,,,
New,best way to get protein for breakfast,PRODUCTS,PLANT BASED YOGURTS,Generic,,,,,#DIV/0!,#DIV/0!,0,0,0,0,,,,,,,,,,,,,,,,,,,,,,,,,,,,,,,,,Best,,,,,,,,,
New,oikos o,PRODUCTS,PLANT BASED YOGURTS,Generic,,,,,#DIV/0!,#DIV/0!,0,0,0,0,,,,,,,,,,,,,,,,,,,,,,,,,,,,,Oikos,,,,,,,,,,,,,
New,top greek yogurt brands,PRODUCTS,PLANT BASED YOGURTS,Generic,,,,,#DIV/0!,#DIV/0!,0,0,0,0,,,,,,,,,,,,,,,,,,,,,,,,,Greek,,,,,,,,,,,,,,,,,
New,benefits of plain greek yogurt for females,PRODUCTS,PLANT BASED YOGURTS,Generic,,,,,#DIV/0!,#DIV/0!,0,0,0,0,,,,,,,,,,,,,,,,,,,,,,,,,Greek,Plain,,,,,,,,,,,,,,,,
New,greek yogurt ok for lactose intolerant,HEALTH,ALLERGIES & INTOLERANCES,Lactose intolerance,,,,,#DIV/0!,#DIV/0!,0,0,0,0,,,,,,,,,,,,,,,,,,,,,,,,,Greek,,,Lactose,,,,,,,,,,,,,,
New,oikos select calories,PRODUCTS,PLANT BASED YOGURTS,Generic,,,,,#DIV/0!,#DIV/0!,0,0,0,0,,,,,,,,,,,,,,,,,,,,,,,,,,,,Calorie,Oikos,,,,,,,,,,,,,
New,oikos blended yogurt,PRODUCTS,YOGURTS,Yogurts,,,,,#DIV/0!,#DIV/0!,0,0,0,0,,,,,,,,,,,,,,,,,,,,,,,,,Yogurt,,,,Oikos,,,,,,,,,,,,,
New,oikos orange cream,PRODUCTS,YOGURTS,Greek,,,,,#DIV/0!,#DIV/0!,0,0,0,0,,,,,,,,,,,,,,,,,,,,,,,,,,Orange,,,Oikos,,,,,,,,,,,,,
New,best lactose free yoghurt,PRODUCTS,YOGURTS,Yogurts,,,,,#DIV/0!,#DIV/0!,0,0,0,0,,,,,,,,,,,,,,,,,,,,,,,,,Yogurt,,,Lactose,,,,,Best,,,,,,,,,
New,plain oikos pro high protein yogurt,PRODUCTS,BRANDS,Danone - generic,,,,,#DIV/0!,#DIV/0!,0,0,0,0,,,,,,,,,,,,,,,,,,,,,,,,,Yogurt,Plain,,,Oikos,,,Rich in protein,,,,,,,,,,
New,oikos pro mixed berry,PRODUCTS,BRANDS,Danone - generic,,,,,#DIV/0!,#DIV/0!,0,0,0,0,,,,,,,,,,,,,,,,,,,,,,,,,,,,,Oikos,,,,,,,,,,,,,
New,proteine dans yogourt grec,PRODUCTS,YOGURTS,Greek,,,,,#DIV/0!,#DIV/0!,0,0,0,0,,,,,,,,,,,,,,,,,,,,,,,,,Yogurt,,,,,,,,,,,,,,,,,
New,which yoghurt is healthy,PRODUCTS,YOGURTS,Yogurts,,,,,#DIV/0!,#DIV/0!,0,0,0,0,,,,,,,,,,,,,,,,,,,,,,,,,Yogurt,,,,,,,Healthy,,,,,,,,,,
New,nutrition in 1 cup greek yogurt,PRODUCTS,PLANT BASED YOGURTS,Generic,,,,,#DIV/0!,#DIV/0!,0,0,0,0,,,,,,,,,,,,,,,,,,,,,,,,,Greek,,Cup,,,,,,,,,,,,,,,
New,the best dairy free yogurt,PRODUCTS,PLANT BASED YOGURTS,Generic,,,,,#DIV/0!,#DIV/0!,0,0,0,0,,,,,,,,,,,,,,,,,,,,,,,,,Yogurt,,,Dairy,,,,,Best,,,,,,,,,
New,top greek yogurts,PRODUCTS,PLANT BASED YOGURTS,Generic,,,,,#DIV/0!,#DIV/0!,0,0,0,0,,,,,,,,,,,,,,,,,,,,,,,,,Greek,,,,,,,,,,,,,,,,,
New,high protein yogurt vegan,PRODUCTS,PLANT BASED YOGURTS,Generic,,,,,#DIV/0!,#DIV/0!,0,0,0,0,,,,,,,,,,,,,,,,,,,,,,,,,Yogurt,,,,,,,Rich in protein,,,,,,,,,,
New,ingredients in oikos vanilla greek yogurt,HEALTH,COMPOSITION,Generic,,,,,#DIV/0!,#DIV/0!,0,0,0,0,,,,,,,,,,,,,,,,,,,,,,,,,Greek,Vanilla,,,Oikos,,,,,,,,,,,,,
New,high protein meal after gym,PRODUCTS,PLANT BASED YOGURTS,Generic,,,,,#DIV/0!,#DIV/0!,0,0,0,0,,,,,,,,,,,,,,,,,,,,,,,,,,,,,,,,Rich in protein,,,,,,,,,,
New,health benefits of yogourt,PRODUCTS,PLANT BASED YOGURTS,Generic,,,,,#DIV/0!,#DIV/0!,0,0,0,0,,,,,,,,,,,,,,,,,,,,,,,,,Yogurt,,,,,,,Healthy,,,,,,,,,,
New,o sugar yogurt,PRODUCTS,YOGURTS,Yogurts,,,,,#DIV/0!,#DIV/0!,0,0,0,0,,,,,,,,,,,,,,,,,,,,,,,,,Yogurt,,,Sugar,,,,,,,,,,,,,,
New,oikos protein yoghurt,PRODUCTS,BRANDS,Danone - generic,,,,,#DIV/0!,#DIV/0!,0,0,0,0,,,,,,,,,,,,,,,,,,,,,,,,,Yogurt,,,,Oikos,,,,,,,,,,,,,
New,what is the highest protein yogurt,PRODUCTS,YOGURTS,Yogurts,,,,,#DIV/0!,#DIV/0!,0,0,0,0,,,,,,,,,,,,,,,,,,,,,,,,,Yogurt,,,,,,,Rich in protein,,,,,,,,,,
New,oikos new flavors,PRODUCTS,PLANT BASED YOGURTS,Generic,,,,,#DIV/0!,#DIV/0!,0,0,0,0,,,,,,,,,,,,,,,,,,,,,,,,,,,,,Oikos,,,,,,,,,,,,,
New,are there dairy free yogurts,PRODUCTS,YOGURTS,Yogurts,,,,,#DIV/0!,#DIV/0!,0,0,0,0,,,,,,,,,,,,,,,,,,,,,,,,,Yogurt,,,Dairy,,,,,,,,,,,,,,
New,okasis yogurt,PRODUCTS,PLANT BASED YOGURTS,Generic,,,,,#DIV/0!,#DIV/0!,0,0,0,0,,,,,,,,,,,,,,,,,,,,,,,,,Yogurt,,,,,,,,,,,,,,,,,
New,yaourt proteine a boire,PRODUCTS,PLANT BASED YOGURTS,Generic,,,,,#DIV/0!,#DIV/0!,0,0,0,0,,,,,,,,,,,,,,,,,,,,,,,,,Yogurt,,,,,,,,,,,,,,,,,
New,the best greek yogurt on the market,PRODUCTS,PLANT BASED YOGURTS,Generic,,,,,#DIV/0!,#DIV/0!,0,0,0,0,,,,,,,,,,,,,,,,,,,,,,,,,Greek,,,,,,,,Best,,,,,,,,,
New,oikos triple zero mixed berry,PRODUCTS,PLANT BASED YOGURTS,Generic,,,,,#DIV/0!,#DIV/0!,0,0,0,0,,,,,,,,,,,,,,,,,,,,,,,,,,,,,Oikos,,,,,,,,,,,,,
New,all protein snacks,CONSUMER HABITS,MEALS,Snack,,,,,#DIV/0!,#DIV/0!,0,0,0,0,,,,,,,,,,,,,,,,,,,,,,,,,,,,,,,,,,,Snack,,,,,,,
New,which yogurt is lactose free,PRODUCTS,YOGURTS,Yogurts,,,,,#DIV/0!,#DIV/0!,0,0,0,0,,,,,,,,,,,,,,,,,,,,,,,,,Yogurt,,,Lactose,,,,,,,,,,,,,,
New,whole milk greek yogurt brands,PRODUCTS,YOGURTS,Greek,,,,,#DIV/0!,#DIV/0!,0,0,0,0,,,,,,,,,,,,,,,,,,,,,,,,,Greek,,,Milk,,,,,,,,,,,,,,
New,organic greek yogurt brands,PRODUCTS,PLANT BASED YOGURTS,Generic,,,,,#DIV/0!,#DIV/0!,0,0,0,0,,,,,,,,,,,,,,,,,,,,,,,,,Greek,,,,,,,,,Bio,,,,,,,,
New,best high protein low sugar greek yogurt,PRODUCTS,YOGURTS,Greek,,,,,#DIV/0!,#DIV/0!,0,0,0,0,,,,,,,,,,,,,,,,,,,,,,,,,Greek,,,Sugar,,,,Rich in protein,Best,,,,,,,,,
New,yaourt grec danone oikos,PRODUCTS,BRANDS,Danone - generic,,,,,#DIV/0!,#DIV/0!,0,0,0,0,,,,,,,,,,,,,,,,,,,,,,,,,Yogurt,,,,Oikos,,,,,,,,,,,,,
New,oikos single serve,PRODUCTS,PLANT BASED YOGURTS,Generic,,,,,#DIV/0!,#DIV/0!,0,0,0,0,,,,,,,,,,,,,,,,,,,,,,,,,,,,,Oikos,,,,,,,,,,,,,
New,oikos nonfat plain greek yogurt,PRODUCTS,PLANT BASED YOGURTS,Generic,,,,,#DIV/0!,#DIV/0!,0,0,0,0,,,,,,,,,,,,,,,,,,,,,,,,,Greek,Plain,,Fat,Oikos,,,,,,,,,,,,,
New,how many carbs does greek yogurt have,PRODUCTS,YOGURTS,Greek,,,,,#DIV/0!,#DIV/0!,0,0,0,0,,,,,,,,,,,,,,,,,,,,,,,,,Greek,,,,,,,,,,,,,,,,,
New,oikos cup calories,EATING BETTER,HEALTHIER EATING,Labels & scoring,,,,,#DIV/0!,#DIV/0!,0,0,0,0,,,,,,,,,,,,,,,,,,,,,,,,,,,Cup,Calorie,Oikos,,,,,,,,,,,,,
New,0g sugar yogurt,PRODUCTS,PLANT BASED YOGURTS,Generic,,,,,#DIV/0!,#DIV/0!,0,0,0,0,,,,,,,,,,,,,,,,,,,,,,,,,Yogurt,,Gram,Sugar,,,,,,,,,,,,,,
New,oikos plain nonfat greek yogurt,PRODUCTS,PLANT BASED YOGURTS,Generic,,,,,#DIV/0!,#DIV/0!,0,0,0,0,,,,,,,,,,,,,,,,,,,,,,,,,Greek,Plain,,Fat,Oikos,,,,,,,,,,,,,
New,oikos triple zero strawberry yogurt nutrition facts,PRODUCTS,PLANT BASED YOGURTS,Generic,,,,,#DIV/0!,#DIV/0!,0,0,0,0,,,,,,,,,,,,,,,,,,,,,,,,,Yogurt,Strawberry,,,Oikos,,,,,,,,,,,,,
New,the best greek yogurt for weight loss,PRODUCTS,PLANT BASED YOGURTS,Generic,,,,,#DIV/0!,#DIV/0!,0,0,0,0,,,,,,,,,,,,,,,,,,,,,,,,,Greek,,,,,,,,Best,,,,,,,,,
New,oikos pro mixed berry yogurt,PRODUCTS,BRANDS,Danone - generic,,,,,#DIV/0!,#DIV/0!,0,0,0,0,,,,,,,,,,,,,,,,,,,,,,,,,Yogurt,,,,Oikos,,,,,,,,,,,,,
New,best low fat high protein yogurt,PRODUCTS,YOGURTS,Yogurts,,,,,#DIV/0!,#DIV/0!,0,0,0,0,,,,,,,,,,,,,,,,,,,,,,,,,Yogurt,,,Fat,,,,Rich in protein,Best,,,,,,,,,
New,how many calories are in oikos yogurt,PRODUCTS,PLANT BASED YOGURTS,Generic,,,,,#DIV/0!,#DIV/0!,0,0,0,0,,,,,,,,,,,,,,,,,,,,,,,,,Yogurt,,,Calorie,Oikos,,,,,,,,,,,,,
New,healthy greek yogurt parfait recipe,PRODUCTS,PLANT BASED YOGURTS,Generic,,,,,#DIV/0!,#DIV/0!,0,0,0,0,,,,,,,,,,,,,,,,,,,,,,,,,Greek,,,,,,,Healthy,,,,,,,,,,
New,oikos triple zero nutrition label,PRODUCTS,PLANT BASED YOGURTS,Generic,,,,,#DIV/0!,#DIV/0!,0,0,0,0,,,,,,,,,,,,,,,,,,,,,,,,,,,,,Oikos,,,,,,,,,,,,,
New,sugar free yogurt near me,PRODUCTS,PLANT BASED YOGURTS,Generic,,,,,#DIV/0!,#DIV/0!,0,0,0,0,,,,,,,,,,,,,,,,,,,,,,,,,Yogurt,,,Sugar,,,,,,,,,,,,,,
New,greek yogurt properties,PRODUCTS,PLANT BASED YOGURTS,Generic,,,,,#DIV/0!,#DIV/0!,0,0,0,0,,,,,,,,,,,,,,,,,,,,,,,,,Greek,,,,,,,,,,,,,,,,,
New,high protein cookie dough greek yogurt,PRODUCTS,PLANT BASED YOGURTS,Generic,,,,,#DIV/0!,#DIV/0!,0,0,0,0,,,,,,,,,,,,,,,,,,,,,,,,,Greek,,,,,,,Rich in protein,,,,,,,,,,
New,best nonfat greek yogurt,PRODUCTS,YOGURTS,Greek,,,,,#DIV/0!,#DIV/0!,0,0,0,0,,,,,,,,,,,,,,,,,,,,,,,,,Greek,,,Fat,,,,,Best,,,,,,,,,
New,oikos greek vanilla,PRODUCTS,YOGURTS,Greek,,,,,#DIV/0!,#DIV/0!,0,0,0,0,,,,,,,,,,,,,,,,,,,,,,,,,Greek,Vanilla,,,Oikos,,,,,,,,,,,,,
New,why is plain greek yogurt good for you,PRODUCTS,PLANT BASED YOGURTS,Generic,,,,,#DIV/0!,#DIV/0!,0,0,0,0,,,,,,,,,,,,,,,,,,,,,,,,,Greek,Plain,,,,,,,Good or bad,,,,,,,,,
New,vanilla oikos pro,PRODUCTS,PLANT BASED YOGURTS,Generic,,,,,#DIV/0!,#DIV/0!,0,0,0,0,,,,,,,,,,,,,,,,,,,,,,,,,,Vanilla,,,Oikos,,,,,,,,,,,,,
New,ways to add protein to breakfast,PRODUCTS,PLANT BASED YOGURTS,Generic,,,,,#DIV/0!,#DIV/0!,0,0,0,0,,,,,,,,,,,,,,,,,,,,,,,,,,,,,,,,,,,,,,,,,,
New,voskos yogurt,PRODUCTS,PLANT BASED YOGURTS,Generic,,,,,#DIV/0!,#DIV/0!,0,0,0,0,,,,,,,,,,,,,,,,,,,,,,,,,Yogurt,,,,,,,,,,,,,,,,,
New,oikos vanilla yogurt ingredients,HEALTH,COMPOSITION,Generic,,,,,#DIV/0!,#DIV/0!,0,0,0,0,,,,,,,,,,,,,,,,,,,,,,,,,Yogurt,Vanilla,,,Oikos,,,,,,,,,,,,,
New,non fat no sugar greek yogurt,PRODUCTS,PLANT BASED YOGURTS,Generic,,,,,#DIV/0!,#DIV/0!,0,0,0,0,,,,,,,,,,,,,,,,,,,,,,,,,Greek,,,Fat,,,,Sugar-free,,,,,,,,,,
New,oikos raspberry pomegranate nutrition,PRODUCTS,PLANT BASED YOGURTS,Generic,,,,,#DIV/0!,#DIV/0!,0,0,0,0,,,,,,,,,,,,,,,,,,,,,,,,,,Apple,,Omega 3,Oikos,,,,,,,,,,,,,
New,unsweetened vanilla greek yogurt,PRODUCTS,YOGURTS,Greek,,,,,#DIV/0!,#DIV/0!,0,0,0,0,,,,,,,,,,,,,,,,,,,,,,,,,Greek,Vanilla,,,,,,,,,,,,,,,,
New,what are the advantages of greek yogurt,PRODUCTS,YOGURTS,Greek,,,,,#DIV/0!,#DIV/0!,0,0,0,0,,,,,,,,,,,,,,,,,,,,,,,,,Greek,,,,,,,,Advantages,,,,,,,,,
New,oikos plus,PRODUCTS,BRANDS,Danone - generic,,,,,#DIV/0!,#DIV/0!,0,0,0,0,,,,,,,,,,,,,,,,,,,,,,,,,,,,,Oikos,,,,,,,,,,,,,
New,what can you do with greek yogurt,PRODUCTS,PLANT BASED YOGURTS,Generic,,,,,#DIV/0!,#DIV/0!,0,0,0,0,,,,,,,,,,,,,,,,,,,,,,,,,Greek,,,,,,,,,,,,,,,,,
New,non dairy yogurt options,PRODUCTS,PLANT BASED YOGURTS,Generic,,,,,#DIV/0!,#DIV/0!,0,0,0,0,,,,,,,,,,,,,,,,,,,,,,,,,Yogurt,,,Dairy,,,,,,,,,,,,,,
New,oikos pro zero,PRODUCTS,PLANT BASED YOGURTS,Generic,,,,,#DIV/0!,#DIV/0!,0,0,0,0,,,,,,,,,,,,,,,,,,,,,,,,,,,,,Oikos,,,,,,,,,,,,,
New,yaourt grec 0 matière grasse,PRODUCTS,PLANT BASED YOGURTS,Generic,,,,,#DIV/0!,#DIV/0!,0,0,0,0,,,,,,,,,,,,,,,,,,,,,,,,,Yogurt,,,Without,,,,,,,,,,,,,,
New,vanilla greek yogurt sugar free,PRODUCTS,PLANT BASED YOGURTS,Generic,,,,,#DIV/0!,#DIV/0!,0,0,0,0,,,,,,,,,,,,,,,,,,,,,,,,,Greek,Vanilla,,Sugar,,,,,,,,,,,,,,
New,oikos protein yogurt flavors,PRODUCTS,BRANDS,Danone - generic,,,,,#DIV/0!,#DIV/0!,0,0,0,0,,,,,,,,,,,,,,,,,,,,,,,,,Yogurt,,,,Oikos,,,,,,,,,,,,,
New,flavored greek yogurt healthy,PRODUCTS,PLANT BASED YOGURTS,Generic,,,,,#DIV/0!,#DIV/0!,0,0,0,0,,,,,,,,,,,,,,,,,,,,,,,,,Greek,,,,,,,Healthy,,,,,,,,,,
New,yaourt a boire proteine,PRODUCTS,PLANT BASED YOGURTS,Generic,,,,,#DIV/0!,#DIV/0!,0,0,0,0,,,,,,,,,,,,,,,,,,,,,,,,,Yogurt,,,,,,,,,,,,,,,,,
New,what's the best yogurt to buy,PRODUCTS,YOGURTS,Yogurts,,,,,#DIV/0!,#DIV/0!,0,0,0,0,,,,,,,,,,,,,,,,,,,,,,,,,Yogurt,,,,,,,,Best,,,,,,,,,
New,oikos vanilla greek,PRODUCTS,YOGURTS,Greek,,,,,#DIV/0!,#DIV/0!,0,0,0,0,,,,,,,,,,,,,,,,,,,,,,,,,Greek,Vanilla,,,Oikos,,,,,,,,,,,,,
New,what is the best low sugar yogurt,PRODUCTS,YOGURTS,Yogurts,,,,,#DIV/0!,#DIV/0!,0,0,0,0,,,,,,,,,,,,,,,,,,,,,,,,,Yogurt,,,Sugar,,,,,Best,,,,,,,,,
New,yaourt sans matiere grasse,PRODUCTS,YOGURTS,Yogurts,,,,,#DIV/0!,#DIV/0!,0,0,0,0,,,,,,,,,,,,,,,,,,,,,,,,,Yogurt,,,Without,,,,,,,,,,,,,,
New,oikos calcium,HEALTH,FOOD SUPPLEMENTS,Calcium,,,,,#DIV/0!,#DIV/0!,0,0,0,0,,,,,,,,,,,,,,,,,,,,,,,,,,,,Calcium,Oikos,,,,,,,,,,,,,
New,oikos yogurt mixed berry,PRODUCTS,PLANT BASED YOGURTS,Generic,,,,,#DIV/0!,#DIV/0!,0,0,0,0,,,,,,,,,,,,,,,,,,,,,,,,,Yogurt,,,,Oikos,,,,,,,,,,,,,
New,no sugar vanilla greek yogurt,PRODUCTS,PLANT BASED YOGURTS,Generic,,,,,#DIV/0!,#DIV/0!,0,0,0,0,,,,,,,,,,,,,,,,,,,,,,,,,Greek,Vanilla,,Sugar,,,,Sugar-free,,,,,,,,,,
New,oikos pro complete protein,PRODUCTS,BRANDS,Danone - generic,,,,,#DIV/0!,#DIV/0!,0,0,0,0,,,,,,,,,,,,,,,,,,,,,,,,,,,,,Oikos,,,,,,,,,,,,,
New,protein in oikos yogurt,PRODUCTS,BRANDS,Danone - generic,,,,,#DIV/0!,#DIV/0!,0,0,0,0,,,,,,,,,,,,,,,,,,,,,,,,,Yogurt,,,,Oikos,,,,,,,,,,,,,
New,what yogurt has the highest protein,PRODUCTS,YOGURTS,Yogurts,,,,,#DIV/0!,#DIV/0!,0,0,0,0,,,,,,,,,,,,,,,,,,,,,,,,,Yogurt,,,,,,,Rich in protein,,,,,,,,,,
New,iogo protein vanilla,PRODUCTS,PLANT BASED YOGURTS,Generic,,,,,#DIV/0!,#DIV/0!,0,0,0,0,,,,,,,,,,,,,,,,,,,,,,,,,,Vanilla,,,,,,,,,,,,,,,,
New,greek yogurt protein powder mousse,PRODUCTS,PLANT BASED YOGURTS,Generic,,,,,#DIV/0!,#DIV/0!,0,0,0,0,,,,,,,,,,,,,,,,,,,,,,,,,Greek,,,,,,,,,,,,,,,,,
New,oikos protein yogurt strawberry,PRODUCTS,PLANT BASED YOGURTS,Generic,,,,,#DIV/0!,#DIV/0!,0,0,0,0,,,,,,,,,,,,,,,,,,,,,,,,,Yogurt,Strawberry,,,Oikos,,,,,,,,,,,,,
New,oikos coconut greek yogurt nutrition,EATING BETTER,HEALTHIER EATING,Labels & scoring,,,,,#DIV/0!,#DIV/0!,0,0,0,0,,,,,,,,,,,,,,,,,,,,,,,,,Greek,Coconut,,,Oikos,,,,,,,,,,,,,
New,best tasting fat free greek yogurt,PRODUCTS,YOGURTS,Greek,,,,,#DIV/0!,#DIV/0!,0,0,0,0,,,,,,,,,,,,,,,,,,,,,,,,,Greek,,,Fat,,,,Fat-free,Best,,,,,,,,,
New,is greek yogurt and fruit healthy,PRODUCTS,PLANT BASED YOGURTS,Generic,,,,,#DIV/0!,#DIV/0!,0,0,0,0,,,,,,,,,,,,,,,,,,,,,,,,,Greek,,,,,,,Healthy,,,,,,,,,,
New,is greek yogurt better than other yogurts,PRODUCTS,YOGURTS,Greek,,,,,#DIV/0!,#DIV/0!,0,0,0,0,,,,,,,,,,,,,,,,,,,,,,,,,Greek,,,,,,,,,,,,,,,,,
New,oska yogurt,PRODUCTS,PLANT BASED YOGURTS,Generic,,,,,#DIV/0!,#DIV/0!,0,0,0,0,,,,,,,,,,,,,,,,,,,,,,,,,Yogurt,,,,,,,,,,,,,,,,,
New,vanilla protein yogurt oikos,PRODUCTS,PLANT BASED YOGURTS,Generic,,,,,#DIV/0!,#DIV/0!,0,0,0,0,,,,,,,,,,,,,,,,,,,,,,,,,Yogurt,Vanilla,,,Oikos,,,,,,,,,,,,,
New,best quality greek yogurt,PRODUCTS,YOGURTS,Greek,,,,,#DIV/0!,#DIV/0!,0,0,0,0,,,,,,,,,,,,,,,,,,,,,,,,,Greek,,,,,,,,Best,,,,,,,,,
New,yaourt riche en proteine,HEALTH,COMPOSITION,Proteins,,,,,#DIV/0!,#DIV/0!,0,0,0,0,,,,,,,,,,,,,,,,,,,,,,,,,Yogurt,,,,,,,Rich in protein,,,,,,,,,,
New,yaourt oikos calories,EATING BETTER,HEALTHIER EATING,Labels & scoring,,,,,#DIV/0!,#DIV/0!,0,0,0,0,,,,,,,,,,,,,,,,,,,,,,,,,Yogurt,,,Calorie,Oikos,,,,,,,,,,,,,
New,2kg greek yoghurt,PRODUCTS,PLANT BASED YOGURTS,Generic,,,,,#DIV/0!,#DIV/0!,0,0,0,0,,,,,,,,,,,,,,,,,,,,,,,,,Greek,,Gram,,,,,,,,,,,,,,,
New,oikos pro 23g protein drink strawberry banana,PRODUCTS,YOGURT DRINKS,Yogurt drinks,,,,,#DIV/0!,#DIV/0!,0,0,0,0,,,,,,,,,,,,,,,,,,,,,,,,,,Banana,,,Oikos,,,,,,,,,,,,,
New,what are some protein snacks,PRODUCTS,PLANT BASED YOGURTS,Generic,,,,,#DIV/0!,#DIV/0!,0,0,0,0,,,,,,,,,,,,,,,,,,,,,,,,,,,,,,,,,,,,,,,,,,
New,jalna greek yoghurt,PRODUCTS,PLANT BASED YOGURTS,Generic,,,,,#DIV/0!,#DIV/0!,0,0,0,0,,,,,,,,,,,,,,,,,,,,,,,,,Greek,,,,,,,,,,,,,,,,,
New,no sugar high protein yogurt,PRODUCTS,YOGURTS,Yogurts,,,,,#DIV/0!,#DIV/0!,0,0,0,0,,,,,,,,,,,,,,,,,,,,,,,,,Yogurt,,,Sugar,,,,Rich in protein,,,,,,,,,,
New,oikos drinkable protein,PRODUCTS,PLANT BASED YOGURTS,Generic,,,,,#DIV/0!,#DIV/0!,0,0,0,0,,,,,,,,,,,,,,,,,,,,,,,,,,,,,Oikos,,,,,,,,,,,,,
New,what brand of yogurt has the most protein,PRODUCTS,PLANT BASED YOGURTS,Generic,,,,,#DIV/0!,#DIV/0!,0,0,0,0,,,,,,,,,,,,,,,,,,,,,,,,,Yogurt,,,,,,,,,,,,,,,,,
New,what can you make with plain greek yogurt,PRODUCTS,PLANT BASED YOGURTS,Generic,,,,,#DIV/0!,#DIV/0!,0,0,0,0,,,,,,,,,,,,,,,,,,,,,,,,,Greek,Plain,,,,,,,,,,,,,,,,
New,no sugar yoghurt,PRODUCTS,PLANT BASED YOGURTS,Generic,,,,,#DIV/0!,#DIV/0!,0,0,0,0,,,,,,,,,,,,,,,,,,,,,,,,,Yogurt,,,Sugar,,,,Sugar-free,,,,,,,,,,
New,what can you make with greek yoghurt,PRODUCTS,PLANT BASED YOGURTS,Generic,,,,,#DIV/0!,#DIV/0!,0,0,0,0,,,,,,,,,,,,,,,,,,,,,,,,,Greek,,,,,,,,,,,,,,,,,
New,what greek yogurt is best for weight loss,PRODUCTS,PLANT BASED YOGURTS,Generic,,,,,#DIV/0!,#DIV/0!,0,0,0,0,,,,,,,,,,,,,,,,,,,,,,,,,Greek,,,,,,,,Best,,,,,,,,,
New,what is the best greek yogurt to buy,PRODUCTS,YOGURTS,Greek,,,,,#DIV/0!,#DIV/0!,0,0,0,0,,,,,,,,,,,,,,,,,,,,,,,,,Greek,,,,,,,,Best,,,,,,,,,
New,what are the best high protein snacks,PRODUCTS,PLANT BASED YOGURTS,Generic,,,,,#DIV/0!,#DIV/0!,0,0,0,0,,,,,,,,,,,,,,,,,,,,,,,,,,,,,,,,Rich in protein,Best,,,,,,,,,
New,what is so special about greek yogurt,PRODUCTS,PLANT BASED YOGURTS,Generic,,,,,#DIV/0!,#DIV/0!,0,0,0,0,,,,,,,,,,,,,,,,,,,,,,,,,Greek,,,,,,,,,,,,,,,,,
New,oikos vanilla calories,PRODUCTS,PLANT BASED YOGURTS,Generic,,,,,#DIV/0!,#DIV/0!,0,0,0,0,,,,,,,,,,,,,,,,,,,,,,,,,,Vanilla,,Calorie,Oikos,,,,,,,,,,,,,
New,oikos max,PRODUCTS,BRANDS,Danone - generic,,,,,#DIV/0!,#DIV/0!,0,0,0,0,,,,,,,,,,,,,,,,,,,,,,,,,,,,,Oikos,,,,,,,,,,,,,
New,oikos pro plain greek yogurt,PRODUCTS,YOGURTS,Greek,,,,,#DIV/0!,#DIV/0!,0,0,0,0,,,,,,,,,,,,,,,,,,,,,,,,,Greek,Plain,,,Oikos,,,,,,,,,,,,,
New,can you get lactose free yoghurt,PRODUCTS,YOGURTS,Yogurts,,,,,#DIV/0!,#DIV/0!,0,0,0,0,,,,,,,,,,,,,,,,,,,,,,,,,Yogurt,,,Lactose,,,,,,,,,,,,,,
New,how much sugar is in oikos yogurt,PRODUCTS,PLANT BASED YOGURTS,Generic,,,,,#DIV/0!,#DIV/0!,0,0,0,0,,,,,,,,,,,,,,,,,,,,,,,,,Yogurt,,,Sugar,Oikos,,,,,,,,,,,,,
New,oikos plain yogurt protein,PRODUCTS,PLANT BASED YOGURTS,Generic,,,,,#DIV/0!,#DIV/0!,0,0,0,0,,,,,,,,,,,,,,,,,,,,,,,,,Yogurt,Plain,,,Oikos,,,,,,,,,,,,,
New,plain greek yogurt 0 fat,PRODUCTS,PLANT BASED YOGURTS,Generic,,,,,#DIV/0!,#DIV/0!,0,0,0,0,,,,,,,,,,,,,,,,,,,,,,,,,Greek,Plain,,Fat,,,,Fat-free,,,,,,,,,,
New,what can i eat greek yogurt with,PRODUCTS,PLANT BASED YOGURTS,Generic,,,,,#DIV/0!,#DIV/0!,0,0,0,0,,,,,,,,,,,,,,,,,,,,,,,,,Greek,,,,,,,,,,,,,,,,,
New,best yogurt with no sugar,PRODUCTS,YOGURTS,Yogurts,,,,,#DIV/0!,#DIV/0!,0,0,0,0,,,,,,,,,,,,,,,,,,,,,,,,,Yogurt,,,Sugar,,,,Sugar-free,Best,,,,,,,,,
New,yaourt grec sans sucre,PRODUCTS,YOGURTS,Greek,,,,,#DIV/0!,#DIV/0!,0,0,0,0,,,,,,,,,,,,,,,,,,,,,,,,,Yogurt,,,Without,,,,,,,,,,,,,,
New,yaourt oikos nature,PRODUCTS,PLANT BASED YOGURTS,Generic,,,,,#DIV/0!,#DIV/0!,0,0,0,0,,,,,,,,,,,,,,,,,,,,,,,,,Yogurt,Plain,,,Oikos,,,,,,,,,,,,,
FR,is oikos pro lactose free,PRODUCTS,BRANDS,Danone - generic,,,,,#DIV/0!,#DIV/0!,0,0,0,0,,,,,,,,,,,,,,,,,,,,,,,,,,,,Lactose,Oikos,,,,,,,,,,,,,
New,oikos pro yogurt flavors,PRODUCTS,BRANDS,Danone - generic,,,,,#DIV/0!,#DIV/0!,0,0,0,0,,,,,,,,,,,,,,,,,,,,,,,,,Yogurt,,,,Oikos,,,,,,,,,,,,,
New,oikos complete protein,PRODUCTS,PLANT BASED YOGURTS,Generic,,,,,#DIV/0!,#DIV/0!,0,0,0,0,,,,,,,,,,,,,,,,,,,,,,,,,,,,,Oikos,,,,,,,,,,,,,
New,oikos yoghurt protein,PRODUCTS,BRANDS,Danone - generic,,,,,#DIV/0!,#DIV/0!,0,0,0,0,,,,,,,,,,,,,,,,,,,,,,,,,Yogurt,,,,Oikos,,,,,,,,,,,,,
New,what can i do with plain greek yogurt,PRODUCTS,PLANT BASED YOGURTS,Generic,,,,,#DIV/0!,#DIV/0!,0,0,0,0,,,,,,,,,,,,,,,,,,,,,,,,,Greek,Plain,,,,,,,,,,,,,,,,
New,what is greek yogurt made with,PRODUCTS,PLANT BASED YOGURTS,Generic,,,,,#DIV/0!,#DIV/0!,0,0,0,0,,,,,,,,,,,,,,,,,,,,,,,,,Greek,,,,,,,,,,,,,,,,,
New,yaourts oikos,PRODUCTS,BRANDS,Danone - generic,,,,,#DIV/0!,#DIV/0!,0,0,0,0,,,,,,,,,,,,,,,,,,,,,,,,,Yogurt,,,,Oikos,,,,,,,,,,,,,
New,low sugar plain greek yogurt,PRODUCTS,PLANT BASED YOGURTS,Generic,,,,,#DIV/0!,#DIV/0!,0,0,0,0,,,,,,,,,,,,,,,,,,,,,,,,,Greek,Plain,,Sugar,,,,,,,,,,,,,,
New,healthy protein yogurt,PRODUCTS,PLANT BASED YOGURTS,Generic,,,,,#DIV/0!,#DIV/0!,0,0,0,0,,,,,,,,,,,,,,,,,,,,,,,,,Yogurt,,,,,,,Healthy,,,,,,,,,,
New,what is oikos triple zero,PRODUCTS,PLANT BASED YOGURTS,Generic,,,,,#DIV/0!,#DIV/0!,0,0,0,0,,,,,,,,,,,,,,,,,,,,,,,,,,,,,Oikos,,,,,,,,,,,,,
New,oikos drinkable yogurt nutrition facts,PRODUCTS,PLANT BASED YOGURTS,Generic,,,,,#DIV/0!,#DIV/0!,0,0,0,0,,,,,,,,,,,,,,,,,,,,,,,,,Yogurt,,,,Oikos,,,,,,,,,,,,,
New,yogourt grec à la vanille,PRODUCTS,YOGURTS,Greek,,,,,#DIV/0!,#DIV/0!,0,0,0,0,,,,,,,,,,,,,,,,,,,,,,,,,Yogurt,Vanilla,,,,,,,,,,,,,,,,
New,lactose free yogurt nearby,PRODUCTS,PLANT BASED YOGURTS,Generic,,,,,#DIV/0!,#DIV/0!,0,0,0,0,,,,,,,,,,,,,,,,,,,,,,,,,Yogurt,,,Lactose,,,,,,,,,,,,,,
New,what is the best brand of greek yogurt,PRODUCTS,PLANT BASED YOGURTS,Generic,,,,,#DIV/0!,#DIV/0!,0,0,0,0,,,,,,,,,,,,,,,,,,,,,,,,,Greek,,,,,,,,Best,,,,,,,,,
New,greek yogurt protein shake recipe,PRODUCTS,PLANT BASED YOGURTS,Generic,,,,,#DIV/0!,#DIV/0!,0,0,0,0,,,,,,,,,,,,,,,,,,,,,,,,,Greek,,,,,,,,,,,,,,,,,
New,what is non fat yogurt,PRODUCTS,PLANT BASED YOGURTS,Generic,,,,,#DIV/0!,#DIV/0!,0,0,0,0,,,,,,,,,,,,,,,,,,,,,,,,,Yogurt,,,Fat,,,,,,,,,,,,,,
New,greek yogurt protein and calories,PRODUCTS,PLANT BASED YOGURTS,Generic,,,,,#DIV/0!,#DIV/0!,0,0,0,0,,,,,,,,,,,,,,,,,,,,,,,,,Greek,,,Calorie,,,,,,,,,,,,,,
New,oikos nonfat greek yogurt ingredients,PRODUCTS,PLANT BASED YOGURTS,Generic,,,,,#DIV/0!,#DIV/0!,0,0,0,0,,,,,,,,,,,,,,,,,,,,,,,,,Greek,,,Fat,Oikos,,,,,,,,,,,,,
FR,yaourt grec matiere grasse,PRODUCTS,YOGURTS,Greek,,,,,#DIV/0!,#DIV/0!,0,0,0,0,,,,,,,,,,,,,,,,,,,,,,,,,Greek,,,Fat,,,,,,,,,,,,,,
New,what is a good greek yogurt,PRODUCTS,PLANT BASED YOGURTS,Generic,,,,,#DIV/0!,#DIV/0!,0,0,0,0,,,,,,,,,,,,,,,,,,,,,,,,,Greek,,,,,,,,Good or bad,,,,,,,,,
New,what brands of yogurt are lactose free,PRODUCTS,YOGURTS,Yogurts,,,,,#DIV/0!,#DIV/0!,0,0,0,0,,,,,,,,,,,,,,,,,,,,,,,,,Yogurt,,,Lactose,,,,,,,,,,,,,,
New,best greek yogurt with no sugar,PRODUCTS,PLANT BASED YOGURTS,Generic,,,,,#DIV/0!,#DIV/0!,0,0,0,0,,,,,,,,,,,,,,,,,,,,,,,,,Greek,,,Sugar,,,,Sugar-free,Best,,,,,,,,,
New,does greek yogurt have sodium,PRODUCTS,PLANT BASED YOGURTS,Generic,,,,,#DIV/0!,#DIV/0!,0,0,0,0,,,,,,,,,,,,,,,,,,,,,,,,,Greek,,,,,,,,,,,,,,,,,
New,low calorie high protein greek yogurt,PRODUCTS,PLANT BASED YOGURTS,Generic,,,,,#DIV/0!,#DIV/0!,0,0,0,0,,,,,,,,,,,,,,,,,,,,,,,,,Greek,,,Calorie,,,,Rich in protein,,,,,,,,,,
New,what is the best greek yogurt brand,PRODUCTS,PLANT BASED YOGURTS,Generic,,,,,#DIV/0!,#DIV/0!,0,0,0,0,,,,,,,,,,,,,,,,,,,,,,,,,Greek,,,,,,,,Best,,,,,,,,,
New,what is the best greek yogurt for probiotics,PRODUCTS,PLANT BASED YOGURTS,Generic,,,,,#DIV/0!,#DIV/0!,0,0,0,0,,,,,,,,,,,,,,,,,,,,,,,,,Greek,,,Probiotic,,,,,Best,,,,,,,,,
New,is organic greek yogurt good for you,EATING BETTER,ORIGIN,Organic,,,,,#DIV/0!,#DIV/0!,0,0,0,0,,,,,,,,,,,,,,,,,,,,,,,,,Greek,,,,,,,,Good or bad,Bio,,,,,,,,
New,yogourt grec 0 gras,PRODUCTS,YOGURTS,Greek,,,,,#DIV/0!,#DIV/0!,0,0,0,0,,,,,,,,,,,,,,,,,,,,,,,,,Yogurt,,,Without,,,,,,,,,,,,,,
New,drinkable high protein yogurt,PRODUCTS,PLANT BASED YOGURTS,Generic,,,,,#DIV/0!,#DIV/0!,0,0,0,0,,,,,,,,,,,,,,,,,,,,,,,,,Yogurt,,,,,,,Rich in protein,,,,,,,,,,
New,are there probiotics in oikos greek yogurt,PRODUCTS,PLANT BASED YOGURTS,Generic,,,,,#DIV/0!,#DIV/0!,0,0,0,0,,,,,,,,,,,,,,,,,,,,,,,,,Greek,,,Probiotic,Oikos,,,,,,,,,,,,,
New,full fat greek yogurt brands,PRODUCTS,PLANT BASED YOGURTS,Generic,,,,,#DIV/0!,#DIV/0!,0,0,0,0,,,,,,,,,,,,,,,,,,,,,,,,,Greek,,,Fat,,,,,,,,,,,,,,
New,what can be made with greek yogurt,PRODUCTS,PLANT BASED YOGURTS,Generic,,,,,#DIV/0!,#DIV/0!,0,0,0,0,,,,,,,,,,,,,,,,,,,,,,,,,Greek,,,,,,,,,,,,,,,,,
New,flavoured yogurt protein,PRODUCTS,PLANT BASED YOGURTS,Generic,,,,,#DIV/0!,#DIV/0!,0,0,0,0,,,,,,,,,,,,,,,,,,,,,,,,,Yogurt,,,,,,,,,,,,,,,,,
New,low fat greek yogurt high protein,PRODUCTS,PLANT BASED YOGURTS,Generic,,,,,#DIV/0!,#DIV/0!,0,0,0,0,,,,,,,,,,,,,,,,,,,,,,,,,Greek,,,Fat,,,,Rich in protein,,,,,,,,,,
New,no sugar added yogurt brands,PRODUCTS,PLANT BASED YOGURTS,Generic,,,,,#DIV/0!,#DIV/0!,0,0,0,0,,,,,,,,,,,,,,,,,,,,,,,,,Yogurt,,,Sugar,,,,Sugar-free,,,,,,,,,,
New,non processed yogurt,PRODUCTS,PLANT BASED YOGURTS,Generic,,,,,#DIV/0!,#DIV/0!,0,0,0,0,,,,,,,,,,,,,,,,,,,,,,,,,Yogurt,,,,,,,,,,,,,,,,,
New,oikos individual,PRODUCTS,PLANT BASED YOGURTS,Generic,,,,,#DIV/0!,#DIV/0!,0,0,0,0,,,,,,,,,,,,,,,,,,,,,,,,,,,Individual,,Oikos,,,,,,,,,,,,,
New,what is a high protein yogurt,PRODUCTS,PLANT BASED YOGURTS,Generic,,,,,#DIV/0!,#DIV/0!,0,0,0,0,,,,,,,,,,,,,,,,,,,,,,,,,Yogurt,,,,,,,Rich in protein,,,,,,,,,,
New,yoghurt without sugar,PRODUCTS,YOGURTS,Yogurts,,,,,#DIV/0!,#DIV/0!,0,0,0,0,,,,,,,,,,,,,,,,,,,,,,,,,Yogurt,,,Sugar,,,,,,,,,,,,,,
New,clean eating greek yogurt,PRODUCTS,PLANT BASED YOGURTS,Generic,,,,,#DIV/0!,#DIV/0!,0,0,0,0,,,,,,,,,,,,,,,,,,,,,,,,,Greek,,,,,,,,,,,,,,,,,
New,costco oikos price,PRODUCTS,YOGURTS,Greek,,,,,#DIV/0!,#DIV/0!,0,0,0,0,,,,,,,,,,,,,,,,,,,,,,,,,,,,,Oikos,,,,,,,,,,,,,
New,oikos crunch yogurt,PRODUCTS,PLANT BASED YOGURTS,Generic,,,,,#DIV/0!,#DIV/0!,0,0,0,0,,,,,,,,,,,,,,,,,,,,,,,,,Yogurt,,,,Oikos,,,,,,,,,,,,,
New,meilleurs source de protéines,PRODUCTS,PLANT BASED YOGURTS,Generic,,,,,#DIV/0!,#DIV/0!,0,0,0,0,,,,,,,,,,,,,,,,,,,,,,,,,,,,,,,,,,,,,,,,,,
FR,sauce yaourt grec pour poulet,RECIPES,RECIPES,Recipes with yogurt,,,,,#DIV/0!,#DIV/0!,0,0,0,0,,,,,,,,,,,,,,,,,,,,,,,,,Greek,,,,,,,,,,,,,,,,,
New,key lime high protein yogurt,PRODUCTS,PLANT BASED YOGURTS,Generic,,,,,#DIV/0!,#DIV/0!,0,0,0,0,,,,,,,,,,,,,,,,,,,,,,,,,Yogurt,Lime,,,,,,Rich in protein,,,,,,,,,,
New,yaourt sans gras,PRODUCTS,YOGURTS,Yogurts,,,,,#DIV/0!,#DIV/0!,0,0,0,0,,,,,,,,,,,,,,,,,,,,,,,,,Yogurt,,,Without,,,,,,,,,,,,,,
New,cooking with greek yoghurt,RECIPES,RECIPES,Recipes with yogurt,,,,,#DIV/0!,#DIV/0!,0,0,0,0,,,,,,,,,,,,,,,,,,,,,,,,,Greek,,,,,,,,,,,,,,,,,
New,oikos greek yogurt active cultures,PRODUCTS,PLANT BASED YOGURTS,Generic,,,,,#DIV/0!,#DIV/0!,0,0,0,0,,,,,,,,,,,,,,,,,,,,,,,,,Greek,,,,Oikos,,,,,,,,,,,,,
New,oikos vanilla yogurt protein,PRODUCTS,PLANT BASED YOGURTS,Generic,,,,,#DIV/0!,#DIV/0!,0,0,0,0,,,,,,,,,,,,,,,,,,,,,,,,,Yogurt,Vanilla,,,Oikos,,,,,,,,,,,,,
New,cow milk free yogurt,PRODUCTS,PLANT BASED YOGURTS,Generic,,,,,#DIV/0!,#DIV/0!,0,0,0,0,,,,,,,,,,,,,,,,,,,,,,,,,Yogurt,,,Milk,,,,,,,,,,,,,,
New,what yogurt does not have dairy,PRODUCTS,PLANT BASED YOGURTS,Generic,,,,,#DIV/0!,#DIV/0!,0,0,0,0,,,,,,,,,,,,,,,,,,,,,,,,,Yogurt,,,Dairy,,,,,,,,,,,,,,
New,how much fiber is in oikos greek yogurt,HEALTH,FOOD SUPPLEMENTS,Fibres,,,,,#DIV/0!,#DIV/0!,0,0,0,0,,,,,,,,,,,,,,,,,,,,,,,,,Greek,,,,Oikos,,,,,,,,,,,,,
New,ou trouver des protéines dans l alimentation,HEALTH,COMPOSITION,Proteins,,,,,#DIV/0!,#DIV/0!,0,0,0,0,,,,,,,,,,,,,,,,,,,,,,,,,,Lime,,,,,,,,,,,,,,,,
FR,oikos triple zero lactose free,PRODUCTS,BRANDS,Danone - generic,,,,,#DIV/0!,#DIV/0!,0,0,0,0,,,,,,,,,,,,,,,,,,,,,,,,,,,,Lactose,Oikos,,,0,,,,,,,,,,
New,healthy yogurt options,PRODUCTS,PLANT BASED YOGURTS,Generic,,,,,#DIV/0!,#DIV/0!,0,0,0,0,,,,,,,,,,,,,,,,,,,,,,,,,Yogurt,,,,,,,Healthy,,,,,,,,,,
New,what is the best yogurt for protein,PRODUCTS,PLANT BASED YOGURTS,Generic,,,,,#DIV/0!,#DIV/0!,0,0,0,0,,,,,,,,,,,,,,,,,,,,,,,,,Yogurt,,,,,,,,Best,,,,,,,,,
New,oikos yaourt nature,PRODUCTS,PLANT BASED YOGURTS,Generic,,,,,#DIV/0!,#DIV/0!,0,0,0,0,,,,,,,,,,,,,,,,,,,,,,,,,Yogurt,Plain,,,Oikos,,,,,,,,,,,,,
New,what's special about greek yogurt,PRODUCTS,PLANT BASED YOGURTS,Generic,,,,,#DIV/0!,#DIV/0!,0,0,0,0,,,,,,,,,,,,,,,,,,,,,,,,,Greek,,,,,,,,,,,,,,,,,
New,oikos vanilla pro,PRODUCTS,BRANDS,Danone - generic,,,,,#DIV/0!,#DIV/0!,0,0,0,0,,,,,,,,,,,,,,,,,,,,,,,,,,Vanilla,,,Oikos,,,,,,,,,,,,,
New,yaourt grec sans gras,PRODUCTS,PLANT BASED YOGURTS,Generic,,,,,#DIV/0!,#DIV/0!,0,0,0,0,,,,,,,,,,,,,,,,,,,,,,,,,Yogurt,,,Without,,,,,,,,,,,,,,
New,strawberry oikos pro,PRODUCTS,BRANDS,Danone - generic,,,,,#DIV/0!,#DIV/0!,0,0,0,0,,,,,,,,,,,,,,,,,,,,,,,,,,Strawberry,,,Oikos,,,,,,,,,,,,,
New,oikos vanilla nutrition,PRODUCTS,PLANT BASED YOGURTS,Generic,,,,,#DIV/0!,#DIV/0!,0,0,0,0,,,,,,,,,,,,,,,,,,,,,,,,,,Vanilla,,,Oikos,,,,,,,,,,,,,
New,oikos triple zero vs pro,PRODUCTS,PLANT BASED YOGURTS,Generic,,,,,#DIV/0!,#DIV/0!,0,0,0,0,,,,,,,,,,,,,,,,,,,,,,,,,,,,,Oikos,,,,,,,,,,,,,
New,oikos lemon meringue greek yogurt,PRODUCTS,PLANT BASED YOGURTS,Generic,,,,,#DIV/0!,#DIV/0!,0,0,0,0,,,,,,,,,,,,,,,,,,,,,,,,,Greek,Lemon,,,Oikos,,,,,,,,,,,,,
New,do they make sugar free yogurt,PRODUCTS,YOGURTS,Yogurts,,,,,#DIV/0!,#DIV/0!,0,0,0,0,,,,,,,,,,,,,,,,,,,,,,,,,Yogurt,,,Sugar,,,,,,,,,,,,,,
New,canadian lactose free yogurt,PRODUCTS,PLANT BASED YOGURTS,Generic,,,,,#DIV/0!,#DIV/0!,0,0,0,0,,,,,,,,,,,,,,,,,,,,,,,,,Yogurt,,,Lactose,,,,,,,,,,,,,,
New,ideas for plain greek yogurt,PRODUCTS,PLANT BASED YOGURTS,Generic,,,,,#DIV/0!,#DIV/0!,0,0,0,0,,,,,,,,,,,,,,,,,,,,,,,,,Greek,Plain,,,,,,,,,,,,,,,,
New,ingredients in oikos plain greek yogurt,PRODUCTS,PLANT BASED YOGURTS,Generic,,,,,#DIV/0!,#DIV/0!,0,0,0,0,,,,,,,,,,,,,,,,,,,,,,,,,Greek,Plain,,,Oikos,,,,,,,,,,,,,
New,non dairy yoghurt alternatives,PRODUCTS,YOGURTS,Yogurts,,,,,#DIV/0!,#DIV/0!,0,0,0,0,,,,,,,,,,,,,,,,,,,,,,,,,Yogurt,,,Dairy,,,,,,,,,,,,,,
New,oikos key lime nutrition,PRODUCTS,PLANT BASED YOGURTS,Generic,,,,,#DIV/0!,#DIV/0!,0,0,0,0,,,,,,,,,,,,,,,,,,,,,,,,,,Lime,,,Oikos,,,,,,,,,,,,,
New,where can i buy sugar free yogurt,PRODUCTS,YOGURTS,Yogurts,,,,,#DIV/0!,#DIV/0!,0,0,0,0,,,,,,,,,,,,,,,,,,,,,,,,,Yogurt,,,Sugar,,,,,,,,,,,,,,
New,yogourt oikos danone,PRODUCTS,PLANT BASED YOGURTS,Generic,,,,,#DIV/0!,#DIV/0!,0,0,0,0,,,,,,,,,,,,,,,,,,,,,,,,,Yogurt,,,,Oikos,,,,,,,,,,,,,
New,oikos 10g protein drink,PRODUCTS,YOGURT DRINKS,Yogurt drinks,,,,,#DIV/0!,#DIV/0!,0,0,0,0,,,,,,,,,,,,,,,,,,,,,,,,,,,Gram,Without,Oikos,,,,,,,,,,,,,
New,is there a yogurt with no sugar,PRODUCTS,YOGURTS,Yogurts,,,,,#DIV/0!,#DIV/0!,0,0,0,0,,,,,,,,,,,,,,,,,,,,,,,,,Yogurt,,,Sugar,,,,Sugar-free,,,,,,,,,,
New,yaourt nature oikos,PRODUCTS,PLANT BASED YOGURTS,Generic,,,,,#DIV/0!,#DIV/0!,0,0,0,0,,,,,,,,,,,,,,,,,,,,,,,,,Yogurt,Plain,,,Oikos,,,,,,,,,,,,,
New,yogurt alternative dairy free,PRODUCTS,YOGURTS,Yogurts,,,,,#DIV/0!,#DIV/0!,0,0,0,0,,,,,,,,,,,,,,,,,,,,,,,,,Yogurt,,,Dairy,,,,,,,,,,,,,,
New,drinkable yogurt plain,PRODUCTS,PLANT BASED YOGURTS,Generic,,,,,#DIV/0!,#DIV/0!,0,0,0,0,,,,,,,,,,,,,,,,,,,,,,,,,Yogurt,Plain,,,,,,,,,,,,,,,,
New,greek yogurt protein cup,PRODUCTS,PLANT BASED YOGURTS,Generic,,,,,#DIV/0!,#DIV/0!,0,0,0,0,,,,,,,,,,,,,,,,,,,,,,,,,Greek,,Cup,,,,,,,,,,,,,,,
New,greek yogurt protein shake for weight loss,PRODUCTS,PLANT BASED YOGURTS,Generic,,,,,#DIV/0!,#DIV/0!,0,0,0,0,,,,,,,,,,,,,,,,,,,,,,,,,Greek,,,,,,,,,,,,,,,,,
New,how do they make high protein yogurt,PRODUCTS,PLANT BASED YOGURTS,Generic,,,,,#DIV/0!,#DIV/0!,0,0,0,0,,,,,,,,,,,,,,,,,,,,,,,,,Yogurt,,,,,,,Rich in protein,,,,,,,,,,
New,oikos vanilla greek yogurt triple zero nutrition facts,PRODUCTS,PLANT BASED YOGURTS,Generic,,,,,#DIV/0!,#DIV/0!,0,0,0,0,,,,,,,,,,,,,,,,,,,,,,,,,Greek,Vanilla,,,Oikos,,,,,,,,,,,,,
New,what brand of yogurt is sugar free,PRODUCTS,YOGURTS,Yogurts,,,,,#DIV/0!,#DIV/0!,0,0,0,0,,,,,,,,,,,,,,,,,,,,,,,,,Yogurt,,,Sugar,,,,,,,,,,,,,,
New,20g yogurt,PRODUCTS,PLANT BASED YOGURTS,Generic,,,,,#DIV/0!,#DIV/0!,0,0,0,0,,,,,,,,,,,,,,,,,,,,,,,,,Yogurt,,Gram,Without,,,,,,,,,,,,,,
New,what is the best lactose free yogurt,PRODUCTS,PLANT BASED YOGURTS,Generic,,,,,#DIV/0!,#DIV/0!,0,0,0,0,,,,,,,,,,,,,,,,,,,,,,,,,Yogurt,,,Lactose,,,,,Best,,,,,,,,,
New,where can i buy non dairy yogurt,PRODUCTS,YOGURTS,Yogurts,,,,,#DIV/0!,#DIV/0!,0,0,0,0,,,,,,,,,,,,,,,,,,,,,,,,,Yogurt,,,Dairy,,,,,,,,,,,,,,
New,15 g protein yogurt,PRODUCTS,PLANT BASED YOGURTS,Generic,,,,,#DIV/0!,#DIV/0!,0,0,0,0,,,,,,,,,,,,,,,,,,,,,,,,,Yogurt,,,,,,,,,,,,,,,,,
New,yaourt le plus protéiné,PRODUCTS,PLANT BASED YOGURTS,Generic,,,,,#DIV/0!,#DIV/0!,0,0,0,0,,,,,,,,,,,,,,,,,,,,,,,,,Yogurt,,,,,,,,,,,,,,,,,
New,blackberry greek yogurt,PRODUCTS,PLANT BASED YOGURTS,Generic,,,,,#DIV/0!,#DIV/0!,0,0,0,0,,,,,,,,,,,,,,,,,,,,,,,,,Greek,,,,,,,,,,,,,,,,,
New,iogurte oikos,PRODUCTS,PLANT BASED YOGURTS,Generic,,,,,#DIV/0!,#DIV/0!,0,0,0,0,,,,,,,,,,,,,,,,,,,,,,,,,,,,,Oikos,,,,,,,,,,,,,
New,greek yogurt protein chobani,PRODUCTS,PLANT BASED YOGURTS,Generic,,,,,#DIV/0!,#DIV/0!,0,0,0,0,,,,,,,,,,,,,,,,,,,,,,,,,Greek,,,,Chobani,,,,,,,,,,,,,
New,low sugar plain yogurt,PRODUCTS,PLANT BASED YOGURTS,Generic,,,,,#DIV/0!,#DIV/0!,0,0,0,0,,,,,,,,,,,,,,,,,,,,,,,,,Yogurt,Plain,,Sugar,,,,,,,,,,,,,,
New,how to get protein fast,PRODUCTS,PLANT BASED YOGURTS,Generic,,,,,#DIV/0!,#DIV/0!,0,0,0,0,,,,,,,,,,,,,,,,,,,,,,,,,,,,,,,,,,,,,,,,,,
New,low calorie vanilla greek yogurt,PRODUCTS,PLANT BASED YOGURTS,Generic,,,,,#DIV/0!,#DIV/0!,0,0,0,0,,,,,,,,,,,,,,,,,,,,,,,,,Greek,Vanilla,,Calorie,,,,,,,,,,,,,,
New,oikos greek yogurt drinks,PRODUCTS,PLANT BASED YOGURTS,Generic,,,,,#DIV/0!,#DIV/0!,0,0,0,0,,,,,,,,,,,,,,,,,,,,,,,,,Greek,,,,Oikos,,,,,,,,,,,,,
New,what ingredients are in greek yogurt,PRODUCTS,PLANT BASED YOGURTS,Generic,,,,,#DIV/0!,#DIV/0!,0,0,0,0,,,,,,,,,,,,,,,,,,,,,,,,,Greek,,,,,,,,,,,,,,,,,
New,what is yogurt high in,PRODUCTS,PLANT BASED YOGURTS,Generic,,,,,#DIV/0!,#DIV/0!,0,0,0,0,,,,,,,,,,,,,,,,,,,,,,,,,Yogurt,,,,,,,Rich in protein,,,,,,,,,,
New,yogourt oikos a boire,PRODUCTS,PLANT BASED YOGURTS,Generic,,,,,#DIV/0!,#DIV/0!,0,0,0,0,,,,,,,,,,,,,,,,,,,,,,,,,Yogurt,,,,Oikos,,,,,,,,,,,,,
New,high protein low calorie greek yogurt,EATING BETTER,HEALTHIER EATING,Labels & scoring,,,,,#DIV/0!,#DIV/0!,0,0,0,0,,,,,,,,,,,,,,,,,,,,,,,,,Greek,,,Calorie,,,,Rich in protein,,,,,,,,,,
New,zero percent greek yogurt,PRODUCTS,YOGURTS,Greek,,,,,#DIV/0!,#DIV/0!,0,0,0,0,,,,,,,,,,,,,,,,,,,,,,,,,Greek,,,,,,,,,,,,,,,,,
New,what is a low sugar yogurt,PRODUCTS,PLANT BASED YOGURTS,Generic,,,,,#DIV/0!,#DIV/0!,0,0,0,0,,,,,,,,,,,,,,,,,,,,,,,,,Yogurt,,,Sugar,,,,,,,,,,,,,,
New,getpro yoghurt,PRODUCTS,PLANT BASED YOGURTS,Generic,,,,,#DIV/0!,#DIV/0!,0,0,0,0,,,,,,,,,,,,,,,,,,,,,,,,,Yogurt,,,,,,,,,,,,,,,,,
New,getpro protein,PRODUCTS,PLANT BASED YOGURTS,Generic,,,,,#DIV/0!,#DIV/0!,0,0,0,0,,,,,,,,,,,,,,,,,,,,,,,,,,,,,,,,,,,,,,,,,,
New,drinkable yogurt with protein,PRODUCTS,PLANT BASED YOGURTS,Generic,,,,,#DIV/0!,#DIV/0!,0,0,0,0,,,,,,,,,,,,,,,,,,,,,,,,,Yogurt,,,,,,,,,,,,,,,,,
New,made in canada greek yogurt,PRODUCTS,PLANT BASED YOGURTS,Generic,,,,,#DIV/0!,#DIV/0!,0,0,0,0,,,,,,,,,,,,,,,,,,,,,,,,,Greek,,,,,,,,,,,,,,,,,
New,how many calories is in oikos yogurt,PRODUCTS,PLANT BASED YOGURTS,Generic,,,,,#DIV/0!,#DIV/0!,0,0,0,0,,,,,,,,,,,,,,,,,,,,,,,,,Yogurt,,,Calorie,Oikos,,,,,,,,,,,,,
New,lactose free greek yogurt brands,PRODUCTS,PLANT BASED YOGURTS,Generic,,,,,#DIV/0!,#DIV/0!,0,0,0,0,,,,,,,,,,,,,,,,,,,,,,,,,Greek,,,Lactose,,,,,,,,,,,,,,
New,oikos fruit de la passion,PRODUCTS,PLANT BASED YOGURTS,Generic,,,,,#DIV/0!,#DIV/0!,0,0,0,0,,,,,,,,,,,,,,,,,,,,,,,,,,,,,Oikos,,,,,,,,,,,,,
New,oikos fruit on the bottom nutrition cherry,PRODUCTS,PLANT BASED YOGURTS,Generic,,,,,#DIV/0!,#DIV/0!,0,0,0,0,,,,,,,,,,,,,,,,,,,,,,,,,,,,,Oikos,,,,,,,,,,,,,
New,oykos yogurt protein,PRODUCTS,PLANT BASED YOGURTS,Generic,,,,,#DIV/0!,#DIV/0!,0,0,0,0,,,,,,,,,,,,,,,,,,,,,,,,,Yogurt,,,,,,,,,,,,,,,,,
New,what is the best plain greek yogurt,PRODUCTS,PLANT BASED YOGURTS,Generic,,,,,#DIV/0!,#DIV/0!,0,0,0,0,,,,,,,,,,,,,,,,,,,,,,,,,Greek,Plain,,,,,,,Best,,,,,,,,,
New,what's a good protein for breakfast,PRODUCTS,PLANT BASED YOGURTS,Generic,,,,,#DIV/0!,#DIV/0!,0,0,0,0,,,,,,,,,,,,,,,,,,,,,,,,,,,,,,,,,Good or bad,,,,,,,,,
New,what is special about greek yogurt,PRODUCTS,PLANT BASED YOGURTS,Generic,,,,,#DIV/0!,#DIV/0!,0,0,0,0,,,,,,,,,,,,,,,,,,,,,,,,,Greek,,,,,,,,,,,,,,,,,
New,what yogurt has no added sugar,PRODUCTS,PLANT BASED YOGURTS,Generic,,,,,#DIV/0!,#DIV/0!,0,0,0,0,,,,,,,,,,,,,,,,,,,,,,,,,Yogurt,,,Sugar,,,,,,,,,,,,,,
New,which yogurt is best for you,PRODUCTS,PLANT BASED YOGURTS,Generic,,,,,#DIV/0!,#DIV/0!,0,0,0,0,,,,,,,,,,,,,,,,,,,,,,,,,Yogurt,,,,,,,,Best,,,,,,,,,
New,greek yogurt low in carbs,PRODUCTS,YOGURTS,Greek,,,,,#DIV/0!,#DIV/0!,0,0,0,0,,,,,,,,,,,,,,,,,,,,,,,,,Greek,,,,,,,,,,,,,,,,,
New,oikos triple zero flavors,PRODUCTS,BRANDS,Danone - generic,,,,,#DIV/0!,#DIV/0!,0,0,0,0,,,,,,,,,,,,,,,,,,,,,,,,,,,,,Oikos,,,,,,,,,,,,,
New,greek yogurt with highest protein content,PRODUCTS,YOGURTS,Greek,,,,,#DIV/0!,#DIV/0!,0,0,0,0,,,,,,,,,,,,,,,,,,,,,,,,,Greek,,,,,,,Rich in protein,,,,,,,,,,
New,oikos yaourt grec,PRODUCTS,YOGURTS,Greek,,,,,#DIV/0!,#DIV/0!,0,0,0,0,,,,,,,,,,,,,,,,,,,,,,,,,Yogurt,,,,Oikos,,,,,,,,,,,,,
New,greek yogurt vanilla oikos,PRODUCTS,YOGURTS,Greek,,,,,#DIV/0!,#DIV/0!,0,0,0,0,,,,,,,,,,,,,,,,,,,,,,,,,Greek,Vanilla,,,Oikos,,,,,,,,,,,,,
New,yogurt without dairy products,PRODUCTS,YOGURTS,Yogurts,,,,,#DIV/0!,#DIV/0!,0,0,0,0,,,,,,,,,,,,,,,,,,,,,,,,,Yogurt,,,Dairy,,,,,,,,,,,,,,
New,oikos pro strawberry yogurt nutrition facts,PRODUCTS,PLANT BASED YOGURTS,Generic,,,,,#DIV/0!,#DIV/0!,0,0,0,0,,,,,,,,,,,,,,,,,,,,,,,,,Yogurt,Strawberry,,,Oikos,,,,,,,,,,,,,
New,yogurt oikos calories,EATING BETTER,HEALTHIER EATING,Labels & scoring,,,,,#DIV/0!,#DIV/0!,0,0,0,0,,,,,,,,,,,,,,,,,,,,,,,,,Yogurt,,,Calorie,Oikos,,,,,,,,,,,,,
New,yogurt high protein low calories,EATING BETTER,HEALTHIER EATING,Labels & scoring,,,,,#DIV/0!,#DIV/0!,0,0,0,0,,,,,,,,,,,,,,,,,,,,,,,,,Yogurt,,,Calorie,,,,Rich in protein,,,,,,,,,,
New,no sugar plain greek yogurt,PRODUCTS,PLANT BASED YOGURTS,Generic,,,,,#DIV/0!,#DIV/0!,0,0,0,0,,,,,,,,,,,,,,,,,,,,,,,,,Greek,Plain,,Sugar,,,,Sugar-free,,,,,,,,,,
New,what is the healthiest yogurt to get,PRODUCTS,PLANT BASED YOGURTS,Generic,,,,,#DIV/0!,#DIV/0!,0,0,0,0,,,,,,,,,,,,,,,,,,,,,,,,,Yogurt,,,,,,,Healthy,,,,,,,,,,
New,greek yogurt without carrageenan,PRODUCTS,YOGURTS,Greek,,,,,#DIV/0!,#DIV/0!,0,0,0,0,,,,,,,,,,,,,,,,,,,,,,,,,Greek,,,Without,,,,,,,,,,,,,,
New,oikos sugar free greek yogurt,PRODUCTS,YOGURTS,Greek,,,,,#DIV/0!,#DIV/0!,0,0,0,0,,,,,,,,,,,,,,,,,,,,,,,,,Greek,,,Sugar,Oikos,,,,,,,,,,,,,
New,oikos pro shots,PRODUCTS,PLANT BASED YOGURTS,Generic,,,,,#DIV/0!,#DIV/0!,0,0,0,0,,,,,,,,,,,,,,,,,,,,,,,,,,,,,Oikos,,,,,,,,,,,,,
New,greek best yogurt,PRODUCTS,PLANT BASED YOGURTS,Generic,,,,,#DIV/0!,#DIV/0!,0,0,0,0,,,,,,,,,,,,,,,,,,,,,,,,,Greek,,,,,,,,Best,,,,,,,,,
New,healthy yogurt to eat,PRODUCTS,PLANT BASED YOGURTS,Generic,,,,,#DIV/0!,#DIV/0!,0,0,0,0,,,,,,,,,,,,,,,,,,,,,,,,,Yogurt,,,,,,,Healthy,,,,,,,,,,
New,oikos yogurt calcium,HEALTH,FOOD SUPPLEMENTS,Calcium,,,,,#DIV/0!,#DIV/0!,0,0,0,0,,,,,,,,,,,,,,,,,,,,,,,,,Yogurt,,,Calcium,Oikos,,,,,,,,,,,,,
New,high protein snacks with greek yogurt,PRODUCTS,YOGURTS,Greek,,,,,#DIV/0!,#DIV/0!,0,0,0,0,,,,,,,,,,,,,,,,,,,,,,,,,Greek,,,,,,,Rich in protein,,,,,,,,,,
New,what nutrients are in greek yogurt,PRODUCTS,PLANT BASED YOGURTS,Generic,,,,,#DIV/0!,#DIV/0!,0,0,0,0,,,,,,,,,,,,,,,,,,,,,,,,,Greek,,,,,,,,,,,,,,,,,
New,chobani yogurt drink 20g protein,PRODUCTS,PLANT BASED YOGURTS,Generic,,,,,#DIV/0!,#DIV/0!,0,0,0,0,,,,,,,,,,,,,,,,,,,,,,,,,Yogurt,,Gram,Without,Chobani,,,,,,,,,,,,,
New,is oikos a good yogurt,PRODUCTS,PLANT BASED YOGURTS,Generic,,,,,#DIV/0!,#DIV/0!,0,0,0,0,,,,,,,,,,,,,,,,,,,,,,,,,Yogurt,,,,Oikos,,,,Good or bad,,,,,,,,,
FR,quatre quart au yaourt,PRODUCTS,YOGURTS,Yogurts,,,,,#DIV/0!,#DIV/0!,0,0,0,0,,,,,,,,,,,,,,,,,,,,,,,,,Yogurt,,,,,,,,,,,,,,,,,
New,how many calories in oikos vanilla greek yogurt,PRODUCTS,PLANT BASED YOGURTS,Generic,,,,,#DIV/0!,#DIV/0!,0,0,0,0,,,,,,,,,,,,,,,,,,,,,,,,,Greek,Vanilla,,Calorie,Oikos,,,,,,,,,,,,,
New,high protein high fat yogurt,PRODUCTS,PLANT BASED YOGURTS,Generic,,,,,#DIV/0!,#DIV/0!,0,0,0,0,,,,,,,,,,,,,,,,,,,,,,,,,Yogurt,,,Fat,,,,Rich in protein,,,,,,,,,,
New,oikos 000 greek yogurt,PRODUCTS,YOGURTS,Greek,,,,,#DIV/0!,#DIV/0!,0,0,0,0,,,,,,,,,,,,,,,,,,,,,,,,,Greek,,,Without,Oikos,,,,,,,,,,,,,
New,easy breakfast ideas high protein,PRODUCTS,PLANT BASED YOGURTS,Generic,,,,,#DIV/0!,#DIV/0!,0,0,0,0,,,,,,,,,,,,,,,,,,,,,,,,,,,,,,,,Rich in protein,,,,,,,,,,
New,healthiest low sugar yogurt,PRODUCTS,YOGURTS,Yogurts,,,,,#DIV/0!,#DIV/0!,0,0,0,0,,,,,,,,,,,,,,,,,,,,,,,,,Yogurt,,,Sugar,,,,Healthy,,,,,,,,,,
New,oikos sugar free,PRODUCTS,BRANDS,Danone - generic,,,,,#DIV/0!,#DIV/0!,0,0,0,0,,,,,,,,,,,,,,,,,,,,,,,,,,,,Sugar,Oikos,,,,,,,,,,,,,
New,oykos yoghurt,PRODUCTS,PLANT BASED YOGURTS,Generic,,,,,#DIV/0!,#DIV/0!,0,0,0,0,,,,,,,,,,,,,,,,,,,,,,,,,Yogurt,,,,,,,,,,,,,,,,,
New,oikos yogurt plain greek,PRODUCTS,YOGURTS,Greek,,,,,#DIV/0!,#DIV/0!,0,0,0,0,,,,,,,,,,,,,,,,,,,,,,,,,Greek,Plain,,,Oikos,,,,,,,,,,,,,
New,oikos yogurt ingredients label,PRODUCTS,PLANT BASED YOGURTS,Generic,,,,,#DIV/0!,#DIV/0!,0,0,0,0,,,,,,,,,,,,,,,,,,,,,,,,,Yogurt,,,,Oikos,,,,,,,,,,,,,
New,c est quoi un yaourt grec,PRODUCTS,PLANT BASED YOGURTS,Generic,,,,,#DIV/0!,#DIV/0!,0,0,0,0,,,,,,,,,,,,,,,,,,,,,,,,,Yogurt,,,,,,,,,,,,,,,,,
New,non dairy plain yogurt,PRODUCTS,PLANT BASED YOGURTS,Generic,,,,,#DIV/0!,#DIV/0!,0,0,0,0,,,,,,,,,,,,,,,,,,,,,,,,,Yogurt,Plain,,Dairy,,,,,,,,,,,,,,
New,oikoe,PRODUCTS,BRANDS,Danone - generic,,,,,#DIV/0!,#DIV/0!,0,0,0,0,,,,,,,,,,,,,,,,,,,,,,,,,,,,,Oikos,,,,,,,,,,,,,
New,yaourt grec 0 valeur nutritionnelle,PRODUCTS,PLANT BASED YOGURTS,Generic,,,,,#DIV/0!,#DIV/0!,0,0,0,0,,,,,,,,,,,,,,,,,,,,,,,,,Yogurt,,,Without,,,,,,,,,,,,,,
New,oikos raspberry greek yogurt nutrition facts,EATING BETTER,HEALTHIER EATING,Labels & scoring,,,,,#DIV/0!,#DIV/0!,0,0,0,0,,,,,,,,,,,,,,,,,,,,,,,,,Greek,Raspberry,,,Oikos,,,,,,,,,,,,,
New,zero sugar yoghurt,PRODUCTS,YOGURTS,Yogurts,,,,,#DIV/0!,#DIV/0!,0,0,0,0,,,,,,,,,,,,,,,,,,,,,,,,,Yogurt,,,Sugar,,,,,,,,,,,,,,
New,what's the healthiest greek yogurt,PRODUCTS,PLANT BASED YOGURTS,Generic,,,,,#DIV/0!,#DIV/0!,0,0,0,0,,,,,,,,,,,,,,,,,,,,,,,,,Greek,,,,,,,Healthy,,,,,,,,,,
New,drinkable yogurt oikos,PRODUCTS,YOGURT DRINKS,Yogurt drinks,,,,,#DIV/0!,#DIV/0!,0,0,0,0,,,,,,,,,,,,,,,,,,,,,,,,,Yogurt,,,,Oikos,,,,,,,,,,,,,
New,what's the healthiest yogurt to eat,PRODUCTS,PLANT BASED YOGURTS,Generic,,,,,#DIV/0!,#DIV/0!,0,0,0,0,,,,,,,,,,,,,,,,,,,,,,,,,Yogurt,,,,,,,Healthy,,,,,,,,,,
New,oikos yogurt drinkable,PRODUCTS,PLANT BASED YOGURTS,Generic,,,,,#DIV/0!,#DIV/0!,0,0,0,0,,,,,,,,,,,,,,,,,,,,,,,,,Yogurt,,,,Oikos,,,,,,,,,,,,,
New,what protein can i eat for breakfast,PRODUCTS,PLANT BASED YOGURTS,Generic,,,,,#DIV/0!,#DIV/0!,0,0,0,0,,,,,,,,,,,,,,,,,,,,,,,,,,,,,,,,,,,,,,,,,,
New,yogurt with high protein low sugar,PRODUCTS,YOGURTS,Yogurts,,,,,#DIV/0!,#DIV/0!,0,0,0,0,,,,,,,,,,,,,,,,,,,,,,,,,Yogurt,,,Sugar,,,,Rich in protein,,,,,,,,,,
New,le meilleur yaourt grec,PRODUCTS,YOGURTS,Greek,,,,,#DIV/0!,#DIV/0!,0,0,0,0,,,,,,,,,,,,,,,,,,,,,,,,,Yogurt,,,,,,,,,,,,,,,,,
New,what is the best dairy free yogurt,PRODUCTS,YOGURTS,Yogurts,,,,,#DIV/0!,#DIV/0!,0,0,0,0,,,,,,,,,,,,,,,,,,,,,,,,,Yogurt,,,Dairy,,,,,Best,,,,,,,,,
New,oikos yogurt drink calories,EATING BETTER,HEALTHIER EATING,Labels & scoring,,,,,#DIV/0!,#DIV/0!,0,0,0,0,,,,,,,,,,,,,,,,,,,,,,,,,Yogurt,,,Calorie,Oikos,,,,,,,,,,,,,
New,healthy yogurt with low sugar,PRODUCTS,PLANT BASED YOGURTS,Generic,,,,,#DIV/0!,#DIV/0!,0,0,0,0,,,,,,,,,,,,,,,,,,,,,,,,,Yogurt,,,Sugar,,,,Healthy,,,,,,,,,,
New,highest protein greek yoghurt,PRODUCTS,PLANT BASED YOGURTS,Generic,,,,,#DIV/0!,#DIV/0!,0,0,0,0,,,,,,,,,,,,,,,,,,,,,,,,,Greek,,,,,,,Rich in protein,,,,,,,,,,
New,what's the best yogurt for you,PRODUCTS,YOGURTS,Yogurts,,,,,#DIV/0!,#DIV/0!,0,0,0,0,,,,,,,,,,,,,,,,,,,,,,,,,Yogurt,,,,,,,,Best,,,,,,,,,
New,oikos greek yogurt dairy free,PRODUCTS,PLANT BASED YOGURTS,Generic,,,,,#DIV/0!,#DIV/0!,0,0,0,0,,,,,,,,,,,,,,,,,,,,,,,,,Greek,,,Dairy,Oikos,,,,,,,,,,,,,
New,30g protein greek yogurt,PRODUCTS,PLANT BASED YOGURTS,Generic,,,,,#DIV/0!,#DIV/0!,0,0,0,0,,,,,,,,,,,,,,,,,,,,,,,,,Greek,,Gram,Without,,,,,,,,,,,,,,
New,greek 100 yogurt,PRODUCTS,PLANT BASED YOGURTS,Generic,,,,,#DIV/0!,#DIV/0!,0,0,0,0,,,,,,,,,,,,,,,,,,,,,,,,,Greek,,,Without,,,,,,,,,,,,,,
New,oikos griego,PRODUCTS,BRANDS,Danone - generic,,,,,#DIV/0!,#DIV/0!,0,0,0,0,,,,,,,,,,,,,,,,,,,,,,,,,,,,,Oikos,,,,,,,,,,,,,
New,okio pro,PRODUCTS,PLANT BASED YOGURTS,Generic,,,,,#DIV/0!,#DIV/0!,0,0,0,0,,,,,,,,,,,,,,,,,,,,,,,,,,,,,,,,,,,,,,,,,,
New,how much sugar does greek yogurt have,PRODUCTS,PLANT BASED YOGURTS,Generic,,,,,#DIV/0!,#DIV/0!,0,0,0,0,,,,,,,,,,,,,,,,,,,,,,,,,Greek,,,Sugar,,,,,,,,,,,,,,
New,cooking with plain greek yogurt,PRODUCTS,PLANT BASED YOGURTS,Generic,,,,,#DIV/0!,#DIV/0!,0,0,0,0,,,,,,,,,,,,,,,,,,,,,,,,,Greek,Plain,,,,,,,,,,,,,,,,
New,aliments riche en proteines,PRODUCTS,PLANT BASED YOGURTS,Generic,,,,,#DIV/0!,#DIV/0!,0,0,0,0,,,,,,,,,,,,,,,,,,,,,,,,,,Lime,,,,,,Rich in protein,,,,,,,,,,
New,low fat low sugar greek yogurt,PRODUCTS,PLANT BASED YOGURTS,Generic,,,,,#DIV/0!,#DIV/0!,0,0,0,0,,,,,,,,,,,,,,,,,,,,,,,,,Greek,,,Fat,,,,,,,,,,,,,,
New,20 g protein yogurt,PRODUCTS,PLANT BASED YOGURTS,Generic,,,,,#DIV/0!,#DIV/0!,0,0,0,0,,,,,,,,,,,,,,,,,,,,,,,,,Yogurt,,,Without,,,,,,,,,,,,,,
New,low sugar flavoured yoghurt,PRODUCTS,YOGURTS,Yogurts,,,,,#DIV/0!,#DIV/0!,0,0,0,0,,,,,,,,,,,,,,,,,,,,,,,,,Yogurt,,,Sugar,,,,,,,,,,,,,,
New,how many calories does oikos yogurt have,PRODUCTS,PLANT BASED YOGURTS,Generic,,,,,#DIV/0!,#DIV/0!,0,0,0,0,,,,,,,,,,,,,,,,,,,,,,,,,Yogurt,,,Calorie,Oikos,,,,,,,,,,,,,
New,low sugar no fat greek yogurt,PRODUCTS,PLANT BASED YOGURTS,Generic,,,,,#DIV/0!,#DIV/0!,0,0,0,0,,,,,,,,,,,,,,,,,,,,,,,,,Greek,,,Fat,,,,,,,,,,,,,,
New,what is the best yogurt with no sugar,PRODUCTS,PLANT BASED YOGURTS,Generic,,,,,#DIV/0!,#DIV/0!,0,0,0,0,,,,,,,,,,,,,,,,,,,,,,,,,Yogurt,,,Sugar,,,,Sugar-free,Best,,,,,,,,,
New,what is the best low fat greek yogurt,PRODUCTS,PLANT BASED YOGURTS,Generic,,,,,#DIV/0!,#DIV/0!,0,0,0,0,,,,,,,,,,,,,,,,,,,,,,,,,Greek,,,Fat,,,,,Best,,,,,,,,,
New,calcium in oikos greek yogurt,HEALTH,FOOD SUPPLEMENTS,Calcium,,,,,#DIV/0!,#DIV/0!,0,0,0,0,,,,,,,,,,,,,,,,,,,,,,,,,Greek,,,Calcium,Oikos,,,,,,,,,,,,,
New,what snack foods are high in protein,PRODUCTS,PLANT BASED YOGURTS,Generic,,,,,#DIV/0!,#DIV/0!,0,0,0,0,,,,,,,,,,,,,,,,,,,,,,,,,,,,,,,,Rich in protein,,,,,,,,,,
New,oikos vanilla pro yogurt,PRODUCTS,BRANDS,Danone - generic,,,,,#DIV/0!,#DIV/0!,0,0,0,0,,,,,,,,,,,,,,,,,,,,,,,,,Yogurt,Vanilla,,,Oikos,,,,,,,,,,,,,
New,greek yoghurt low fat,PRODUCTS,YOGURTS,Greek,,,,,#DIV/0!,#DIV/0!,0,0,0,0,,,,,,,,,,,,,,,,,,,,,,,,,Greek,,,Fat,,,,,,,,,,,,,,
New,greek yoghurt protein content,PRODUCTS,YOGURTS,Greek,,,,,#DIV/0!,#DIV/0!,0,0,0,0,,,,,,,,,,,,,,,,,,,,,,,,,Greek,,,,,,,,,,,,,,,,,
New,clean yogurt brands,PRODUCTS,PLANT BASED YOGURTS,Generic,,,,,#DIV/0!,#DIV/0!,0,0,0,0,,,,,,,,,,,,,,,,,,,,,,,,,Yogurt,,,,,,,,,,,,,,,,,
New,is there any yogurt without sugar,PRODUCTS,PLANT BASED YOGURTS,Generic,,,,,#DIV/0!,#DIV/0!,0,0,0,0,,,,,,,,,,,,,,,,,,,,,,,,,Yogurt,,,Sugar,,,,,,,,,,,,,,
New,oikos sugar,PRODUCTS,BRANDS,Danone - generic,,,,,#DIV/0!,#DIV/0!,0,0,0,0,,,,,,,,,,,,,,,,,,,,,,,,,,,,Sugar,Oikos,,,,,,,,,,,,,
New,does greek yogurt contain protein,PRODUCTS,YOGURTS,Greek,,,,,#DIV/0!,#DIV/0!,0,0,0,0,,,,,,,,,,,,,,,,,,,,,,,,,Greek,,,,,,,,,,,,,,,,,
New,do they make lactose free yogurt,PRODUCTS,YOGURTS,Yogurts,,,,,#DIV/0!,#DIV/0!,0,0,0,0,,,,,,,,,,,,,,,,,,,,,,,,,Yogurt,,,Lactose,,,,,,,,,,,,,,
New,what yogurt has the highest protein content,PRODUCTS,PLANT BASED YOGURTS,Generic,,,,,#DIV/0!,#DIV/0!,0,0,0,0,,,,,,,,,,,,,,,,,,,,,,,,,Yogurt,,,,,,,Rich in protein,,,,,,,,,,
New,healthiest yogurt to eat,PRODUCTS,YOGURTS,Yogurts,,,,,#DIV/0!,#DIV/0!,0,0,0,0,,,,,,,,,,,,,,,,,,,,,,,,,Yogurt,,,,,,,Healthy,,,,,,,,,,
New,oikos yogurt cholesterol,PRODUCTS,PLANT BASED YOGURTS,Generic,,,,,#DIV/0!,#DIV/0!,0,0,0,0,,,,,,,,,,,,,,,,,,,,,,,,,Yogurt,,,,Oikos,,,,,,,,,,,,,
New,what is the oikos,PRODUCTS,PLANT BASED YOGURTS,Generic,,,,,#DIV/0!,#DIV/0!,0,0,0,0,,,,,,,,,,,,,,,,,,,,,,,,,,,,,Oikos,,,,,,,,,,,,,
New,oikos drinkable yogurt pack,PRODUCTS,PLANT BASED YOGURTS,Generic,,,,,#DIV/0!,#DIV/0!,0,0,0,0,,,,,,,,,,,,,,,,,,,,,,,,,Yogurt,,,,Oikos,,,,,,,,,,,,,
New,oikos strawberry yogurt nutrition info,EATING BETTER,HEALTHIER EATING,Labels & scoring,,,,,#DIV/0!,#DIV/0!,0,0,0,0,,,,,,,,,,,,,,,,,,,,,,,,,Yogurt,Strawberry,,,Oikos,,,,,,,,,,,,,
New,low sugar flavored yogurt,PRODUCTS,PLANT BASED YOGURTS,Generic,,,,,#DIV/0!,#DIV/0!,0,0,0,0,,,,,,,,,,,,,,,,,,,,,,,,,Yogurt,,,Sugar,,,,,,,,,,,,,,
New,oikos select 3 greek yogurt,PRODUCTS,YOGURTS,Greek,,,,,#DIV/0!,#DIV/0!,0,0,0,0,,,,,,,,,,,,,,,,,,,,,,,,,Greek,,,,Oikos,,,,,,,,,,,,,
New,high fat high protein yogurt,PRODUCTS,PLANT BASED YOGURTS,Generic,,,,,#DIV/0!,#DIV/0!,0,0,0,0,,,,,,,,,,,,,,,,,,,,,,,,,Yogurt,,,Fat,,,,Rich in protein,,,,,,,,,,
New,la liberte greek yogurt,PRODUCTS,PLANT BASED YOGURTS,Generic,,,,,#DIV/0!,#DIV/0!,0,0,0,0,,,,,,,,,,,,,,,,,,,,,,,,,Greek,,,,Liberte,,,,,,,,,,,,,
New,island yogurt protein,PRODUCTS,PLANT BASED YOGURTS,Generic,,,,,#DIV/0!,#DIV/0!,0,0,0,0,,,,,,,,,,,,,,,,,,,,,,,,,Yogurt,,,,,,,,,,,,,,,,,
New,yogurt drinks with protein,PRODUCTS,YOGURT DRINKS,Yogurt drinks,,,,,#DIV/0!,#DIV/0!,0,0,0,0,,,,,,,,,,,,,,,,,,,,,,,,,Yogurt,,,,,,,,,,,,,,,,,
New,is there a yogurt for lactose intolerance,HEALTH,ALLERGIES & INTOLERANCES,Lactose intolerance,,,,,#DIV/0!,#DIV/0!,0,0,0,0,,,,,,,,,,,,,,,,,,,,,,,,,Yogurt,,,Lactose,,,,,,,,,,,,,,
New,oikos big tub,PRODUCTS,PLANT BASED YOGURTS,Generic,,,,,#DIV/0!,#DIV/0!,0,0,0,0,,,,,,,,,,,,,,,,,,,,,,,,,,,,,Oikos,,,,,,,,,,,,,
FR,oikos dessert,PRODUCTS,PLANT BASED YOGURTS,Generic,,,,,#DIV/0!,#DIV/0!,0,0,0,0,,,,,,,,,,,,,,,,,,,,,,,,,,,,,Oikos,,,,,,Dessert,,,,,,,
New,protein options for snacks,CONSUMER HABITS,MEALS,Snack,,,,,#DIV/0!,#DIV/0!,0,0,0,0,,,,,,,,,,,,,,,,,,,,,,,,,,,,,,,,,,,Snack,,,,,,,
New,high protein greek yogurt snacks,PRODUCTS,PLANT BASED YOGURTS,Generic,,,,,#DIV/0!,#DIV/0!,0,0,0,0,,,,,,,,,,,,,,,,,,,,,,,,,Greek,,,,,,,Rich in protein,,,,,,,,,,
New,1 greek yogurt protein,PRODUCTS,PLANT BASED YOGURTS,Generic,,,,,#DIV/0!,#DIV/0!,0,0,0,0,,,,,,,,,,,,,,,,,,,,,,,,,Greek,,,,,,,,,,,,,,,,,
New,oikos framboise grenade,PRODUCTS,PLANT BASED YOGURTS,Generic,,,,,#DIV/0!,#DIV/0!,0,0,0,0,,,,,,,,,,,,,,,,,,,,,,,,,,,,,Oikos,,,,,,,,,,,,,
New,oikos select greek yogurt calories,EATING BETTER,HEALTHIER EATING,Labels & scoring,,,,,#DIV/0!,#DIV/0!,0,0,0,0,,,,,,,,,,,,,,,,,,,,,,,,,Greek,,,Calorie,Oikos,,,,,,,,,,,,,
New,yogurt beverages,PRODUCTS,PLANT BASED YOGURTS,Generic,,,,,#DIV/0!,#DIV/0!,0,0,0,0,,,,,,,,,,,,,,,,,,,,,,,,,Yogurt,,,,,,,,,,,,,,,,,
New,dannon oikos yogurt,PRODUCTS,BRANDS,Danone - generic,,,,,#DIV/0!,#DIV/0!,0,0,0,0,,,,,,,,,,,,,,,,,,,,,,,,,Yogurt,,,,Oikos,,,,,,,,,,,,,
New,oikos yogurt near me,PRODUCTS,BRANDS,Danone - generic,,,,,#DIV/0!,#DIV/0!,0,0,0,0,,,,,,,,,,,,,,,,,,,,,,,,,Yogurt,,,,Oikos,,,,,,,,,,,,,
New,what is oikos greek yogurt made of,PRODUCTS,PLANT BASED YOGURTS,Generic,,,,,#DIV/0!,#DIV/0!,0,0,0,0,,,,,,,,,,,,,,,,,,,,,,,,,Greek,,,,Oikos,,,,,,,,,,,,,
New,oikos pro dairy drink,PRODUCTS,PLANT BASED YOGURTS,Generic,,,,,#DIV/0!,#DIV/0!,0,0,0,0,,,,,,,,,,,,,,,,,,,,,,,,,,,,Dairy,Oikos,,,,,,,,,,,,,
New,yogurt sans sucre,PRODUCTS,YOGURTS,Yogurts,,,,,#DIV/0!,#DIV/0!,0,0,0,0,,,,,,,,,,,,,,,,,,,,,,,,,Yogurt,,,Without,,,,,,,,,,,,,,
New,how many grams of sugar in greek yogurt,PRODUCTS,PLANT BASED YOGURTS,Generic,,,,,#DIV/0!,#DIV/0!,0,0,0,0,,,,,,,,,,,,,,,,,,,,,,,,,Greek,,Gram,Sugar,,,,,,,,,,,,,,
New,cherry oikos,PRODUCTS,BRANDS,Danone - generic,,,,,#DIV/0!,#DIV/0!,0,0,0,0,,,,,,,,,,,,,,,,,,,,,,,,,,Cherry,,,Oikos,,,,,,,,,,,,,
New,drinkable yogurt high protein,PRODUCTS,YOGURT DRINKS,Yogurt drinks,,,,,#DIV/0!,#DIV/0!,0,0,0,0,,,,,,,,,,,,,,,,,,,,,,,,,Yogurt,,,,,,,Rich in protein,,,,,,,,,,
New,dannon greek yogurt oikos,PRODUCTS,PLANT BASED YOGURTS,Generic,,,,,#DIV/0!,#DIV/0!,0,0,0,0,,,,,,,,,,,,,,,,,,,,,,,,,Greek,,,,Oikos,,,,,,,,,,,,,
New,high protein breakfast with greek yogurt,PRODUCTS,PLANT BASED YOGURTS,Generic,,,,,#DIV/0!,#DIV/0!,0,0,0,0,,,,,,,,,,,,,,,,,,,,,,,,,Greek,,,,,,,Rich in protein,,,,,,,,,,
New,lactose free greek yogurt 0 fat,PRODUCTS,PLANT BASED YOGURTS,Generic,,,,,#DIV/0!,#DIV/0!,0,0,0,0,,,,,,,,,,,,,,,,,,,,,,,,,Greek,,,Fat,,,,Fat-free,,,,,,,,,,
New,no sugar flavoured yogurt,PRODUCTS,PLANT BASED YOGURTS,Generic,,,,,#DIV/0!,#DIV/0!,0,0,0,0,,,,,,,,,,,,,,,,,,,,,,,,,Yogurt,,,Sugar,,,,Sugar-free,,,,,,,,,,
New,what is the healthiest yogurt to buy,PRODUCTS,PLANT BASED YOGURTS,Generic,,,,,#DIV/0!,#DIV/0!,0,0,0,0,,,,,,,,,,,,,,,,,,,,,,,,,Yogurt,,,,,,,Healthy,,,,,,,,,,
New,greek yogurt contents,PRODUCTS,YOGURTS,Greek,,,,,#DIV/0!,#DIV/0!,0,0,0,0,,,,,,,,,,,,,,,,,,,,,,,,,Greek,,,,,,,,,,,,,,,,,
New,lactaid yogurt,PRODUCTS,PLANT BASED YOGURTS,Generic,,,,,#DIV/0!,#DIV/0!,0,0,0,0,,,,,,,,,,,,,,,,,,,,,,,,,Yogurt,,,,,,,,,,,,,,,,,
New,oikos whole milk yogurt,PRODUCTS,PLANT BASED YOGURTS,Generic,,,,,#DIV/0!,#DIV/0!,0,0,0,0,,,,,,,,,,,,,,,,,,,,,,,,,Yogurt,,,Milk,Oikos,,,,,,,,,,,,,
New,high protein zero sugar yogurt,PRODUCTS,YOGURTS,Yogurts,,,,,#DIV/0!,#DIV/0!,0,0,0,0,,,,,,,,,,,,,,,,,,,,,,,,,Yogurt,,,Sugar,,,,Rich in protein,,,,,,,,,,
New,plain drinkable yogurt,PRODUCTS,PLANT BASED YOGURTS,Generic,,,,,#DIV/0!,#DIV/0!,0,0,0,0,,,,,,,,,,,,,,,,,,,,,,,,,Yogurt,Plain,,,,,,,,,,,,,,,,
New,full fat yogurt greek,PRODUCTS,PLANT BASED YOGURTS,Generic,,,,,#DIV/0!,#DIV/0!,0,0,0,0,,,,,,,,,,,,,,,,,,,,,,,,,Greek,,,Fat,,,,,,,,,,,,,,
New,greek yogurt with 20 grams of protein,PRODUCTS,PLANT BASED YOGURTS,Generic,,,,,#DIV/0!,#DIV/0!,0,0,0,0,,,,,,,,,,,,,,,,,,,,,,,,,Greek,,Gram,Without,,,,,,,,,,,,,,
New,ingredient yaourt grec,HEALTH,COMPOSITION,Generic,,,,,#DIV/0!,#DIV/0!,0,0,0,0,,,,,,,,,,,,,,,,,,,,,,,,,Yogurt,,,,,,,,,,,,,,,,,
New,is cholesterol in greek yogurt bad,PRODUCTS,PLANT BASED YOGURTS,Generic,,,,,#DIV/0!,#DIV/0!,0,0,0,0,,,,,,,,,,,,,,,,,,,,,,,,,Greek,,,,,,,,Good or bad,,,,,,,,,
New,low carb vanilla greek yogurt,PRODUCTS,PLANT BASED YOGURTS,Generic,,,,,#DIV/0!,#DIV/0!,0,0,0,0,,,,,,,,,,,,,,,,,,,,,,,,,Greek,Vanilla,,,,,,,,,,,,,,,,
New,amount of protein in yogurt,PRODUCTS,PLANT BASED YOGURTS,Generic,,,,,#DIV/0!,#DIV/0!,0,0,0,0,,,,,,,,,,,,,,,,,,,,,,,,,Yogurt,,,,,,,,,,,,,,,,,
New,oikos greek yogurt have probiotics,PRODUCTS,PLANT BASED YOGURTS,Generic,,,,,#DIV/0!,#DIV/0!,0,0,0,0,,,,,,,,,,,,,,,,,,,,,,,,,Greek,,,Probiotic,Oikos,,,,,,,,,,,,,
New,yogourt grec oikos calories,PRODUCTS,PLANT BASED YOGURTS,Generic,,,,,#DIV/0!,#DIV/0!,0,0,0,0,,,,,,,,,,,,,,,,,,,,,,,,,Yogurt,,,Calorie,Oikos,,,,,,,,,,,,,
New,oikos yogurt protein nutrition,EATING BETTER,HEALTHIER EATING,Labels & scoring,,,,,#DIV/0!,#DIV/0!,0,0,0,0,,,,,,,,,,,,,,,,,,,,,,,,,Yogurt,,,,Oikos,,,,,,,,,,,,,
New,how many calories in oikos vanilla yogurt,PRODUCTS,PLANT BASED YOGURTS,Generic,,,,,#DIV/0!,#DIV/0!,0,0,0,0,,,,,,,,,,,,,,,,,,,,,,,,,Yogurt,Vanilla,,Calorie,Oikos,,,,,,,,,,,,,
New,oikos pro pack,PRODUCTS,PLANT BASED YOGURTS,Generic,,,,,#DIV/0!,#DIV/0!,0,0,0,0,,,,,,,,,,,,,,,,,,,,,,,,,,,,,Oikos,,,,,,,,,,,,,
New,which greek yogurt has no sugar,PRODUCTS,PLANT BASED YOGURTS,Generic,,,,,#DIV/0!,#DIV/0!,0,0,0,0,,,,,,,,,,,,,,,,,,,,,,,,,Greek,,,Sugar,,,,Sugar-free,,,,,,,,,,
New,which greek yogurt has the least amount of sugar,PRODUCTS,PLANT BASED YOGURTS,Generic,,,,,#DIV/0!,#DIV/0!,0,0,0,0,,,,,,,,,,,,,,,,,,,,,,,,,Greek,,,Sugar,,,,,,,,,,,,,,
New,where to buy full fat greek yogurt,PRODUCTS,PLANT BASED YOGURTS,Generic,,,,,#DIV/0!,#DIV/0!,0,0,0,0,,,,,,,,,,,,,,,,,,,,,,,,,Greek,,,Fat,,,,,,,,,,,,,,
New,oikos yogurt shakes,PRODUCTS,BRANDS,Danone - generic,,,,,#DIV/0!,#DIV/0!,0,0,0,0,,,,,,,,,,,,,,,,,,,,,,,,,Yogurt,,,,Oikos,,,,,,,,,,,,,
New,low fat greek yogurt protein per 100g,PRODUCTS,PLANT BASED YOGURTS,Generic,,,,,#DIV/0!,#DIV/0!,0,0,0,0,,,,,,,,,,,,,,,,,,,,,,,,,Greek,,Gram,Fat,,,,,,,,,,,,,,
New,oikos greek yogurt whole milk,PRODUCTS,PLANT BASED YOGURTS,Generic,,,,,#DIV/0!,#DIV/0!,0,0,0,0,,,,,,,,,,,,,,,,,,,,,,,,,Greek,,,Milk,Oikos,,,,,,,,,,,,,
New,iogo greek yogurt nutrition facts,PRODUCTS,PLANT BASED YOGURTS,Generic,,,,,#DIV/0!,#DIV/0!,0,0,0,0,,,,,,,,,,,,,,,,,,,,,,,,,Greek,,,,,,,,,,,,,,,,,
New,which yogurt is dairy free,PRODUCTS,PLANT BASED YOGURTS,Generic,,,,,#DIV/0!,#DIV/0!,0,0,0,0,,,,,,,,,,,,,,,,,,,,,,,,,Yogurt,,,Dairy,,,,,,,,,,,,,,
New,oikos zero sugar yogurt,PRODUCTS,PLANT BASED YOGURTS,Generic,,,,,#DIV/0!,#DIV/0!,0,0,0,0,,,,,,,,,,,,,,,,,,,,,,,,,Yogurt,,,Sugar,Oikos,,,,,,,,,,,,,
New,which yoghurt is best,PRODUCTS,PLANT BASED YOGURTS,Generic,,,,,#DIV/0!,#DIV/0!,0,0,0,0,,,,,,,,,,,,,,,,,,,,,,,,,Yogurt,,,,,,,,Best,,,,,,,,,
New,hipro yaourt,PRODUCTS,PLANT BASED YOGURTS,Generic,,,,,#DIV/0!,#DIV/0!,0,0,0,0,,,,,,,,,,,,,,,,,,,,,,,,,Yogurt,,,,,,,,,,,,,,,,,
New,healthiest greek yoghurt,PRODUCTS,PLANT BASED YOGURTS,Generic,,,,,#DIV/0!,#DIV/0!,0,0,0,0,,,,,,,,,,,,,,,,,,,,,,,,,Greek,,,,,,,Healthy,,,,,,,,,,
New,low fat high protein yoghurt,PRODUCTS,PLANT BASED YOGURTS,Generic,,,,,#DIV/0!,#DIV/0!,0,0,0,0,,,,,,,,,,,,,,,,,,,,,,,,,Yogurt,,,Fat,,,,Rich in protein,,,,,,,,,,
New,oikos yogurt zero sugar,PRODUCTS,BRANDS,Danone - generic,,,,,#DIV/0!,#DIV/0!,0,0,0,0,,,,,,,,,,,,,,,,,,,,,,,,,Yogurt,,,Sugar,Oikos,,,,,,,,,,,,,
New,cleanest yogurt,PRODUCTS,PLANT BASED YOGURTS,Generic,,,,,#DIV/0!,#DIV/0!,0,0,0,0,,,,,,,,,,,,,,,,,,,,,,,,,Yogurt,,,,,,,,,,,,,,,,,
New,oikos zero yogurt nutrition facts,EATING BETTER,HEALTHIER EATING,Labels & scoring,,,,,#DIV/0!,#DIV/0!,0,0,0,0,,,,,,,,,,,,,,,,,,,,,,,,,Yogurt,,,,Oikos,,,,,,,,,,,,,
New,oikos pro 20g,PRODUCTS,PLANT BASED YOGURTS,Generic,,,,,#DIV/0!,#DIV/0!,0,0,0,0,,,,,,,,,,,,,,,,,,,,,,,,,,,Gram,Without,Oikos,,,,,,,,,,,,,
New,meilleur yaourt grec,PRODUCTS,PLANT BASED YOGURTS,Generic,,,,,#DIV/0!,#DIV/0!,0,0,0,0,,,,,,,,,,,,,,,,,,,,,,,,,Yogurt,,,,,,,,,,,,,,,,,
New,where can i buy oikos triple zero,PRODUCTS,PLANT BASED YOGURTS,Generic,,,,,#DIV/0!,#DIV/0!,0,0,0,0,,,,,,,,,,,,,,,,,,,,,,,,,,,,,Oikos,,,,,,,,,,,,,
New,where to buy ratio yogurt near me,PRODUCTS,YOGURTS,Yogurts,,,,,#DIV/0!,#DIV/0!,0,0,0,0,,,,,,,,,,,,,,,,,,,,,,,,,Yogurt,,,,,,,,,,,,,,,,,
New,flavoured greek yogurt for weight loss,PRODUCTS,PLANT BASED YOGURTS,Generic,,,,,#DIV/0!,#DIV/0!,0,0,0,0,,,,,,,,,,,,,,,,,,,,,,,,,Greek,,,,,,,,,,,,,,,,,
New,how many calories are in a oikos yogurt,PRODUCTS,PLANT BASED YOGURTS,Generic,,,,,#DIV/0!,#DIV/0!,0,0,0,0,,,,,,,,,,,,,,,,,,,,,,,,,Yogurt,,,Calorie,Oikos,,,,,,,,,,,,,
New,which yogurt is sugar free,PRODUCTS,PLANT BASED YOGURTS,Generic,,,,,#DIV/0!,#DIV/0!,0,0,0,0,,,,,,,,,,,,,,,,,,,,,,,,,Yogurt,,,Sugar,,,,,,,,,,,,,,
New,where to buy dairy free yogurt,PRODUCTS,YOGURTS,Yogurts,,,,,#DIV/0!,#DIV/0!,0,0,0,0,,,,,,,,,,,,,,,,,,,,,,,,,Yogurt,,,Dairy,,,,,,,,,,,,,,
New,which greek yogurt has live active cultures,PRODUCTS,PLANT BASED YOGURTS,Generic,,,,,#DIV/0!,#DIV/0!,0,0,0,0,,,,,,,,,,,,,,,,,,,,,,,,,Greek,,,,,,,,,,,,,,,,,
New,high protein sugar free yogurt,PRODUCTS,YOGURTS,Yogurts,,,,,#DIV/0!,#DIV/0!,0,0,0,0,,,,,,,,,,,,,,,,,,,,,,,,,Yogurt,,,Sugar,,,,Rich in protein,,,,,,,,,,
New,ingredients greek yogurt,HEALTH,COMPOSITION,Generic,,,,,#DIV/0!,#DIV/0!,0,0,0,0,,,,,,,,,,,,,,,,,,,,,,,,,Greek,,,,,,,,,,,,,,,,,
New,different types of yogurt brands,PRODUCTS,PLANT BASED YOGURTS,Generic,,,,,#DIV/0!,#DIV/0!,0,0,0,0,,,,,,,,,,,,,,,,,,,,,,,,,Yogurt,,,,,,,,,,,,,,,,,
New,dannon oikos triple zero,PRODUCTS,PLANT BASED YOGURTS,Generic,,,,,#DIV/0!,#DIV/0!,0,0,0,0,,,,,,,,,,,,,,,,,,,,,,,,,,,,,Oikos,,,,,,,,,,,,,
New,no sugar greek yoghurt,PRODUCTS,PLANT BASED YOGURTS,Generic,,,,,#DIV/0!,#DIV/0!,0,0,0,0,,,,,,,,,,,,,,,,,,,,,,,,,Greek,,,Sugar,,,,Sugar-free,,,,,,,,,,
New,which yogurts are lactose free,PRODUCTS,PLANT BASED YOGURTS,Generic,,,,,#DIV/0!,#DIV/0!,0,0,0,0,,,,,,,,,,,,,,,,,,,,,,,,,Yogurt,,,Lactose,,,,,,,,,,,,,,
New,lactaid free yogurt,PRODUCTS,PLANT BASED YOGURTS,Generic,,,,,#DIV/0!,#DIV/0!,0,0,0,0,,,,,,,,,,,,,,,,,,,,,,,,,Yogurt,,,,,,,,,,,,,,,,,
New,best greek yogurt to buy,PRODUCTS,YOGURTS,Greek,,,,,#DIV/0!,#DIV/0!,0,0,0,0,,,,,,,,,,,,,,,,,,,,,,,,,Greek,,,,,,,,Best,,,,,,,,,
New,how much protein in a cup of greek yoghurt,PRODUCTS,PLANT BASED YOGURTS,Generic,,,,,#DIV/0!,#DIV/0!,0,0,0,0,,,,,,,,,,,,,,,,,,,,,,,,,Greek,,Cup,,,,,,,,,,,,,,,
New,most nutritious yogurt,PRODUCTS,PLANT BASED YOGURTS,Generic,,,,,#DIV/0!,#DIV/0!,0,0,0,0,,,,,,,,,,,,,,,,,,,,,,,,,Yogurt,,,,,,,,,,,,,,,,,
New,which is best greek yogurt,PRODUCTS,PLANT BASED YOGURTS,Generic,,,,,#DIV/0!,#DIV/0!,0,0,0,0,,,,,,,,,,,,,,,,,,,,,,,,,Greek,,,,,,,,Best,,,,,,,,,
New,oikos greek yogurt calories vanilla,PRODUCTS,PLANT BASED YOGURTS,Generic,,,,,#DIV/0!,#DIV/0!,0,0,0,0,,,,,,,,,,,,,,,,,,,,,,,,,Greek,Vanilla,,Calorie,Oikos,,,,,,,,,,,,,
New,where can i buy lactose free yogurt,PRODUCTS,PLANT BASED YOGURTS,Generic,,,,,#DIV/0!,#DIV/0!,0,0,0,0,,,,,,,,,,,,,,,,,,,,,,,,,Yogurt,,,Lactose,,,,,,,,,,,,,,
New,oikos yogurt vanilla protein,PRODUCTS,PLANT BASED YOGURTS,Generic,,,,,#DIV/0!,#DIV/0!,0,0,0,0,,,,,,,,,,,,,,,,,,,,,,,,,Yogurt,Vanilla,,,Oikos,,,,,,,,,,,,,
New,where to buy sugar free yogurt,PRODUCTS,PLANT BASED YOGURTS,Generic,,,,,#DIV/0!,#DIV/0!,0,0,0,0,,,,,,,,,,,,,,,,,,,,,,,,,Yogurt,,,Sugar,,,,,,,,,,,,,,
New,which is the best yogurt for you,PRODUCTS,PLANT BASED YOGURTS,Generic,,,,,#DIV/0!,#DIV/0!,0,0,0,0,,,,,,,,,,,,,,,,,,,,,,,,,Yogurt,,,,,,,,Best,,,,,,,,,
New,which yogurt has the most protein and the least sugar,PRODUCTS,PLANT BASED YOGURTS,Generic,,,,,#DIV/0!,#DIV/0!,0,0,0,0,,,,,,,,,,,,,,,,,,,,,,,,,Yogurt,,,Sugar,,,,,,,,,,,,,,
New,low sugar yogourt,PRODUCTS,PLANT BASED YOGURTS,Generic,,,,,#DIV/0!,#DIV/0!,0,0,0,0,,,,,,,,,,,,,,,,,,,,,,,,,Yogurt,,,Sugar,,,,,,,,,,,,,,
New,oiko pro yogurt drink,PRODUCTS,YOGURT DRINKS,Yogurt drinks,,,,,#DIV/0!,#DIV/0!,0,0,0,0,,,,,,,,,,,,,,,,,,,,,,,,,Yogurt,,,,Oikos,,,,,,,,,,,,,
New,milk alternative yogurt,PRODUCTS,PLANT BASED YOGURTS,Generic,,,,,#DIV/0!,#DIV/0!,0,0,0,0,,,,,,,,,,,,,,,,,,,,,,,,,Yogurt,,,Milk,,,,,,,,,,,,,,
New,pro oikos,PRODUCTS,BRANDS,Danone - generic,,,,,#DIV/0!,#DIV/0!,0,0,0,0,,,,,,,,,,,,,,,,,,,,,,,,,,,,,Oikos,,,,,,,,,,,,,
New,oikos yogurt triple zero calories,PRODUCTS,PLANT BASED YOGURTS,Generic,,,,,#DIV/0!,#DIV/0!,0,0,0,0,,,,,,,,,,,,,,,,,,,,,,,,,Yogurt,,,Calorie,Oikos,,,,,,,,,,,,,
New,which yogurt is good for health,PRODUCTS,PLANT BASED YOGURTS,Generic,,,,,#DIV/0!,#DIV/0!,0,0,0,0,,,,,,,,,,,,,,,,,,,,,,,,,Yogurt,,,,,,,Healthy,Good or bad,,,,,,,,,
New,high protein breakfast with yogurt,PRODUCTS,PLANT BASED YOGURTS,Generic,,,,,#DIV/0!,#DIV/0!,0,0,0,0,,,,,,,,,,,,,,,,,,,,,,,,,Yogurt,,,,,,,Rich in protein,,,,,,,,,,
New,things to make with greek yoghurt,PRODUCTS,YOGURTS,Greek,,,,,#DIV/0!,#DIV/0!,0,0,0,0,,,,,,,,,,,,,,,,,,,,,,,,,Greek,,,,,,,,,,,,,,,,,
New,oikos pro protein shake,PRODUCTS,BRANDS,Danone - generic,,,,,#DIV/0!,#DIV/0!,0,0,0,0,,,,,,,,,,,,,,,,,,,,,,,,,,,,,Oikos,,,,,,,,,,,,,
New,drinkable plain yogurt,PRODUCTS,PLANT BASED YOGURTS,Generic,,,,,#DIV/0!,#DIV/0!,0,0,0,0,,,,,,,,,,,,,,,,,,,,,,,,,Yogurt,Plain,,,,,,,,,,,,,,,,
New,low fat yogurt with no added sugar,PRODUCTS,PLANT BASED YOGURTS,Generic,,,,,#DIV/0!,#DIV/0!,0,0,0,0,,,,,,,,,,,,,,,,,,,,,,,,,Yogurt,,,Fat,,,,,,,,,,,,,,
New,0 plain greek yogurt nutrition,PRODUCTS,PLANT BASED YOGURTS,Generic,,,,,#DIV/0!,#DIV/0!,0,0,0,0,,,,,,,,,,,,,,,,,,,,,,,,,Greek,Plain,,Without,,,,,,,,,,,,,,
New,oikos active cultures,PRODUCTS,PLANT BASED YOGURTS,Generic,,,,,#DIV/0!,#DIV/0!,0,0,0,0,,,,,,,,,,,,,,,,,,,,,,,,,,,,,Oikos,,,,,,,,,,,,,
New,which brand of greek yogurt is the healthiest,PRODUCTS,PLANT BASED YOGURTS,Generic,,,,,#DIV/0!,#DIV/0!,0,0,0,0,,,,,,,,,,,,,,,,,,,,,,,,,Greek,,,,,,,Healthy,,,,,,,,,,
New,oikos yogurt recipes,RECIPES,RECIPES,Recipes with yogurt,,,,,#DIV/0!,#DIV/0!,0,0,0,0,,,,,,,,,,,,,,,,,,,,,,,,,Yogurt,,,,Oikos,,,,,,,,,,,,,
New,best greek yogurt for high blood pressure,PRODUCTS,PLANT BASED YOGURTS,Generic,,,,,#DIV/0!,#DIV/0!,0,0,0,0,,,,,,,,,,,,,,,,,,,,,,,,,Greek,,,,,,,Rich in protein,Best,,,,,,,,,
New,where to buy non dairy yogurt,PRODUCTS,PLANT BASED YOGURTS,Generic,,,,,#DIV/0!,#DIV/0!,0,0,0,0,,,,,,,,,,,,,,,,,,,,,,,,,Yogurt,,,Dairy,,,,,,,,,,,,,,
New,full fat greek yogurt nutrition facts,PRODUCTS,PLANT BASED YOGURTS,Generic,,,,,#DIV/0!,#DIV/0!,0,0,0,0,,,,,,,,,,,,,,,,,,,,,,,,,Greek,,,Fat,,,,,,,,,,,,,,
New,is greek yogurt fat or protein,PRODUCTS,PLANT BASED YOGURTS,Generic,,,,,#DIV/0!,#DIV/0!,0,0,0,0,,,,,,,,,,,,,,,,,,,,,,,,,Greek,,,Fat,,,,,,,,,,,,,,
New,fat free plain greek yogurt nutrition,PRODUCTS,PLANT BASED YOGURTS,Generic,,,,,#DIV/0!,#DIV/0!,0,0,0,0,,,,,,,,,,,,,,,,,,,,,,,,,Greek,Plain,,Fat,,,,Fat-free,,,,,,,,,,
New,is yoghurt good,PRODUCTS,PLANT BASED YOGURTS,Generic,,,,,#DIV/0!,#DIV/0!,0,0,0,0,,,,,,,,,,,,,,,,,,,,,,,,,Yogurt,,,,,,,,Good or bad,,,,,,,,,
New,best clean yogurt,PRODUCTS,YOGURTS,Yogurts,,,,,#DIV/0!,#DIV/0!,0,0,0,0,,,,,,,,,,,,,,,,,,,,,,,,,Yogurt,,,,,,,,Best,,,,,,,,,
New,oikos less sugar yogurt,PRODUCTS,BRANDS,Danone - generic,,,,,#DIV/0!,#DIV/0!,0,0,0,0,,,,,,,,,,,,,,,,,,,,,,,,,Yogurt,,,Sugar,Oikos,,,,,,,,,,,,,
New,oikos kcal,PRODUCTS,YOGURTS,Greek,,,,,#DIV/0!,#DIV/0!,0,0,0,0,,,,,,,,,,,,,,,,,,,,,,,,,,,,,Oikos,,,,,,,,,,,,,
New,importance of greek yoghurt,PRODUCTS,YOGURTS,Greek,,,,,#DIV/0!,#DIV/0!,0,0,0,0,,,,,,,,,,,,,,,,,,,,,,,,,Greek,,,,,,,,,,,,,,,,,
New,creek yoghurt,PRODUCTS,YOGURTS,Greek,,,,,#DIV/0!,#DIV/0!,0,0,0,0,,,,,,,,,,,,,,,,,,,,,,,,,Yogurt,,,,,,,,,,,,,,,,,
New,oikos yogur griego,PRODUCTS,BRANDS,Danone - generic,,,,,#DIV/0!,#DIV/0!,0,0,0,0,,,,,,,,,,,,,,,,,,,,,,,,,Yogurt,,,,Oikos,,,,,,,,,,,,,
New,1 2 cup of yogurt protein,PRODUCTS,YOGURTS,Yogurts,,,,,#DIV/0!,#DIV/0!,0,0,0,0,,,,,,,,,,,,,,,,,,,,,,,,,Yogurt,,Cup,,,,,,,,,,,,,,,
New,what yogurt has the less sugar,PRODUCTS,YOGURTS,Yogurts,,,,,#DIV/0!,#DIV/0!,0,0,0,0,,,,,,,,,,,,,,,,,,,,,,,,,Yogurt,,,Sugar,,,,,,,,,,,,,,
New,best greek yogurt brand for protein,PRODUCTS,YOGURTS,Greek,,,,,#DIV/0!,#DIV/0!,0,0,0,0,,,,,,,,,,,,,,,,,,,,,,,,,Greek,,,,,,,,Best,,,,,,,,,
New,oikos triple zero vanilla yogurt by dannon,PRODUCTS,BRANDS,Danone - generic,,,,,#DIV/0!,#DIV/0!,0,0,0,0,,,,,,,,,,,,,,,,,,,,,,,,,Yogurt,Vanilla,,,Oikos,,,,,,,,,,,,,
New,which plain greek yogurt is the healthiest,PRODUCTS,YOGURTS,Greek,,,,,#DIV/0!,#DIV/0!,0,0,0,0,,,,,,,,,,,,,,,,,,,,,,,,,Greek,Plain,,,,,,Healthy,,,,,,,,,,
New,what is the best yogurt for lactose intolerance,HEALTH,ALLERGIES & INTOLERANCES,Lactose intolerance,,,,,#DIV/0!,#DIV/0!,0,0,0,0,,,,,,,,,,,,,,,,,,,,,,,,,Yogurt,,,Lactose,,,,,Best,,,,,,,,,
New,easy breakfast ideas protein,CONSUMER HABITS,MEALS,Breakfast,,,,,#DIV/0!,#DIV/0!,0,0,0,0,,,,,,,,,,,,,,,,,,,,,,,,,,,,,,,,,,,Breakfast,,,,,,,
New,best greek yogurt with live cultures,PRODUCTS,YOGURTS,Greek,,,,,#DIV/0!,#DIV/0!,0,0,0,0,,,,,,,,,,,,,,,,,,,,,,,,,Greek,,,,,,,,Best,,,,,,,,,
New,yogurt brands with no added sugar,PRODUCTS,YOGURTS,Yogurts,,,,,#DIV/0!,#DIV/0!,0,0,0,0,,,,,,,,,,,,,,,,,,,,,,,,,Yogurt,,,Sugar,,,,,,,,,,,,,,
New,zero sugar oikos,PRODUCTS,BRANDS,Danone - generic,,,,,#DIV/0!,#DIV/0!,0,0,0,0,,,,,,,,,,,,,,,,,,,,,,,,,,,,Sugar,Oikos,,,,,,,,,,,,,
New,oikos drinkable yogurt 23g protein,PRODUCTS,YOGURT DRINKS,Yogurt drinks,,,,,#DIV/0!,#DIV/0!,0,0,0,0,,,,,,,,,,,,,,,,,,,,,,,,,Yogurt,,,,Oikos,,,,,,,,,,,,,
New,new high protein yogurt,PRODUCTS,YOGURTS,Yogurts,,,,,#DIV/0!,#DIV/0!,0,0,0,0,,,,,,,,,,,,,,,,,,,,,,,,,Yogurt,,,,,,,Rich in protein,,,,,,,,,,
New,best yogurt for adults,PRODUCTS,YOGURTS,Yogurts,,,,,#DIV/0!,#DIV/0!,0,0,0,0,,,,,,,,,,,,,,,,,,,,,,,,,Yogurt,,,,,,,,Best,,,,,,,,,
New,greek yoghurt without sugar,PRODUCTS,YOGURTS,Greek,,,,,#DIV/0!,#DIV/0!,0,0,0,0,,,,,,,,,,,,,,,,,,,,,,,,,Greek,,,Sugar,,,,,,,,,,,,,,
FR,oikos stanley cup,PRODUCTS,BRANDS,Danone - generic,,,,,#DIV/0!,#DIV/0!,0,0,0,0,,,,,,,,,,,,,,,,,,,,,,,,,,,Cup,,Oikos,,,,,,,,,,,,,
New,oikos triple zero mixed berry nutrition,EATING BETTER,HEALTHIER EATING,Labels & scoring,,,,,#DIV/0!,#DIV/0!,0,0,0,0,,,,,,,,,,,,,,,,,,,,,,,,,,,,,Oikos,,,,,,,,,,,,,
New,oikos 20 grams protein,PRODUCTS,YOGURTS,Yogurts,,,,,#DIV/0!,#DIV/0!,0,0,0,0,,,,,,,,,,,,,,,,,,,,,,,,,,,Gram,Without,Oikos,,,,,,,,,,,,,
New,oikos jogurt,PRODUCTS,YOGURTS,Yogurts,,,,,#DIV/0!,#DIV/0!,0,0,0,0,,,,,,,,,,,,,,,,,,,,,,,,,,,,,Oikos,,,,,,,,,,,,,
New,20g protein yogurt drink,PRODUCTS,YOGURT DRINKS,Yogurt drinks,,,,,#DIV/0!,#DIV/0!,0,0,0,0,,,,,,,,,,,,,,,,,,,,,,,,,Yogurt,,Gram,Without,,,,,,,,,,,,,,
New,oikos pro cup,PRODUCTS,BRANDS,Danone - generic,,,,,#DIV/0!,#DIV/0!,0,0,0,0,,,,,,,,,,,,,,,,,,,,,,,,,,,Cup,,Oikos,,,,,,,,,,,,,
New,is there lactose free yoghurt,PRODUCTS,YOGURTS,Yogurts,,,,,#DIV/0!,#DIV/0!,0,0,0,0,,,,,,,,,,,,,,,,,,,,,,,,,Yogurt,,,Lactose,,,,,,,,,,,,,,
New,oikos protein drink yogurt,PRODUCTS,YOGURT DRINKS,Yogurt drinks,,,,,#DIV/0!,#DIV/0!,0,0,0,0,,,,,,,,,,,,,,,,,,,,,,,,,Yogurt,,,,Oikos,,,,,,,,,,,,,
New,oikos pro 23g protein yogurt,PRODUCTS,BRANDS,Danone - generic,,,,,#DIV/0!,#DIV/0!,0,0,0,0,,,,,,,,,,,,,,,,,,,,,,,,,Yogurt,,,,Oikos,,,,,,,,,,,,,
New,food after weight training,CONSUMER HABITS,MEALS,Snack,,,,,#DIV/0!,#DIV/0!,0,0,0,0,,,,,,,,,,,,,,,,,,,,,,,,,,,,,,,,,,,Snack,,,,,,,
New,dannon triple zero,PRODUCTS,YOGURTS,Greek,,,,,#DIV/0!,#DIV/0!,0,0,0,0,,,,,,,,,,,,,,,,,,,,,,,,,,,,,,,,,,,,,,,,,,
New,oikos cups calories,EATING BETTER,HEALTHIER EATING,Labels & scoring,,,,,#DIV/0!,#DIV/0!,0,0,0,0,,,,,,,,,,,,,,,,,,,,,,,,,,,Cup,Calorie,Oikos,,,,,,,,,,,,,
New,oikos yogurt greco,PRODUCTS,YOGURTS,Greek,,,,,#DIV/0!,#DIV/0!,0,0,0,0,,,,,,,,,,,,,,,,,,,,,,,,,Yogurt,,,,Oikos,,,,,,,,,,,,,
New,best greek yoghurt for protein,PRODUCTS,YOGURTS,Greek,,,,,#DIV/0!,#DIV/0!,0,0,0,0,,,,,,,,,,,,,,,,,,,,,,,,,Greek,,,,,,,,Best,,,,,,,,,
New,which yogurt is canadian made,EATING BETTER,ORIGIN,Made in Canada,,,,,#DIV/0!,#DIV/0!,0,0,0,0,,,,,,,,,,,,,,,,,,,,,,,,,Yogurt,,,,,,,,,,,,,,,,,
New,oikos low carb yogurt,PRODUCTS,BRANDS,Danone - generic,,,,,#DIV/0!,#DIV/0!,0,0,0,0,,,,,,,,,,,,,,,,,,,,,,,,,Yogurt,,,,Oikos,,,,,,,,,,,,,
New,oikos 000 nutrition,EATING BETTER,HEALTHIER EATING,Labels & scoring,,,,,#DIV/0!,#DIV/0!,0,0,0,0,,,,,,,,,,,,,,,,,,,,,,,,,,,,Without,Oikos,,,,,,,,,,,,,
New,yaourt grec c est quoi,PRODUCTS,YOGURTS,Greek,,,,,#DIV/0!,#DIV/0!,0,0,0,0,,,,,,,,,,,,,,,,,,,,,,,,,Yogurt,,,,,,,,,,,,,,,,,
New,zero sugar yogurt oikos,PRODUCTS,BRANDS,Danone - generic,,,,,#DIV/0!,#DIV/0!,0,0,0,0,,,,,,,,,,,,,,,,,,,,,,,,,Yogurt,,,Sugar,Oikos,,,,,,,,,,,,,
New,yaourt non laitier,PRODUCTS,YOGURTS,Yogurts,,,,,#DIV/0!,#DIV/0!,0,0,0,0,,,,,,,,,,,,,,,,,,,,,,,,,Yogurt,,,,,,,,,,,,,,,,,
New,best no sugar added yogurt,PRODUCTS,YOGURTS,Yogurts,,,,,#DIV/0!,#DIV/0!,0,0,0,0,,,,,,,,,,,,,,,,,,,,,,,,,Yogurt,,,Sugar,,,,Sugar-free,Best,,,,,,,,,
New,oikos pro drink flavors,PRODUCTS,YOGURT DRINKS,Yogurt drinks,,,,,#DIV/0!,#DIV/0!,0,0,0,0,,,,,,,,,,,,,,,,,,,,,,,,,,,,,Oikos,,,,,,,,,,,,,
New,nutritional info on greek yogurt,EATING BETTER,HEALTHIER EATING,Labels & scoring,,,,,#DIV/0!,#DIV/0!,0,0,0,0,,,,,,,,,,,,,,,,,,,,,,,,,Greek,,,,,,,,,,,,,,,,,
New,nutritional value plain greek yogurt,EATING BETTER,HEALTHIER EATING,Labels & scoring,,,,,#DIV/0!,#DIV/0!,0,0,0,0,,,,,,,,,,,,,,,,,,,,,,,,,Greek,Plain,,,,,,,,,,,,,,,,
New,yogurt without artificial sweeteners,PRODUCTS,YOGURTS,Yogurts,,,,,#DIV/0!,#DIV/0!,0,0,0,0,,,,,,,,,,,,,,,,,,,,,,,,,Yogurt,,,Without,,,,,,,,,,,,,,
New,cual es el mejor yogur griego sin azucar,PRODUCTS,YOGURTS,Greek,,,,,#DIV/0!,#DIV/0!,0,0,0,0,,,,,,,,,,,,,,,,,,,,,,,,,Yogurt,,,,,,,,,,,,,,,,,
New,oikos yogurt nutritional facts,EATING BETTER,HEALTHIER EATING,Labels & scoring,,,,,#DIV/0!,#DIV/0!,0,0,0,0,,,,,,,,,,,,,,,,,,,,,,,,,Yogurt,,,,Oikos,,,,,,,,,,,,,
New,25g protein greek yogurt,PRODUCTS,YOGURTS,Greek,,,,,#DIV/0!,#DIV/0!,0,0,0,0,,,,,,,,,,,,,,,,,,,,,,,,,Greek,,Gram,,,,,,,,,,,,,,,
New,greek yogurt plain ingredients,HEALTH,COMPOSITION,Generic,,,,,#DIV/0!,#DIV/0!,0,0,0,0,,,,,,,,,,,,,,,,,,,,,,,,,Greek,Plain,,,,,,,,,,,,,,,,
New,oikos yogurt protein drinks,PRODUCTS,YOGURT DRINKS,Yogurt drinks,,,,,#DIV/0!,#DIV/0!,0,0,0,0,,,,,,,,,,,,,,,,,,,,,,,,,Yogurt,,,,Oikos,,,,,,,,,,,,,
New,which yogurt is low in sugar,PRODUCTS,YOGURTS,Yogurts,,,,,#DIV/0!,#DIV/0!,0,0,0,0,,,,,,,,,,,,,,,,,,,,,,,,,Yogurt,,,Sugar,,,,,,,,,,,,,,
New,oikos power yogurt,PRODUCTS,BRANDS,Danone - generic,,,,,#DIV/0!,#DIV/0!,0,0,0,0,,,,,,,,,,,,,,,,,,,,,,,,,Yogurt,,,,Oikos,,,,,,,,,,,,,
New,oikos yogurt brand,PRODUCTS,BRANDS,Danone - generic,,,,,#DIV/0!,#DIV/0!,0,0,0,0,,,,,,,,,,,,,,,,,,,,,,,,,Yogurt,,,,Oikos,,,,,,,,,,,,,
New,50 gm protein yogurt,PRODUCTS,YOGURTS,Yogurts,,,,,#DIV/0!,#DIV/0!,0,0,0,0,,,,,,,,,,,,,,,,,,,,,,,,,Yogurt,,,Without,,,,,,,,,,,,,,
New,what is the best healthy yogurt,PRODUCTS,YOGURTS,Yogurts,,,,,#DIV/0!,#DIV/0!,0,0,0,0,,,,,,,,,,,,,,,,,,,,,,,,,Yogurt,,,,,,,Healthy,Best,,,,,,,,,
New,oikos yogurt fiber,HEALTH,FOOD SUPPLEMENTS,Fibres,,,,,#DIV/0!,#DIV/0!,0,0,0,0,,,,,,,,,,,,,,,,,,,,,,,,,Yogurt,,,,Oikos,,,,,,,,,,,,,
New,dannon oikos vanilla greek yogurt,PRODUCTS,YOGURTS,Greek,,,,,#DIV/0!,#DIV/0!,0,0,0,0,,,,,,,,,,,,,,,,,,,,,,,,,Greek,Vanilla,,,Oikos,,,,,,,,,,,,,
New,zero fat greek yogurt nutrition,EATING BETTER,HEALTHIER EATING,Labels & scoring,,,,,#DIV/0!,#DIV/0!,0,0,0,0,,,,,,,,,,,,,,,,,,,,,,,,,Greek,,,Fat,,,,,,,,,,,,,,
New,oikos 20 protein yogurt,PRODUCTS,BRANDS,Danone - generic,,,,,#DIV/0!,#DIV/0!,0,0,0,0,,,,,,,,,,,,,,,,,,,,,,,,,Yogurt,,,Without,Oikos,,,,,,,,,,,,,
New,greek yogurt calories 0 fat,EATING BETTER,HEALTHIER EATING,Labels & scoring,,,,,#DIV/0!,#DIV/0!,0,0,0,0,,,,,,,,,,,,,,,,,,,,,,,,,Greek,,,Calorie,,,,Fat-free,,,,,,,,,,
New,oikos yogurt calorie count,EATING BETTER,HEALTHIER EATING,Labels & scoring,,,,,#DIV/0!,#DIV/0!,0,0,0,0,,,,,,,,,,,,,,,,,,,,,,,,,Yogurt,,,Calorie,Oikos,,,,,,,,,,,,,
New,yogurt with 25 g of protein,PRODUCTS,YOGURTS,Yogurts,,,,,#DIV/0!,#DIV/0!,0,0,0,0,,,,,,,,,,,,,,,,,,,,,,,,,Yogurt,,,,,,,,,,,,,,,,,
New,is there yogurt without milk,PRODUCTS,YOGURTS,Yogurts,,,,,#DIV/0!,#DIV/0!,0,0,0,0,,,,,,,,,,,,,,,,,,,,,,,,,Yogurt,,,Milk,,,,,,,,,,,,,,
New,is there such a thing as non dairy yogurt,PRODUCTS,YOGURTS,Yogurts,,,,,#DIV/0!,#DIV/0!,0,0,0,0,,,,,,,,,,,,,,,,,,,,,,,,,Yogurt,,,Dairy,,,,,,,,,,,,,,
New,oikos regular yogurt,PRODUCTS,YOGURTS,Yogurts,,,,,#DIV/0!,#DIV/0!,0,0,0,0,,,,,,,,,,,,,,,,,,,,,,,,,Yogurt,,,,Oikos,,,,,,,,,,,,,
New,best plain nonfat yogurt,PRODUCTS,YOGURTS,Yogurts,,,,,#DIV/0!,#DIV/0!,0,0,0,0,,,,,,,,,,,,,,,,,,,,,,,,,Yogurt,Plain,,Fat,,,,,Best,,,,,,,,,
New,who makes the best greek yogurt,PRODUCTS,YOGURTS,Greek,,,,,#DIV/0!,#DIV/0!,0,0,0,0,,,,,,,,,,,,,,,,,,,,,,,,,Greek,,,,,,,,Best,,,,,,,,,
New,calories in oikos protein yogurt,EATING BETTER,HEALTHIER EATING,Labels & scoring,,,,,#DIV/0!,#DIV/0!,0,0,0,0,,,,,,,,,,,,,,,,,,,,,,,,,Yogurt,,,Calorie,Oikos,,,,,,,,,,,,,
New,organic protein yogurt,EATING BETTER,ORIGIN,Organic,,,,,#DIV/0!,#DIV/0!,0,0,0,0,,,,,,,,,,,,,,,,,,,,,,,,,Yogurt,,,,,,,,,Bio,,,,,,,,
New,non milk yogurt brands,PRODUCTS,YOGURTS,Yogurts,,,,,#DIV/0!,#DIV/0!,0,0,0,0,,,,,,,,,,,,,,,,,,,,,,,,,Yogurt,,,Milk,,,,,,,,,,,,,,
New,orkos greek yogurt,PRODUCTS,YOGURTS,Greek,,,,,#DIV/0!,#DIV/0!,0,0,0,0,,,,,,,,,,,,,,,,,,,,,,,,,Greek,,,,,,,,,,,,,,,,,
New,high protein low cal yogurt,PRODUCTS,YOGURTS,Yogurts,,,,,#DIV/0!,#DIV/0!,0,0,0,0,,,,,,,,,,,,,,,,,,,,,,,,,Yogurt,,,,,,,Rich in protein,,,,,,,,,,
New,fat free natural yogurt,PRODUCTS,YOGURTS,Yogurts,,,,,#DIV/0!,#DIV/0!,0,0,0,0,,,,,,,,,,,,,,,,,,,,,,,,,Yogurt,,,Fat,,,,Fat-free,,,,,,,,,,
New,oikos pro high protein greek yogurt,PRODUCTS,YOGURTS,Greek,,,,,#DIV/0!,#DIV/0!,0,0,0,0,,,,,,,,,,,,,,,,,,,,,,,,,Greek,,,,Oikos,,,Rich in protein,,,,,,,,,,
New,ff greek yogurt,PRODUCTS,YOGURTS,Greek,,,,,#DIV/0!,#DIV/0!,0,0,0,0,,,,,,,,,,,,,,,,,,,,,,,,,Greek,,,,,,,,,,,,,,,,,
New,calorie yaourt grec nature,EATING BETTER,HEALTHIER EATING,Labels & scoring,,,,,#DIV/0!,#DIV/0!,0,0,0,0,,,,,,,,,,,,,,,,,,,,,,,,,Yogurt,Plain,,Calorie,,,,,,,,,,,,,,
New,oikos 20 gram protein,PRODUCTS,YOGURTS,Yogurts,,,,,#DIV/0!,#DIV/0!,0,0,0,0,,,,,,,,,,,,,,,,,,,,,,,,,,,Gram,Without,Oikos,,,,,,,,,,,,,
New,oikos passion fruit,PRODUCTS,YOGURTS,Yogurts,,,,,#DIV/0!,#DIV/0!,0,0,0,0,,,,,,,,,,,,,,,,,,,,,,,,,,,,,Oikos,,,,,,,,,,,,,
New,oikos pro shakes,PRODUCTS,BRANDS,Danone - generic,,,,,#DIV/0!,#DIV/0!,0,0,0,0,,,,,,,,,,,,,,,,,,,,,,,,,,,,,Oikos,,,,,,,,,,,,,
New,fairlife protein yogurt,PRODUCTS,YOGURTS,Yogurts,,,,,#DIV/0!,#DIV/0!,0,0,0,0,,,,,,,,,,,,,,,,,,,,,,,,,Yogurt,,,,,,,,,,,,,,,,,
New,okai yogurt,PRODUCTS,YOGURTS,Greek,,,,,#DIV/0!,#DIV/0!,0,0,0,0,,,,,,,,,,,,,,,,,,,,,,,,,Yogurt,,,,,,,,,,,,,,,,,
New,oikos select greek yogurt ingredients,HEALTH,COMPOSITION,Generic,,,,,#DIV/0!,#DIV/0!,0,0,0,0,,,,,,,,,,,,,,,,,,,,,,,,,Greek,,,,Oikos,,,,,,,,,,,,,
FR,gâteau yaourt miel amande,RECIPES,RECIPES,Recipes with yogurt,,,,,#DIV/0!,#DIV/0!,0,0,0,0,,,,,,,,,,,,,,,,,,,,,,,,,Yogurt,Almond,,,,,,,,,,,,,,,,
New,oikos 17 grams protein,PRODUCTS,BRANDS,Danone - generic,,,,,#DIV/0!,#DIV/0!,0,0,0,0,,,,,,,,,,,,,,,,,,,,,,,,,,,Gram,,Oikos,,,,,,,,,,,,,
New,oikos low sugar yogurt,PRODUCTS,BRANDS,Danone - generic,,,,,#DIV/0!,#DIV/0!,0,0,0,0,,,,,,,,,,,,,,,,,,,,,,,,,Yogurt,,,Sugar,Oikos,,,,,,,,,,,,,
New,oikos pro yogurt cultured ultra filtered milk,PRODUCTS,BRANDS,Danone - generic,,,,,#DIV/0!,#DIV/0!,0,0,0,0,,,,,,,,,,,,,,,,,,,,,,,,,Yogurt,,,Milk,Oikos,,,,,,,,,,,,,
New,best yogurt with no added sugar,PRODUCTS,YOGURTS,Yogurts,,,,,#DIV/0!,#DIV/0!,0,0,0,0,,,,,,,,,,,,,,,,,,,,,,,,,Yogurt,,,Sugar,,,,,Best,,,,,,,,,
New,dannon oikos pro drink,PRODUCTS,YOGURT DRINKS,Yogurt drinks,,,,,#DIV/0!,#DIV/0!,0,0,0,0,,,,,,,,,,,,,,,,,,,,,,,,,,,,,Oikos,,,,,,,,,,,,,
New,best yogurt protein drink,PRODUCTS,YOGURT DRINKS,Yogurt drinks,,,,,#DIV/0!,#DIV/0!,0,0,0,0,,,,,,,,,,,,,,,,,,,,,,,,,Yogurt,,,,,,,,Best,,,,,,,,,
New,existe t il des yaourts sans lactose,PRODUCTS,YOGURTS,Yogurts,,,,,#DIV/0!,#DIV/0!,0,0,0,0,,,,,,,,,,,,,,,,,,,,,,,,,Yogurt,,,Lactose,,,,,,,,,,,,,,
New,organic greek yogurt no sugar,EATING BETTER,ORIGIN,Organic,,,,,#DIV/0!,#DIV/0!,0,0,0,0,,,,,,,,,,,,,,,,,,,,,,,,,Greek,,,Sugar,,,,Sugar-free,,Bio,,,,,,,,
New,non fat greek yogurt high protein,PRODUCTS,YOGURTS,Greek,,,,,#DIV/0!,#DIV/0!,0,0,0,0,,,,,,,,,,,,,,,,,,,,,,,,,Greek,,,Fat,,,,Rich in protein,,,,,,,,,,
New,brands of low fat greek yogurt,PRODUCTS,YOGURTS,Greek,,,,,#DIV/0!,#DIV/0!,0,0,0,0,,,,,,,,,,,,,,,,,,,,,,,,,Greek,,,Fat,,,,,,,,,,,,,,
FR,oikos nhl contest,PRODUCTS,BRANDS,Danone - generic,,,,,#DIV/0!,#DIV/0!,0,0,0,0,,,,,,,,,,,,,,,,,,,,,,,,,,,,,Oikos,,,,,,,,,,,,,
New,oikos pro mixed berry yogurt drink,PRODUCTS,YOGURT DRINKS,Yogurt drinks,,,,,#DIV/0!,#DIV/0!,0,0,0,0,,,,,,,,,,,,,,,,,,,,,,,,,Yogurt,,,,Oikos,,,,,,,,,,,,,
New,oikos plant based yogurt,PRODUCTS,PLANT BASED YOGURTS,Generic,,,,,#DIV/0!,#DIV/0!,0,0,0,0,,,,,,,,,,,,,,,,,,,,,,,,,Yogurt,,,,Oikos,,,,,,,,,,,,,
New,oikosyogurt com,PRODUCTS,YOGURTS,Greek,,,,,#DIV/0!,#DIV/0!,0,0,0,0,,,,,,,,,,,,,,,,,,,,,,,,,Yogurt,,,,Oikos,,,,,,,,,,,,,
New,yogourt made in canada,PRODUCTS,YOGURTS,Yogurts,,,,,#DIV/0!,#DIV/0!,0,0,0,0,,,,,,,,,,,,,,,,,,,,,,,,,Yogurt,,,,,,,,,,,,,,,,,
New,oikos pro yogurt drink nutrition facts,EATING BETTER,HEALTHIER EATING,Labels & scoring,,,,,#DIV/0!,#DIV/0!,0,0,0,0,,,,,,,,,,,,,,,,,,,,,,,,,Yogurt,,,,Oikos,,,,,,,,,,,,,
FR,sauce yaourt parmesan,RECIPES,RECIPES,Recipes with yogurt,,,,,#DIV/0!,#DIV/0!,0,0,0,0,,,,,,,,,,,,,,,,,,,,,,,,,Yogurt,,,,,,,,,,,,,,,,,
New,0 fat free yogurt,PRODUCTS,YOGURTS,Yogurts,,,,,#DIV/0!,#DIV/0!,0,0,0,0,,,,,,,,,,,,,,,,,,,,,,,,,Yogurt,,,Fat,,,,Fat-free,,,,,,,,,,
New,0 greek yoghurt nutrition,EATING BETTER,HEALTHIER EATING,Labels & scoring,,,,,#DIV/0!,#DIV/0!,0,0,0,0,,,,,,,,,,,,,,,,,,,,,,,,,Greek,,,Without,,,,,,,,,,,,,,
New,oikos pro smoothie,PRODUCTS,BRANDS,Danone - generic,,,,,#DIV/0!,#DIV/0!,0,0,0,0,,,,,,,,,,,,,,,,,,,,,,,,,,,,,Oikos,,,,,,,,,,,,,
New,calories in greek yogurt fat free,EATING BETTER,HEALTHIER EATING,Labels & scoring,,,,,#DIV/0!,#DIV/0!,0,0,0,0,,,,,,,,,,,,,,,,,,,,,,,,,Greek,,,Calorie,,,,Fat-free,,,,,,,,,,
New,yaourt proteine sans sucre,HEALTH,COMPOSITION,Proteins,,,,,#DIV/0!,#DIV/0!,0,0,0,0,,,,,,,,,,,,,,,,,,,,,,,,,Yogurt,,,Without,,,,,,,,,,,,,,
New,16g protein yogurt,PRODUCTS,YOGURTS,Yogurts,,,,,#DIV/0!,#DIV/0!,0,0,0,0,,,,,,,,,,,,,,,,,,,,,,,,,Yogurt,,,,,,,,,,,,,,,,,
New,nutrition yaourt grec,EATING BETTER,HEALTHIER EATING,Labels & scoring,,,,,#DIV/0!,#DIV/0!,0,0,0,0,,,,,,,,,,,,,,,,,,,,,,,,,Yogurt,,,,,,,,,,,,,,,,,
New,calories in 0 greek yoghurt,EATING BETTER,HEALTHIER EATING,Labels & scoring,,,,,#DIV/0!,#DIV/0!,0,0,0,0,,,,,,,,,,,,,,,,,,,,,,,,,Greek,,,Calorie,,,,,,,,,,,,,,
New,yoghurt for lactose intolerant,HEALTH,ALLERGIES & INTOLERANCES,Lactose intolerance,,,,,#DIV/0!,#DIV/0!,0,0,0,0,,,,,,,,,,,,,,,,,,,,,,,,,Yogurt,,,Lactose,,,,,,,,,,,,,,
New,aliment qui contiennent le plus de proteine,HEALTH,COMPOSITION,Proteins,,,,,#DIV/0!,#DIV/0!,0,0,0,0,,,,,,,,,,,,,,,,,,,,,,,,,,Lime,,,,,,,,,,,,,,,,
New,does yogurt have protein for weight loss,PRODUCTS,YOGURTS,Yogurts,,,,,#DIV/0!,#DIV/0!,0,0,0,0,,,,,,,,,,,,,,,,,,,,,,,,,Yogurt,,,,,,,,,,,,,,,,,
New,does greek yogurt help with inflammation,PRODUCTS,YOGURTS,Greek,,,,,#DIV/0!,#DIV/0!,0,0,0,0,,,,,,,,,,,,,,,,,,,,,,,,,Greek,,,,,,,,,,,,,,,,,
New,oki protein yogurt,PRODUCTS,YOGURTS,Yogurts,,,,,#DIV/0!,#DIV/0!,0,0,0,0,,,,,,,,,,,,,,,,,,,,,,,,,Yogurt,,,,,,,,,,,,,,,,,
New,vanilla oikos pro yogurt,PRODUCTS,BRANDS,Danone - generic,,,,,#DIV/0!,#DIV/0!,0,0,0,0,,,,,,,,,,,,,,,,,,,,,,,,,Yogurt,Vanilla,,,Oikos,,,,,,,,,,,,,
New,greek yogurt with flavor,PRODUCTS,YOGURTS,Greek,,,,,#DIV/0!,#DIV/0!,0,0,0,0,,,,,,,,,,,,,,,,,,,,,,,,,Greek,,,,,,,,,,,,,,,,,
New,yogur griego con frutas y granola,PRODUCTS,YOGURTS,Yogurts,,,,,#DIV/0!,#DIV/0!,0,0,0,0,,,,,,,,,,,,,,,,,,,,,,,,,Yogurt,Granola,,,,,,,,,,,,,,,,
New,healthy organic yogurt,EATING BETTER,ORIGIN,Organic,,,,,#DIV/0!,#DIV/0!,0,0,0,0,,,,,,,,,,,,,,,,,,,,,,,,,Yogurt,,,,,,,Healthy,,Bio,,,,,,,,
New,10 greek yoghurt,PRODUCTS,YOGURTS,Greek,,,,,#DIV/0!,#DIV/0!,0,0,0,0,,,,,,,,,,,,,,,,,,,,,,,,,Greek,,,Without,,,,,,,,,,,,,,
New,dannon oikos triple zero yogurt,PRODUCTS,BRANDS,Danone - generic,,,,,#DIV/0!,#DIV/0!,0,0,0,0,,,,,,,,,,,,,,,,,,,,,,,,,Yogurt,,,,Oikos,,,,,,,,,,,,,
New,kvarg yogurt,PRODUCTS,YOGURTS,Greek,,,,,#DIV/0!,#DIV/0!,0,0,0,0,,,,,,,,,,,,,,,,,,,,,,,,,Yogurt,,,,,,,,,,,,,,,,,
New,high protein non fat greek yogurt,PRODUCTS,YOGURTS,Greek,,,,,#DIV/0!,#DIV/0!,0,0,0,0,,,,,,,,,,,,,,,,,,,,,,,,,Greek,,,Fat,,,,Rich in protein,,,,,,,,,,
New,oykos yogurt nutritional information,EATING BETTER,HEALTHIER EATING,Labels & scoring,,,,,#DIV/0!,#DIV/0!,0,0,0,0,,,,,,,,,,,,,,,,,,,,,,,,,Yogurt,,,,,,,,,,,,,,,,,
New,plain greek yogurt nutrition facts 100g,EATING BETTER,HEALTHIER EATING,Labels & scoring,,,,,#DIV/0!,#DIV/0!,0,0,0,0,,,,,,,,,,,,,,,,,,,,,,,,,Greek,Plain,Gram,Without,,,,,,,,,,,,,,
New,greek yogurt with least amount of sugar,PRODUCTS,YOGURTS,Greek,,,,,#DIV/0!,#DIV/0!,0,0,0,0,,,,,,,,,,,,,,,,,,,,,,,,,Greek,,,Sugar,,,,,,,,,,,,,,
New,oikos new yogurt,PRODUCTS,BRANDS,Danone - generic,,,,,#DIV/0!,#DIV/0!,0,0,0,0,,,,,,,,,,,,,,,,,,,,,,,,,Yogurt,,,,Oikos,,,,,,,,,,,,,
New,premium greek yogurt,PRODUCTS,YOGURTS,Greek,,,,,#DIV/0!,#DIV/0!,0,0,0,0,,,,,,,,,,,,,,,,,,,,,,,,,Greek,,,,,,,,,,,,,,,,,
New,pro protein yogurt,PRODUCTS,YOGURTS,Greek,,,,,#DIV/0!,#DIV/0!,0,0,0,0,,,,,,,,,,,,,,,,,,,,,,,,,Yogurt,,,,,,,,,,,,,,,,,
New,healthy yogurt no sugar,PRODUCTS,YOGURTS,Yogurts,,,,,#DIV/0!,#DIV/0!,0,0,0,0,,,,,,,,,,,,,,,,,,,,,,,,,Yogurt,,,Sugar,,,,Sugar-free,,,,,,,,,,
New,oikos pro strawberry greek yogurt,PRODUCTS,YOGURTS,Greek,,,,,#DIV/0!,#DIV/0!,0,0,0,0,,,,,,,,,,,,,,,,,,,,,,,,,Greek,Strawberry,,,Oikos,,,,,,,,,,,,,
New,oikos pro triple zero yogurt,PRODUCTS,BRANDS,Danone - generic,,,,,#DIV/0!,#DIV/0!,0,0,0,0,,,,,,,,,,,,,,,,,,,,,,,,,Yogurt,,,,Oikos,,,,,,,,,,,,,
New,greek yogurt with fruit nutrition facts,EATING BETTER,HEALTHIER EATING,Labels & scoring,,,,,#DIV/0!,#DIV/0!,0,0,0,0,,,,,,,,,,,,,,,,,,,,,,,,,Greek,,,,,,,,,,,,,,,,,
New,plain sugar free greek yogurt,PRODUCTS,YOGURTS,Greek,,,,,#DIV/0!,#DIV/0!,0,0,0,0,,,,,,,,,,,,,,,,,,,,,,,,,Greek,Plain,,Sugar,,,,,,,,,,,,,,
New,product of canada greek yogurt,PRODUCTS,YOGURTS,Greek,,,,,#DIV/0!,#DIV/0!,0,0,0,0,,,,,,,,,,,,,,,,,,,,,,,,,Greek,,,,,,,,,,,,,,,,,
New,dairy free oikos,PRODUCTS,BRANDS,Danone - generic,,,,,#DIV/0!,#DIV/0!,0,0,0,0,,,,,,,,,,,,,,,,,,,,,,,,,,,,Dairy,Oikos,,,,,,,,,,,,,
New,protein yogurt ingredients,HEALTH,COMPOSITION,Generic,,,,,#DIV/0!,#DIV/0!,0,0,0,0,,,,,,,,,,,,,,,,,,,,,,,,,Yogurt,,,,,,,,,,,,,,,,,
New,what's the best protein yogurt,PRODUCTS,YOGURTS,Yogurts,,,,,#DIV/0!,#DIV/0!,0,0,0,0,,,,,,,,,,,,,,,,,,,,,,,,,Yogurt,,,,,,,,Best,,,,,,,,,
New,oikos pro vanilla protein yogurt,PRODUCTS,BRANDS,Danone - generic,,,,,#DIV/0!,#DIV/0!,0,0,0,0,,,,,,,,,,,,,,,,,,,,,,,,,Yogurt,Vanilla,,,Oikos,,,,,,,,,,,,,
New,oikos vanilla triple zero calories,EATING BETTER,HEALTHIER EATING,Labels & scoring,,,,,#DIV/0!,#DIV/0!,0,0,0,0,,,,,,,,,,,,,,,,,,,,,,,,,,Vanilla,,Calorie,Oikos,,,,,,,,,,,,,
New,full fat low sugar greek yogurt,PRODUCTS,YOGURTS,Greek,,,,,#DIV/0!,#DIV/0!,0,0,0,0,,,,,,,,,,,,,,,,,,,,,,,,,Greek,,,Fat,,,,,,,,,,,,,,
New,oikos pro yogurt plain,PRODUCTS,BRANDS,Danone - generic,,,,,#DIV/0!,#DIV/0!,0,0,0,0,,,,,,,,,,,,,,,,,,,,,,,,,Yogurt,Plain,,,Oikos,,,,,,,,,,,,,
New,which yogurts have no sugar,PRODUCTS,YOGURTS,Yogurts,,,,,#DIV/0!,#DIV/0!,0,0,0,0,,,,,,,,,,,,,,,,,,,,,,,,,Yogurt,,,Sugar,,,,Sugar-free,,,,,,,,,,
New,yaourt blanc proteine,HEALTH,COMPOSITION,Proteins,,,,,#DIV/0!,#DIV/0!,0,0,0,0,,,,,,,,,,,,,,,,,,,,,,,,,Yogurt,,,,,,,,,,,,,,,,,
New,ingredients in dannon greek yogurt,HEALTH,COMPOSITION,Generic,,,,,#DIV/0!,#DIV/0!,0,0,0,0,,,,,,,,,,,,,,,,,,,,,,,,,Greek,,,,,,,,,,,,,,,,,
New,high protein low carb yoghurt,PRODUCTS,YOGURTS,Yogurts,,,,,#DIV/0!,#DIV/0!,0,0,0,0,,,,,,,,,,,,,,,,,,,,,,,,,Yogurt,,,,,,,Rich in protein,,,,,,,,,,
New,ratio protein greek yogurt,PRODUCTS,YOGURTS,Greek,,,,,#DIV/0!,#DIV/0!,0,0,0,0,,,,,,,,,,,,,,,,,,,,,,,,,Greek,,,,,,,,,,,,,,,,,
New,quick snack after workout,CONSUMER HABITS,MEALS,Sports,,,,,#DIV/0!,#DIV/0!,0,0,0,0,,,,,,,,,,,,,,,,,,,,,,,,,,,,,,,,,,,Sports,,,,,,,
New,good easy protein breakfast,CONSUMER HABITS,MEALS,Breakfast,,,,,#DIV/0!,#DIV/0!,0,0,0,0,,,,,,,,,,,,,,,,,,,,,,,,,,,,,,,,,Good or bad,,Breakfast,,,,,,,
New,yogurt gut benefits,PRODUCTS,YOGURTS,Yogurts,,,,,#DIV/0!,#DIV/0!,0,0,0,0,,,,,,,,,,,,,,,,,,,,,,,,,Yogurt,,,,,,,,,,,,,,,,,
New,oikos vanilla greek yogurt 20g protein,PRODUCTS,YOGURTS,Greek,,,,,#DIV/0!,#DIV/0!,0,0,0,0,,,,,,,,,,,,,,,,,,,,,,,,,Greek,Vanilla,Gram,Without,Oikos,,,,,,,,,,,,,
New,yogurt drink high protein,PRODUCTS,YOGURT DRINKS,Yogurt drinks,,,,,#DIV/0!,#DIV/0!,0,0,0,0,,,,,,,,,,,,,,,,,,,,,,,,,Yogurt,,,,,,,Rich in protein,,,,,,,,,,
New,quel est le yaourt le plus proteiné,HEALTH,COMPOSITION,Proteins,,,,,#DIV/0!,#DIV/0!,0,0,0,0,,,,,,,,,,,,,,,,,,,,,,,,,Yogurt,,,,,,,,,,,,,,,,,
New,ratio protein vanilla dairy snack,PRODUCTS,YOGURTS,Yogurts,,,,,#DIV/0!,#DIV/0!,0,0,0,0,,,,,,,,,,,,,,,,,,,,,,,,,,Vanilla,,Dairy,,,,,,,,,,,,,,
New,oiko pro drink,PRODUCTS,YOGURT DRINKS,Yogurt drinks,,,,,#DIV/0!,#DIV/0!,0,0,0,0,,,,,,,,,,,,,,,,,,,,,,,,,,,,,Oikos,,,,,,,,,,,,,
New,protein yogurt oikos calories,EATING BETTER,HEALTHIER EATING,Labels & scoring,,,,,#DIV/0!,#DIV/0!,0,0,0,0,,,,,,,,,,,,,,,,,,,,,,,,,Yogurt,,,Calorie,Oikos,,,,,,,,,,,,,
New,yogurt not made from cow's milk,PRODUCTS,YOGURTS,Yogurts,,,,,#DIV/0!,#DIV/0!,0,0,0,0,,,,,,,,,,,,,,,,,,,,,,,,,Yogurt,,,Milk,,,,,,,,,,,,,,
New,quelles sont les sources de protéines,HEALTH,COMPOSITION,Proteins,,,,,#DIV/0!,#DIV/0!,0,0,0,0,,,,,,,,,,,,,,,,,,,,,,,,,,,,,,,,,,,,,,,,,,
New,oikos light greek yogurt,PRODUCTS,YOGURTS,Greek,,,,,#DIV/0!,#DIV/0!,0,0,0,0,,,,,,,,,,,,,,,,,,,,,,,,,Greek,,,,Oikos,,,Light,,,,,,,,,,
New,low carb protein yogurt,PRODUCTS,YOGURTS,Yogurts,,,,,#DIV/0!,#DIV/0!,0,0,0,0,,,,,,,,,,,,,,,,,,,,,,,,,Yogurt,,,,,,,,,,,,,,,,,
New,what is the best greek yogurt with no sugar,PRODUCTS,YOGURTS,Greek,,,,,#DIV/0!,#DIV/0!,0,0,0,0,,,,,,,,,,,,,,,,,,,,,,,,,Greek,,,Sugar,,,,Sugar-free,Best,,,,,,,,,
New,oikos greek yogurt 3 nutrition,EATING BETTER,HEALTHIER EATING,Labels & scoring,,,,,#DIV/0!,#DIV/0!,0,0,0,0,,,,,,,,,,,,,,,,,,,,,,,,,Greek,,,,Oikos,,,,,,,,,,,,,
New,natural greek yogurt recipes,RECIPES,RECIPES,Recipes with yogurt,,,,,#DIV/0!,#DIV/0!,0,0,0,0,,,,,,,,,,,,,,,,,,,,,,,,,Greek,,,,,,,,,,,,,,,,,
New,oikos triple zero label,PRODUCTS,BRANDS,Danone - generic,,,,,#DIV/0!,#DIV/0!,0,0,0,0,,,,,,,,,,,,,,,,,,,,,,,,,,,,,Oikos,,,,,,,,,,,,,
New,oikos protein yogurt drinkable,PRODUCTS,YOGURT DRINKS,Yogurt drinks,,,,,#DIV/0!,#DIV/0!,0,0,0,0,,,,,,,,,,,,,,,,,,,,,,,,,Yogurt,,,,Oikos,,,,,,,,,,,,,
New,what is so great about greek yogurt,PRODUCTS,YOGURTS,Greek,,,,,#DIV/0!,#DIV/0!,0,0,0,0,,,,,,,,,,,,,,,,,,,,,,,,,Greek,,,,,,,,,,,,,,,,,
New,natural greek yogurt brands,PRODUCTS,YOGURTS,Greek,,,,,#DIV/0!,#DIV/0!,0,0,0,0,,,,,,,,,,,,,,,,,,,,,,,,,Greek,,,,,,,,,,,,,,,,,
New,high calorie yogurt brands,PRODUCTS,PLANT BASED YOGURTS,Generic,,,,,#DIV/0!,#DIV/0!,0,0,0,0,,,,,,,,,,,,,,,,,,,,,,,,,Yogurt,,,Calorie,,,,Rich in protein,,,,,,,,,,
New,greek yogurt canadian,EATING BETTER,ORIGIN,Made in Canada,,,,,#DIV/0!,#DIV/0!,0,0,0,0,,,,,,,,,,,,,,,,,,,,,,,,,Greek,,,,,,,,,,,,,,,,,
New,oikos protein yogurt peach,PRODUCTS,BRANDS,Danone - generic,,,,,#DIV/0!,#DIV/0!,0,0,0,0,,,,,,,,,,,,,,,,,,,,,,,,,Yogurt,,,,Oikos,,,,,,,,,,,,,
New,0 fat greek yoghurt,PRODUCTS,YOGURTS,Greek,,,,,#DIV/0!,#DIV/0!,0,0,0,0,,,,,,,,,,,,,,,,,,,,,,,,,Greek,,,Fat,,,,Fat-free,,,,,,,,,,
New,quel yaourt contient le plus de protéines,HEALTH,COMPOSITION,Proteins,,,,,#DIV/0!,#DIV/0!,0,0,0,0,,,,,,,,,,,,,,,,,,,,,,,,,Yogurt,,,,,,,,,,,,,,,,,
New,yogurt you can drink,PRODUCTS,YOGURT DRINKS,Yogurt drinks,,,,,#DIV/0!,#DIV/0!,0,0,0,0,,,,,,,,,,,,,,,,,,,,,,,,,Yogurt,,,,,,,,,,,,,,,,,
New,oykos yogurt ingredients,HEALTH,COMPOSITION,Generic,,,,,#DIV/0!,#DIV/0!,0,0,0,0,,,,,,,,,,,,,,,,,,,,,,,,,Yogurt,,,,,,,,,,,,,,,,,
New,vegan free yogurt,PRODUCTS,PLANT BASED YOGURTS,Generic,,,,,#DIV/0!,#DIV/0!,0,0,0,0,,,,,,,,,,,,,,,,,,,,,,,,,Yogurt,,,,,,,,,,,,,,,,,
New,what brand of yogurt has the least amount of sugar,PRODUCTS,YOGURTS,Yogurts,,,,,#DIV/0!,#DIV/0!,0,0,0,0,,,,,,,,,,,,,,,,,,,,,,,,,Yogurt,,,Sugar,,,,,,,,,,,,,,
New,greek yogurt vanilla no sugar,PRODUCTS,YOGURTS,Greek,,,,,#DIV/0!,#DIV/0!,0,0,0,0,,,,,,,,,,,,,,,,,,,,,,,,,Greek,Vanilla,,Sugar,,,,Sugar-free,,,,,,,,,,
New,individual greek yogurt cups,PRODUCTS,YOGURTS,Greek,,,,,#DIV/0!,#DIV/0!,0,0,0,0,,,,,,,,,,,,,,,,,,,,,,,,,Greek,,Individual,,,,,,,,,,,,,,,
New,dannon oikos triple zero vanilla,PRODUCTS,BRANDS,Danone - generic,,,,,#DIV/0!,#DIV/0!,0,0,0,0,,,,,,,,,,,,,,,,,,,,,,,,,,Vanilla,,,Oikos,,,,,,,,,,,,,
New,manger proteine matin,CONSUMER HABITS,MEALS,Lunch,,,,,#DIV/0!,#DIV/0!,0,0,0,0,,,,,,,,,,,,,,,,,,,,,,,,,,,,,,,,,,,Lunch,,,,,,,
New,oikos protein plus,PRODUCTS,BRANDS,Danone - generic,,,,,#DIV/0!,#DIV/0!,0,0,0,0,,,,,,,,,,,,,,,,,,,,,,,,,,,,,Oikos,,,,,,,,,,,,,
New,oikos miel,PRODUCTS,BRANDS,Danone - generic,,,,,#DIV/0!,#DIV/0!,0,0,0,0,,,,,,,,,,,,,,,,,,,,,,,,,,,,,Oikos,,,,,,,,,,,,,
New,triple oikos zero,PRODUCTS,BRANDS,Yogurts,,,,,#DIV/0!,#DIV/0!,0,0,0,0,,,,,,,,,,,,,,,,,,,,,,,,,,,,,Oikos,,,,,,,,,,,,,
New,what is oikos pro yogurt,PRODUCTS,BRANDS,Danone - generic,,,,,#DIV/0!,#DIV/0!,0,0,0,0,,,,,,,,,,,,,,,,,,,,,,,,,Yogurt,,,,Oikos,,,,,,,,,,,,,
New,which brand is the best greek yogurt,PRODUCTS,YOGURTS,Greek,,,,,#DIV/0!,#DIV/0!,0,0,0,0,,,,,,,,,,,,,,,,,,,,,,,,,Greek,,,,,,,,Best,,,,,,,,,
New,15 grams protein yogurt,PRODUCTS,YOGURTS,Yogurts,,,,,#DIV/0!,#DIV/0!,0,0,0,0,,,,,,,,,,,,,,,,,,,,,,,,,Yogurt,,Gram,,,,,,,,,,,,,,,
New,how does greek yogurt benefit you,PRODUCTS,YOGURTS,Greek,,,,,#DIV/0!,#DIV/0!,0,0,0,0,,,,,,,,,,,,,,,,,,,,,,,,,Greek,,,,,,,,,,,,,,,,,
New,dannon oikos blended greek yogurt,PRODUCTS,YOGURTS,Greek,,,,,#DIV/0!,#DIV/0!,0,0,0,0,,,,,,,,,,,,,,,,,,,,,,,,,Greek,,,,Oikos,,,,,,,,,,,,,
New,healthiest yoghurt to eat,PRODUCTS,YOGURTS,Yogurts,,,,,#DIV/0!,#DIV/0!,0,0,0,0,,,,,,,,,,,,,,,,,,,,,,,,,Yogurt,,,,,,,Healthy,,,,,,,,,,
New,oikos pro or triple zero,PRODUCTS,YOGURTS,Yogurts,,,,,#DIV/0!,#DIV/0!,0,0,0,0,,,,,,,,,,,,,,,,,,,,,,,,,,,,,Oikos,,,,,,,,,,,,,
New,oikos no added sugar,PRODUCTS,BRANDS,Danone - generic,,,,,#DIV/0!,#DIV/0!,0,0,0,0,,,,,,,,,,,,,,,,,,,,,,,,,,,,Sugar,Oikos,,,,,,,,,,,,,
New,uses for greek yoghurt,PRODUCTS,YOGURTS,Greek,,,,,#DIV/0!,#DIV/0!,0,0,0,0,,,,,,,,,,,,,,,,,,,,,,,,,Greek,,,,,,,,,,,,,,,,,
New,what is the best protein to eat in the morning,HEALTH,COMPOSITION,Proteins,,,,,#DIV/0!,#DIV/0!,0,0,0,0,,,,,,,,,,,,,,,,,,,,,,,,,,,,,,,,,Best,,,,,,,,,
New,yogurt with 20 grams of protein,PRODUCTS,YOGURTS,Yogurts,,,,,#DIV/0!,#DIV/0!,0,0,0,0,,,,,,,,,,,,,,,,,,,,,,,,,Yogurt,,Gram,Without,,,,,,,,,,,,,,
New,yogurt with highest protein content,PRODUCTS,YOGURTS,Yogurts,,,,,#DIV/0!,#DIV/0!,0,0,0,0,,,,,,,,,,,,,,,,,,,,,,,,,Yogurt,,,,,,,Rich in protein,,,,,,,,,,
New,protein yogurt nutrition facts,PRODUCTS,PLANT BASED YOGURTS,Generic,,,,,#DIV/0!,#DIV/0!,0,0,0,0,,,,,,,,,,,,,,,,,,,,,,,,,Yogurt,,,,,,,,,,,,,,,,,
New,what is the best yogurt for your health,PRODUCTS,YOGURTS,Yogurts,,,,,#DIV/0!,#DIV/0!,0,0,0,0,,,,,,,,,,,,,,,,,,,,,,,,,Yogurt,,,,,,,Healthy,Best,,,,,,,,,
New,greek yoghurt fat free,PRODUCTS,YOGURTS,Greek,,,,,#DIV/0!,#DIV/0!,0,0,0,0,,,,,,,,,,,,,,,,,,,,,,,,,Greek,,,Fat,,,,Fat-free,,,,,,,,,,
New,what's the best greek yogurt to eat,PRODUCTS,YOGURTS,Greek,,,,,#DIV/0!,#DIV/0!,0,0,0,0,,,,,,,,,,,,,,,,,,,,,,,,,Greek,,,,,,,,Best,,,,,,,,,
New,functions of yoghurt in the body,PRODUCTS,YOGURTS,Yogurts,,,,,#DIV/0!,#DIV/0!,0,0,0,0,,,,,,,,,,,,,,,,,,,,,,,,,Yogurt,,,,,,,,,,,,,,,,,
New,oikos yogurt drink flavors,PRODUCTS,YOGURT DRINKS,Yogurt drinks,,,,,#DIV/0!,#DIV/0!,0,0,0,0,,,,,,,,,,,,,,,,,,,,,,,,,Yogurt,,,,Oikos,,,,,,,,,,,,,
New,get pro yogurt drink,PRODUCTS,YOGURT DRINKS,Yogurt drinks,,,,,#DIV/0!,#DIV/0!,0,0,0,0,,,,,,,,,,,,,,,,,,,,,,,,,Yogurt,,,,,,,,,,,,,,,,,
New,waco's yogurt,PRODUCTS,BRANDS,Danone - generic,,,,,#DIV/0!,#DIV/0!,0,0,0,0,,,,,,,,,,,,,,,,,,,,,,,,,Yogurt,,,,,,,,,,,,,,,,,
New,what is the most natural yogurt,PRODUCTS,YOGURTS,Yogurts,,,,,#DIV/0!,#DIV/0!,0,0,0,0,,,,,,,,,,,,,,,,,,,,,,,,,Yogurt,,,,,,,,,,,,,,,,,
New,is eating greek yogurt daily good for you,PRODUCTS,YOGURTS,Greek,,,,,#DIV/0!,#DIV/0!,0,0,0,0,,,,,,,,,,,,,,,,,,,,,,,,,Greek,,,,,,,,Good or bad,,,,,,,,,
New,oikos nutritional facts,EATING BETTER,HEALTHIER EATING,Labels & scoring,,,,,#DIV/0!,#DIV/0!,0,0,0,0,,,,,,,,,,,,,,,,,,,,,,,,,,,,,Oikos,,,,,,,,,,,,,
New,0 yoghurt,PRODUCTS,YOGURTS,Yogurts,,,,,#DIV/0!,#DIV/0!,0,0,0,0,,,,,,,,,,,,,,,,,,,,,,,,,Yogurt,,,Without,,,,,,,,,,,,,,
New,oikos informacion nutricional,PRODUCTS,PLANT BASED YOGURTS,Generic,,,,,#DIV/0!,#DIV/0!,0,0,0,0,,,,,,,,,,,,,,,,,,,,,,,,,,,,,Oikos,,,,,,,,,,,,,
New,which is the best yogurt to eat,PRODUCTS,YOGURTS,Yogurts,,,,,#DIV/0!,#DIV/0!,0,0,0,0,,,,,,,,,,,,,,,,,,,,,,,,,Yogurt,,,,,,,,Best,,,,,,,,,
New,kvarg yoghurt where to buy,PRODUCTS,YOGURTS,Yogurts,,,,,#DIV/0!,#DIV/0!,0,0,0,0,,,,,,,,,,,,,,,,,,,,,,,,,Yogurt,,,,,,,,,,,,,,,,,
New,quels sont les yaourts sans lactose,PRODUCTS,YOGURTS,Yogurts,,,,,#DIV/0!,#DIV/0!,0,0,0,0,,,,,,,,,,,,,,,,,,,,,,,,,Yogurt,,,Lactose,,,,,,,,,,,,,,
New,what is so good about greek yogurt,PRODUCTS,YOGURTS,Greek,,,,,#DIV/0!,#DIV/0!,0,0,0,0,,,,,,,,,,,,,,,,,,,,,,,,,Greek,,,,,,,,Good or bad,,,,,,,,,
New,oikos greek yogurt 0 sugar,PRODUCTS,YOGURTS,Greek,,,,,#DIV/0!,#DIV/0!,0,0,0,0,,,,,,,,,,,,,,,,,,,,,,,,,Greek,,,Sugar,Oikos,,,Sugar-free,,,,,,,,,,
New,lactose intolerance yogurt brands,HEALTH,ALLERGIES & INTOLERANCES,Lactose intolerance,,,,,#DIV/0!,#DIV/0!,0,0,0,0,,,,,,,,,,,,,,,,,,,,,,,,,Yogurt,,,Lactose,,,,,,,,,,,,,,
New,greek natural yogurt benefits,PRODUCTS,YOGURTS,Greek,,,,,#DIV/0!,#DIV/0!,0,0,0,0,,,,,,,,,,,,,,,,,,,,,,,,,Greek,,,,,,,,,,,,,,,,,
New,best yoghurt for protein,PRODUCTS,YOGURTS,Yogurts,,,,,#DIV/0!,#DIV/0!,0,0,0,0,,,,,,,,,,,,,,,,,,,,,,,,,Yogurt,,,,,,,,Best,,,,,,,,,
New,yogurt starts with o,PRODUCTS,BRANDS,Danone - generic,,,,,#DIV/0!,#DIV/0!,0,0,0,0,,,,,,,,,,,,,,,,,,,,,,,,,Yogurt,,,,,,,,,,,,,,,,,
New,yogurt oikos griego,PRODUCTS,BRANDS,Danone - generic,,,,,#DIV/0!,#DIV/0!,0,0,0,0,,,,,,,,,,,,,,,,,,,,,,,,,Yogurt,,,,Oikos,,,,,,,,,,,,,
New,yogurt with the lowest amount of sugar,PRODUCTS,YOGURTS,Yogurts,,,,,#DIV/0!,#DIV/0!,0,0,0,0,,,,,,,,,,,,,,,,,,,,,,,,,Yogurt,,,Sugar,,,,,,,,,,,,,,
New,stevia sweetened greek yogurt,PRODUCTS,YOGURTS,Greek,,,,,#DIV/0!,#DIV/0!,0,0,0,0,,,,,,,,,,,,,,,,,,,,,,,,,Greek,,,,,,,,,,,,,,,,,
New,triple zero yogurt nutrition,EATING BETTER,HEALTHIER EATING,Labels & scoring,,,,,#DIV/0!,#DIV/0!,0,0,0,0,,,,,,,,,,,,,,,,,,,,,,,,,Yogurt,,,,,,,,,,,,,,,,,
New,23g protein yogurt,PRODUCTS,YOGURTS,Yogurts,,,,,#DIV/0!,#DIV/0!,0,0,0,0,,,,,,,,,,,,,,,,,,,,,,,,,Yogurt,,,,,,,,,,,,,,,,,
New,what's the best plain greek yogurt,PRODUCTS,YOGURTS,Greek,,,,,#DIV/0!,#DIV/0!,0,0,0,0,,,,,,,,,,,,,,,,,,,,,,,,,Greek,Plain,,,,,,,Best,,,,,,,,,
New,how many calories in greek yogurt oikos,EATING BETTER,HEALTHIER EATING,Labels & scoring,,,,,#DIV/0!,#DIV/0!,0,0,0,0,,,,,,,,,,,,,,,,,,,,,,,,,Greek,,,Calorie,Oikos,,,,,,,,,,,,,
New,greek yoghurt health benefits,PRODUCTS,YOGURTS,Greek,,,,,#DIV/0!,#DIV/0!,0,0,0,0,,,,,,,,,,,,,,,,,,,,,,,,,Greek,,,,,,,Healthy,,,,,,,,,,
New,what yogurt is best for lactose intolerance,HEALTH,ALLERGIES & INTOLERANCES,Lactose intolerance,,,,,#DIV/0!,#DIV/0!,0,0,0,0,,,,,,,,,,,,,,,,,,,,,,,,,Yogurt,,,Lactose,,,,,Best,,,,,,,,,
New,smoothie with whey protein and greek yogurt,PRODUCTS,YOGURTS,Greek,,,,,#DIV/0!,#DIV/0!,0,0,0,0,,,,,,,,,,,,,,,,,,,,,,,,,Greek,,,Whey,,,,,,,,,,,,,,
New,oikos triple zero peach yogurt nutrition facts,EATING BETTER,HEALTHIER EATING,Labels & scoring,,,,,#DIV/0!,#DIV/0!,0,0,0,0,,,,,,,,,,,,,,,,,,,,,,,,,Yogurt,,,,Oikos,,,,,,,,,,,,,
New,which is the healthiest yoghurt to eat,PRODUCTS,YOGURTS,Yogurts,,,,,#DIV/0!,#DIV/0!,0,0,0,0,,,,,,,,,,,,,,,,,,,,,,,,,Yogurt,,,,,,,Healthy,,,,,,,,,,
New,best protein yoghurt,PRODUCTS,YOGURTS,Yogurts,,,,,#DIV/0!,#DIV/0!,0,0,0,0,,,,,,,,,,,,,,,,,,,,,,,,,Yogurt,,,,,,,,Best,,,,,,,,,
New,which brand of greek yogurt is the best,PRODUCTS,YOGURTS,Greek,,,,,#DIV/0!,#DIV/0!,0,0,0,0,,,,,,,,,,,,,,,,,,,,,,,,,Greek,,,,,,,,Best,,,,,,,,,
New,oikos organic yogurt,EATING BETTER,ORIGIN,Organic,,,,,#DIV/0!,#DIV/0!,0,0,0,0,,,,,,,,,,,,,,,,,,,,,,,,,Yogurt,,,,Oikos,,,,,Bio,,,,,,,,
New,oikos banana cream,PRODUCTS,BRANDS,Danone - generic,,,,,#DIV/0!,#DIV/0!,0,0,0,0,,,,,,,,,,,,,,,,,,,,,,,,,,Banana,,,Oikos,,,,,,,,,,,,,
New,oikos pro drink yogurt,PRODUCTS,YOGURT DRINKS,Yogurt drinks,,,,,#DIV/0!,#DIV/0!,0,0,0,0,,,,,,,,,,,,,,,,,,,,,,,,,Yogurt,,,,Oikos,,,,,,,,,,,,,
New,what yogurt is the healthiest for you,PRODUCTS,YOGURTS,Yogurts,,,,,#DIV/0!,#DIV/0!,0,0,0,0,,,,,,,,,,,,,,,,,,,,,,,,,Yogurt,,,,,,,Healthy,,,,,,,,,,
New,what's the best protein to eat after a workout,CONSUMER HABITS,MEALS,Sports,,,,,#DIV/0!,#DIV/0!,0,0,0,0,,,,,,,,,,,,,,,,,,,,,,,,,,,,,,,,,Best,,Sports,,,,,,,
New,oikos nonfat vanilla greek yogurt,PRODUCTS,YOGURTS,Greek,,,,,#DIV/0!,#DIV/0!,0,0,0,0,,,,,,,,,,,,,,,,,,,,,,,,,Greek,Vanilla,,Fat,Oikos,,,,,,,,,,,,,
New,is yogurt good for humans,PRODUCTS,YOGURTS,Yogurts,,,,,#DIV/0!,#DIV/0!,0,0,0,0,,,,,,,,,,,,,,,,,,,,,,,,,Yogurt,,,,,,,,Good or bad,,,,,,,,,
New,canada dairy brands,PRODUCTS,BRANDS,Other,,,,,#DIV/0!,#DIV/0!,0,0,0,0,,,,,,,,,,,,,,,,,,,,,,,,,,,,Dairy,,,,,,,,,,,,,,
New,what yoghurt is made in canada,PRODUCTS,YOGURTS,Yogurts,,,,,#DIV/0!,#DIV/0!,0,0,0,0,,,,,,,,,,,,,,,,,,,,,,,,,Yogurt,,,,,,,,,,,,,,,,,
New,oikos pro vanilla nutrition,EATING BETTER,HEALTHIER EATING,Labels & scoring,,,,,#DIV/0!,#DIV/0!,0,0,0,0,,,,,,,,,,,,,,,,,,,,,,,,,,Vanilla,,,Oikos,,,,,,,,,,,,,
New,how much calories in oikos yogurt,EATING BETTER,HEALTHIER EATING,Labels & scoring,,,,,#DIV/0!,#DIV/0!,0,0,0,0,,,,,,,,,,,,,,,,,,,,,,,,,Yogurt,,,Calorie,Oikos,,,,,,,,,,,,,
New,which brand of greek yogurt has the most protein,PRODUCTS,YOGURTS,Greek,,,,,#DIV/0!,#DIV/0!,0,0,0,0,,,,,,,,,,,,,,,,,,,,,,,,,Greek,,,,,,,,,,,,,,,,,
FR,oikos stanley cup contest,PRODUCTS,BRANDS,Danone - generic,,,,,#DIV/0!,#DIV/0!,0,0,0,0,,,,,,,,,,,,,,,,,,,,,,,,,,,Cup,,Oikos,,,,,,,,,,,,,
New,oikos total zero,PRODUCTS,BRANDS,Danone - generic,,,,,#DIV/0!,#DIV/0!,0,0,0,0,,,,,,,,,,,,,,,,,,,,,,,,,,,,,Oikos,,,,,,,,,,,,,
New,where can i get more protein in my diet,HEALTH,COMPOSITION,Proteins,,,,,#DIV/0!,#DIV/0!,0,0,0,0,,,,,,,,,,,,,,,,,,,,,,,,,,,,,,,,,,,,,,,,,,
New,what yogurt is the best,PRODUCTS,YOGURTS,Yogurts,,,,,#DIV/0!,#DIV/0!,0,0,0,0,,,,,,,,,,,,,,,,,,,,,,,,,Yogurt,,,,,,,,Best,,,,,,,,,
New,cual es el yogur griego sin azucar,PRODUCTS,YOGURTS,Greek,,,,,#DIV/0!,#DIV/0!,0,0,0,0,,,,,,,,,,,,,,,,,,,,,,,,,Yogurt,,,,,,,,,,,,,,,,,
New,protein shakes oikos,PRODUCTS,BRANDS,Danone - generic,,,,,#DIV/0!,#DIV/0!,0,0,0,0,,,,,,,,,,,,,,,,,,,,,,,,,,,,,Oikos,,,,,,,,,,,,,
New,cuantas calorias tiene un yogurt oikos,PRODUCTS,YOGURTS,Greek,,,,,#DIV/0!,#DIV/0!,0,0,0,0,,,,,,,,,,,,,,,,,,,,,,,,,Yogurt,,,Calorie,Oikos,,,,,,,,,,,,,
New,yogurt with no lactose,PRODUCTS,YOGURTS,Yogurts,,,,,#DIV/0!,#DIV/0!,0,0,0,0,,,,,,,,,,,,,,,,,,,,,,,,,Yogurt,,,Lactose,,,,,,,,,,,,,,
New,brand oikos,PRODUCTS,BRANDS,Danone - generic,,,,,#DIV/0!,#DIV/0!,0,0,0,0,,,,,,,,,,,,,,,,,,,,,,,,,,,,,Oikos,,,,,,,,,,,,,
New,what yogurt has no artificial sweeteners,PRODUCTS,YOGURTS,Yogurts,,,,,#DIV/0!,#DIV/0!,0,0,0,0,,,,,,,,,,,,,,,,,,,,,,,,,Yogurt,,,Without,,,,,,,,,,,,,,
New,oikos greek yogurt made,PRODUCTS,YOGURTS,Greek,,,,,#DIV/0!,#DIV/0!,0,0,0,0,,,,,,,,,,,,,,,,,,,,,,,,,Greek,,,,Oikos,,,,,,,,,,,,,
New,best greek yogurt organic,EATING BETTER,ORIGIN,Organic,,,,,#DIV/0!,#DIV/0!,0,0,0,0,,,,,,,,,,,,,,,,,,,,,,,,,Greek,,,,,,,,Best,Bio,,,,,,,,
New,friendly farms protein yogurt,PRODUCTS,YOGURTS,Greek,,,,,#DIV/0!,#DIV/0!,0,0,0,0,,,,,,,,,,,,,,,,,,,,,,,,,Yogurt,,,,,,,,,,,,,,,,,
New,greek yogurt brand with highest protein,PRODUCTS,YOGURTS,Greek,,,,,#DIV/0!,#DIV/0!,0,0,0,0,,,,,,,,,,,,,,,,,,,,,,,,,Greek,,,,,,,Rich in protein,,,,,,,,,,
New,oikos greek yogurt vanilla triple zero,PRODUCTS,YOGURTS,Greek,,,,,#DIV/0!,#DIV/0!,0,0,0,0,,,,,,,,,,,,,,,,,,,,,,,,,Greek,Vanilla,,,Oikos,,,,,,,,,,,,,
New,yogurt chobani 20g protein,PRODUCTS,PLANT BASED YOGURTS,Generic,,,,,#DIV/0!,#DIV/0!,0,0,0,0,,,,,,,,,,,,,,,,,,,,,,,,,Yogurt,,Gram,Without,Chobani,,,,,,,,,,,,,
New,canadian made lactose free yogurt,EATING BETTER,ORIGIN,Made in Canada,,,,,#DIV/0!,#DIV/0!,0,0,0,0,,,,,,,,,,,,,,,,,,,,,,,,,Yogurt,,,Lactose,,,,,,,,,,,,,,
New,oikos triple zero greek,PRODUCTS,PLANT BASED YOGURTS,Generic,,,,,#DIV/0!,#DIV/0!,0,0,0,0,,,,,,,,,,,,,,,,,,,,,,,,,Greek,,,,Oikos,,,,,,,,,,,,,
New,yogurt oikos griego sin azúcar,PRODUCTS,BRANDS,Danone - generic,,,,,#DIV/0!,#DIV/0!,0,0,0,0,,,,,,,,,,,,,,,,,,,,,,,,,Yogurt,,,,Oikos,,,,,,,,,,,,,
New,proteines quoi manger,HEALTH,COMPOSITION,Proteins,,,,,#DIV/0!,#DIV/0!,0,0,0,0,,,,,,,,,,,,,,,,,,,,,,,,,,,,,,,,,,,,,,,,,,
New,chobani yogurt 20 protein,PRODUCTS,YOGURTS,Greek,,,,,#DIV/0!,#DIV/0!,0,0,0,0,,,,,,,,,,,,,,,,,,,,,,,,,Yogurt,,,Without,Chobani,,,,,,,,,,,,,
New,dannon oikos flavors,PRODUCTS,BRANDS,Danone - generic,,,,,#DIV/0!,#DIV/0!,0,0,0,0,,,,,,,,,,,,,,,,,,,,,,,,,,,,,Oikos,,,,,,,,,,,,,
FR,oikos yaourt composition,PRODUCTS,BRANDS,Yogurts,,,,,#DIV/0!,#DIV/0!,0,0,0,0,,,,,,,,,,,,,,,,,,,,,,,,,Yogurt,,,Composition,Oikos,,,,,,,,,,,,,
New,oikos lemon meringue canada,PRODUCTS,YOGURTS,Yogurts,,,,,#DIV/0!,#DIV/0!,0,0,0,0,,,,,,,,,,,,,,,,,,,,,,,,,,Lemon,,,Oikos,,,,,,,,,,,,,
New,apricot fool yogurt,PRODUCTS,YOGURTS,Yogurts,,,,,#DIV/0!,#DIV/0!,0,0,0,0,,,,,,,,,,,,,,,,,,,,,,,,,Yogurt,,,,,,,,,,,,,,,,,
New,what yogurt has the least amount of sugar in it,PRODUCTS,YOGURTS,Yogurts,,,,,#DIV/0!,#DIV/0!,0,0,0,0,,,,,,,,,,,,,,,,,,,,,,,,,Yogurt,,,Sugar,,,,,,,,,,,,,,
New,readymade protein sources,CONSUMER HABITS,MEALS,Snack,,,,,#DIV/0!,#DIV/0!,0,0,0,0,,,,,,,,,,,,,,,,,,,,,,,,,,,,,,,,,,,Snack,,,,,,,
New,oikos pro vanilla yogurt cultured ultra filtered milk,PRODUCTS,YOGURTS,Greek,,,,,#DIV/0!,#DIV/0!,0,0,0,0,,,,,,,,,,,,,,,,,,,,,,,,,Yogurt,Vanilla,,Milk,Oikos,,,,,,,,,,,,,
New,healthy natural protein snacks,CONSUMER HABITS,MEALS,Snack,,,,,#DIV/0!,#DIV/0!,0,0,0,0,,,,,,,,,,,,,,,,,,,,,,,,,,,,,,,,Healthy,,,Snack,,,,,,,
New,oikos 0 0 0,PRODUCTS,BRANDS,Danone - generic,,,,,#DIV/0!,#DIV/0!,0,0,0,0,,,,,,,,,,,,,,,,,,,,,,,,,,,,Without,Oikos,,,,,,,,,,,,,
New,epigamia 50gm protein yogurt,PRODUCTS,YOGURTS,Greek,,,,,#DIV/0!,#DIV/0!,0,0,0,0,,,,,,,,,,,,,,,,,,,,,,,,,Yogurt,,Gram,Without,,IGA,,,,,,,,,,,,
FR,sauce yaourt grec pour pâtes,RECIPES,RECIPES,Recipes with yogurt,,,,,#DIV/0!,#DIV/0!,0,0,0,0,,,,,,,,,,,,,,,,,,,,,,,,,Greek,,,,,,,,,,,,,,,,,
New,the healthiest yogurt to buy,PRODUCTS,YOGURTS,Yogurts,,,,,#DIV/0!,#DIV/0!,0,0,0,0,,,,,,,,,,,,,,,,,,,,,,,,,Yogurt,,,,,,,Healthy,,,,,,,,,,
New,nutrition information for oikos triple zero yogurt,EATING BETTER,HEALTHIER EATING,Labels & scoring,,,,,#DIV/0!,#DIV/0!,0,0,0,0,,,,,,,,,,,,,,,,,,,,,,,,,Yogurt,,,,Oikos,,,,,,,,,,,,,
New,healthy ways to use greek yogurt,PRODUCTS,YOGURTS,Greek,,,,,#DIV/0!,#DIV/0!,0,0,0,0,,,,,,,,,,,,,,,,,,,,,,,,,Greek,,,,,,,Healthy,,,,,,,,,,
New,quel est le yaourt le plus riche en protéine,PRODUCTS,PLANT BASED YOGURTS,Generic,,,,,#DIV/0!,#DIV/0!,0,0,0,0,,,,,,,,,,,,,,,,,,,,,,,,,Yogurt,,,,,,,Rich in protein,,,,,,,,,,
New,oikos pro greek yogurt drink,PRODUCTS,YOGURT DRINKS,Yogurt drinks,,,,,#DIV/0!,#DIV/0!,0,0,0,0,,,,,,,,,,,,,,,,,,,,,,,,,Greek,,,,Oikos,,,,,,,,,,,,,
New,oikos pro mini drink,PRODUCTS,YOGURT DRINKS,Yogurt drinks,,,,,#DIV/0!,#DIV/0!,0,0,0,0,,,,,,,,,,,,,,,,,,,,,,,,,,,,,Oikos,,,,,,,,,,,,,
New,qu est ce qu un yaourt grec,PRODUCTS,YOGURTS,Greek,,,,,#DIV/0!,#DIV/0!,0,0,0,0,,,,,,,,,,,,,,,,,,,,,,,,,Yogurt,,,,,,,,,,,,,,,,,
New,yogurt without added sugar or sweeteners,PRODUCTS,PLANT BASED YOGURTS,Generic,,,,,#DIV/0!,#DIV/0!,0,0,0,0,,,,,,,,,,,,,,,,,,,,,,,,,Yogurt,,,Sugar,,,,,,,,,,,,,,
New,arla high protein yogurt,PRODUCTS,YOGURTS,Yogurts,,,,,#DIV/0!,#DIV/0!,0,0,0,0,,,,,,,,,,,,,,,,,,,,,,,,,Yogurt,,,,,,,Rich in protein,,,,,,,,,,
New,which yogurt has no added sugar,PRODUCTS,YOGURTS,Yogurts,,,,,#DIV/0!,#DIV/0!,0,0,0,0,,,,,,,,,,,,,,,,,,,,,,,,,Yogurt,,,Sugar,,,,,,,,,,,,,,
New,protein filled yogurt,PRODUCTS,YOGURTS,Yogurts,,,,,#DIV/0!,#DIV/0!,0,0,0,0,,,,,,,,,,,,,,,,,,,,,,,,,Yogurt,,,,,,,,,,,,,,,,,
New,what yogurt has no lactose,PRODUCTS,YOGURTS,Yogurts,,,,,#DIV/0!,#DIV/0!,0,0,0,0,,,,,,,,,,,,,,,,,,,,,,,,,Yogurt,,,Lactose,,,,,,,,,,,,,,
New,oikos low fat plain greek yogurt,PRODUCTS,YOGURTS,Greek,,,,,#DIV/0!,#DIV/0!,0,0,0,0,,,,,,,,,,,,,,,,,,,,,,,,,Greek,Plain,,Fat,Oikos,,,,,,,,,,,,,
New,greek non fat yogurt nutrition,EATING BETTER,HEALTHIER EATING,Labels & scoring,,,,,#DIV/0!,#DIV/0!,0,0,0,0,,,,,,,,,,,,,,,,,,,,,,,,,Greek,,,Fat,,,,,,,,,,,,,,
New,oikos caramel greek yogurt,PRODUCTS,YOGURTS,Greek,,,,,#DIV/0!,#DIV/0!,0,0,0,0,,,,,,,,,,,,,,,,,,,,,,,,,Greek,Caramel,,,Oikos,,,,,,,,,,,,,
New,oikos pro 20,PRODUCTS,BRANDS,Danone - generic,,,,,#DIV/0!,#DIV/0!,0,0,0,0,,,,,,,,,,,,,,,,,,,,,,,,,,,,Without,Oikos,,,,,,,,,,,,,
New,les aliments qui contiennent de la protéine,HEALTH,COMPOSITION,Proteins,,,,,#DIV/0!,#DIV/0!,0,0,0,0,,,,,,,,,,,,,,,,,,,,,,,,,,Lime,,,,,,,,,,,,,,,,
New,are there any lactose free yogurts,PRODUCTS,YOGURTS,Yogurts,,,,,#DIV/0!,#DIV/0!,0,0,0,0,,,,,,,,,,,,,,,,,,,,,,,,,Yogurt,,,Lactose,,,,,,,,,,,,,,
New,low fat vanilla greek yogurt nutrition facts,EATING BETTER,HEALTHIER EATING,Labels & scoring,,,,,#DIV/0!,#DIV/0!,0,0,0,0,,,,,,,,,,,,,,,,,,,,,,,,,Greek,Vanilla,,Fat,,,,,,,,,,,,,,
New,yoko's greek yogurt,PRODUCTS,YOGURTS,Greek,,,,,#DIV/0!,#DIV/0!,0,0,0,0,,,,,,,,,,,,,,,,,,,,,,,,,Greek,,,,,,,,,,,,,,,,,
New,greek yogurt & protein,PRODUCTS,YOGURTS,Greek,,,,,#DIV/0!,#DIV/0!,0,0,0,0,,,,,,,,,,,,,,,,,,,,,,,,,Greek,,,,,,,,,,,,,,,,,
New,oikos light yogurt,PRODUCTS,BRANDS,Danone - generic,,,,,#DIV/0!,#DIV/0!,0,0,0,0,,,,,,,,,,,,,,,,,,,,,,,,,Yogurt,,,,Oikos,,,Light,,,,,,,,,,
New,greek yogurt order,PRODUCTS,YOGURTS,Greek,,,,,#DIV/0!,#DIV/0!,0,0,0,0,,,,,,,,,,,,,,,,,,,,,,,,,Greek,,,,,,,,,,,,,,,,,
New,quel est le yaourt qui contient le plus de protéines,PRODUCTS,YOGURTS,Yogurts,,,,,#DIV/0!,#DIV/0!,0,0,0,0,,,,,,,,,,,,,,,,,,,,,,,,,Yogurt,,,,,,,,,,,,,,,,,
New,greek yogurt with 25 grams of protein,PRODUCTS,YOGURTS,Greek,,,,,#DIV/0!,#DIV/0!,0,0,0,0,,,,,,,,,,,,,,,,,,,,,,,,,Greek,,Gram,,,,,,,,,,,,,,,
New,top 5 yogurt brands,PRODUCTS,YOGURTS,Yogurts,,,,,#DIV/0!,#DIV/0!,0,0,0,0,,,,,,,,,,,,,,,,,,,,,,,,,Yogurt,,,,,,,,,,,,,,,,,
New,best high protein low carb greek yogurt,PRODUCTS,YOGURTS,Greek,,,,,#DIV/0!,#DIV/0!,0,0,0,0,,,,,,,,,,,,,,,,,,,,,,,,,Greek,,,,,,,Rich in protein,Best,,,,,,,,,
New,the best yogurt to buy,PRODUCTS,YOGURTS,Yogurts,,,,,#DIV/0!,#DIV/0!,0,0,0,0,,,,,,,,,,,,,,,,,,,,,,,,,Yogurt,,,,,,,,Best,,,,,,,,,
New,why is yogurt good for me,PRODUCTS,YOGURTS,Yogurts,,,,,#DIV/0!,#DIV/0!,0,0,0,0,,,,,,,,,,,,,,,,,,,,,,,,,Yogurt,,,,,,,,Good or bad,,,,,,,,,
New,best non dairy plain yogurt,PRODUCTS,YOGURTS,Yogurts,,,,,#DIV/0!,#DIV/0!,0,0,0,0,,,,,,,,,,,,,,,,,,,,,,,,,Yogurt,Plain,,Dairy,,,,,Best,,,,,,,,,
New,best yogurt for clean eating,PRODUCTS,PLANT BASED YOGURTS,Generic,,,,,#DIV/0!,#DIV/0!,0,0,0,0,,,,,,,,,,,,,,,,,,,,,,,,,Yogurt,,,,,,,,Best,,,,,,,,,
New,show me greek yogurt,PRODUCTS,YOGURTS,Greek,,,,,#DIV/0!,#DIV/0!,0,0,0,0,,,,,,,,,,,,,,,,,,,,,,,,,Greek,,,,,,,,,,,,,,,,,
New,best nonfat plain greek yogurt,PRODUCTS,YOGURTS,Greek,,,,,#DIV/0!,#DIV/0!,0,0,0,0,,,,,,,,,,,,,,,,,,,,,,,,,Greek,Plain,,Fat,,,,,Best,,,,,,,,,
New,oikos protein plain yogurt,PRODUCTS,BRANDS,Danone - generic,,,,,#DIV/0!,#DIV/0!,0,0,0,0,,,,,,,,,,,,,,,,,,,,,,,,,Yogurt,Plain,,,Oikos,,,,,,,,,,,,,
New,best sugar free yogurt brand,PRODUCTS,YOGURTS,Yogurts,,,,,#DIV/0!,#DIV/0!,0,0,0,0,,,,,,,,,,,,,,,,,,,,,,,,,Yogurt,,,Sugar,,,,,Best,,,,,,,,,
New,greek yoghurt benefits for men,PRODUCTS,PLANT BASED YOGURTS,Generic,,,,,#DIV/0!,#DIV/0!,0,0,0,0,,,,,,,,,,,,,,,,,,,,,,,,,Greek,,,,,,,,,,,,,,,,,
New,jogurt oikos,PRODUCTS,BRANDS,Danone - generic,,,,,#DIV/0!,#DIV/0!,0,0,0,0,,,,,,,,,,,,,,,,,,,,,,,,,,,,,Oikos,,,,,,,,,,,,,
New,oikos protein drink strawberry banana,PRODUCTS,YOGURT DRINKS,Yogurt drinks,,,,,#DIV/0!,#DIV/0!,0,0,0,0,,,,,,,,,,,,,,,,,,,,,,,,,,Banana,,,Oikos,,,,,,,,,,,,,
New,triple oikos strawberry,PRODUCTS,BRANDS,Danone - generic,,,,,#DIV/0!,#DIV/0!,0,0,0,0,,,,,,,,,,,,,,,,,,,,,,,,,,Strawberry,,,Oikos,,,,,,,,,,,,,
New,triple zero flavors,PRODUCTS,BRANDS,Danone - generic,,,,,#DIV/0!,#DIV/0!,0,0,0,0,,,,,,,,,,,,,,,,,,,,,,,,,,,,,,,,,,,,,,,,,,
New,greek yogurt for lactose intolerant people,HEALTH,ALLERGIES & INTOLERANCES,Lactose intolerance,,,,,#DIV/0!,#DIV/0!,0,0,0,0,,,,,,,,,,,,,,,,,,,,,,,,,Greek,,,Lactose,,,,,,,,,,,,,,
New,greek yogurt with mixed berries parfait panera,PRODUCTS,YOGURTS,Greek,,,,,#DIV/0!,#DIV/0!,0,0,0,0,,,,,,,,,,,,,,,,,,,,,,,,,Greek,,,,,,,,,,,,,,,,,
New,protein packed breakfast meals,CONSUMER HABITS,MEALS,Breakfast,,,,,#DIV/0!,#DIV/0!,0,0,0,0,,,,,,,,,,,,,,,,,,,,,,,,,,,,,,,,,,,Breakfast,,,,,,,
FR,is oikos triple zero lactose free,PRODUCTS,BRANDS,Danone - generic,,,,,#DIV/0!,#DIV/0!,0,0,0,0,,,,,,,,,,,,,,,,,,,,,,,,,,,,Lactose,Oikos,,,0,,,,,,,,,,
New,what is the healthiest greek yoghurt,PRODUCTS,YOGURTS,Greek,,,,,#DIV/0!,#DIV/0!,0,0,0,0,,,,,,,,,,,,,,,,,,,,,,,,,Greek,,,,,,,Healthy,,,,,,,,,,
New,what is the best organic yogurt,EATING BETTER,ORIGIN,Organic,,,,,#DIV/0!,#DIV/0!,0,0,0,0,,,,,,,,,,,,,,,,,,,,,,,,,Yogurt,,,,,,,,Best,Bio,,,,,,,,
New,oikos triple 0 greek yogurt,PRODUCTS,YOGURTS,Greek,,,,,#DIV/0!,#DIV/0!,0,0,0,0,,,,,,,,,,,,,,,,,,,,,,,,,Greek,,,Without,Oikos,,,,,,,,,,,,,
New,what is the best low carb greek yogurt,PRODUCTS,YOGURTS,Greek,,,,,#DIV/0!,#DIV/0!,0,0,0,0,,,,,,,,,,,,,,,,,,,,,,,,,Greek,,,,,,,,Best,,,,,,,,,
New,unsweetened greek yogurt brands,PRODUCTS,YOGURTS,Greek,,,,,#DIV/0!,#DIV/0!,0,0,0,0,,,,,,,,,,,,,,,,,,,,,,,,,Greek,,,,,,,,,,,,,,,,,
New,oikos blended plain greek nonfat yogurt,PRODUCTS,PLANT BASED YOGURTS,Generic,,,,,#DIV/0!,#DIV/0!,0,0,0,0,,,,,,,,,,,,,,,,,,,,,,,,,Greek,Plain,,Fat,Oikos,,,,,,,,,,,,,
New,brands of yogurt without sugar,PRODUCTS,YOGURTS,Yogurts,,,,,#DIV/0!,#DIV/0!,0,0,0,0,,,,,,,,,,,,,,,,,,,,,,,,,Yogurt,,,Sugar,,,,,,,,,,,,,,
New,oikos protein remix,PRODUCTS,BRANDS,Danone - generic,,,,,#DIV/0!,#DIV/0!,0,0,0,0,,,,,,,,,,,,,,,,,,,,,,,,,,,,,Oikos,,,,,,,,,,,,,
New,oikos ca english,PRODUCTS,YOGURTS,Greek,,,,,#DIV/0!,#DIV/0!,0,0,0,0,,,,,,,,,,,,,,,,,,,,,,,,,,,,,Oikos,,,,,,,,,,,,,
New,what are the different brands of yogurt,PRODUCTS,YOGURTS,Yogurts,,,,,#DIV/0!,#DIV/0!,0,0,0,0,,,,,,,,,,,,,,,,,,,,,,,,,Yogurt,,,,,,,,,,,,,,,,,
New,what is the best low sugar greek yogurt,PRODUCTS,YOGURTS,Greek,,,,,#DIV/0!,#DIV/0!,0,0,0,0,,,,,,,,,,,,,,,,,,,,,,,,,Greek,,,Sugar,,,,,Best,,,,,,,,,
New,what is a good healthy yogurt,PRODUCTS,YOGURTS,Yogurts,,,,,#DIV/0!,#DIV/0!,0,0,0,0,,,,,,,,,,,,,,,,,,,,,,,,,Yogurt,,,,,,,Healthy,Good or bad,,,,,,,,,
New,the best natural yogurt,PRODUCTS,PLANT BASED YOGURTS,Generic,,,,,#DIV/0!,#DIV/0!,0,0,0,0,,,,,,,,,,,,,,,,,,,,,,,,,Yogurt,,,,,,,,Best,,,,,,,,,
New,oikos pro yogurt protein,PRODUCTS,PLANT BASED YOGURTS,Generic,,,,,#DIV/0!,#DIV/0!,0,0,0,0,,,,,,,,,,,,,,,,,,,,,,,,,Yogurt,,,,Oikos,,,,,,,,,,,,,
New,oinko yogurt,PRODUCTS,YOGURTS,Greek,,,,,#DIV/0!,#DIV/0!,0,0,0,0,,,,,,,,,,,,,,,,,,,,,,,,,Yogurt,,,,,,,,,,,,,,,,,
New,oikos 25 g protein,PRODUCTS,BRANDS,Danone - generic,,,,,#DIV/0!,#DIV/0!,0,0,0,0,,,,,,,,,,,,,,,,,,,,,,,,,,,,,Oikos,,,,,,,,,,,,,
New,best healthy high protein yogurt,PRODUCTS,YOGURTS,Yogurts,,,,,#DIV/0!,#DIV/0!,0,0,0,0,,,,,,,,,,,,,,,,,,,,,,,,,Yogurt,,,,,,,Rich in protein,Best,,,,,,,,,
New,high protein fat breakfast ideas,CONSUMER HABITS,MEALS,Breakfast,,,,,#DIV/0!,#DIV/0!,0,0,0,0,,,,,,,,,,,,,,,,,,,,,,,,,,,,Fat,,,,Rich in protein,,,Breakfast,,,,,,,
New,oka protein yogurt,PRODUCTS,YOGURTS,Greek,,,,,#DIV/0!,#DIV/0!,0,0,0,0,,,,,,,,,,,,,,,,,,,,,,,,,Yogurt,,,,,,,,,,,,,,,,,
New,oikos triple zero peach nutrition,EATING BETTER,HEALTHIER EATING,Labels & scoring,,,,,#DIV/0!,#DIV/0!,0,0,0,0,,,,,,,,,,,,,,,,,,,,,,,,,,,,,Oikos,,,,,,,,,,,,,
New,protein drink oikos,PRODUCTS,YOGURT DRINKS,Yogurt drinks,,,,,#DIV/0!,#DIV/0!,0,0,0,0,,,,,,,,,,,,,,,,,,,,,,,,,,,,,Oikos,,,,,,,,,,,,,
New,what is the best sugar free yogurt,PRODUCTS,YOGURTS,Yogurts,,,,,#DIV/0!,#DIV/0!,0,0,0,0,,,,,,,,,,,,,,,,,,,,,,,,,Yogurt,,,Sugar,,,,,Best,,,,,,,,,
New,onkos greek yogurt,PRODUCTS,PLANT BASED YOGURTS,Generic,,,,,#DIV/0!,#DIV/0!,0,0,0,0,,,,,,,,,,,,,,,,,,,,,,,,,Greek,,,,,,,,,,,,,,,,,
New,low sugar flavored greek yogurt,PRODUCTS,YOGURTS,Greek,,,,,#DIV/0!,#DIV/0!,0,0,0,0,,,,,,,,,,,,,,,,,,,,,,,,,Greek,,,Sugar,,,,,,,,,,,,,,
New,protein shake with greek yogurt and protein powder,PRODUCTS,YOGURTS,Greek,,,,,#DIV/0!,#DIV/0!,0,0,0,0,,,,,,,,,,,,,,,,,,,,,,,,,Greek,,,,,,,,,,,,,,,,,
New,oikos pro yogurt pack,PRODUCTS,PLANT BASED YOGURTS,Generic,,,,,#DIV/0!,#DIV/0!,0,0,0,0,,,,,,,,,,,,,,,,,,,,,,,,,Yogurt,,,,Oikos,,,,,,,,,,,,,
New,oykos greek yogurt calories,EATING BETTER,HEALTHIER EATING,Labels & scoring,,,,,#DIV/0!,#DIV/0!,0,0,0,0,,,,,,,,,,,,,,,,,,,,,,,,,Greek,,,Calorie,,,,,,,,,,,,,,
New,health benefits greek yoghurt,PRODUCTS,YOGURTS,Greek,,,,,#DIV/0!,#DIV/0!,0,0,0,0,,,,,,,,,,,,,,,,,,,,,,,,,Greek,,,,,,,Healthy,,,,,,,,,,
New,oykos blueberry yogurt calories,EATING BETTER,HEALTHIER EATING,Labels & scoring,,,,,#DIV/0!,#DIV/0!,0,0,0,0,,,,,,,,,,,,,,,,,,,,,,,,,Yogurt,Blueberry,,Calorie,,,,,,,,,,,,,,
New,oikos pro strawberry banana dairy drink,PRODUCTS,PLANT BASED YOGURTS,Generic,,,,,#DIV/0!,#DIV/0!,0,0,0,0,,,,,,,,,,,,,,,,,,,,,,,,,,Banana,,Dairy,Oikos,,,,,,,,,,,,,
New,epigamia yogurt high protein,PRODUCTS,YOGURTS,Yogurts,,,,,#DIV/0!,#DIV/0!,0,0,0,0,,,,,,,,,,,,,,,,,,,,,,,,,Yogurt,,,,,IGA,,Rich in protein,,,,,,,,,,
New,yogur griego tabla nutricional,EATING BETTER,HEALTHIER EATING,Labels & scoring,,,,,#DIV/0!,#DIV/0!,0,0,0,0,,,,,,,,,,,,,,,,,,,,,,,,,Yogurt,,,,,,,,,,,,,,,,,
New,produit laitier canadien,PRODUCTS,PLANT BASED YOGURTS,Generic,,,,,#DIV/0!,#DIV/0!,0,0,0,0,,,,,,,,,,,,,,,,,,,,,,,,,,,,,,,,,,,,,,,,,,
New,what kind of yogurt is sugar free,PRODUCTS,PLANT BASED YOGURTS,Generic,,,,,#DIV/0!,#DIV/0!,0,0,0,0,,,,,,,,,,,,,,,,,,,,,,,,,Yogurt,,,Sugar,,,,,,,,,,,,,,
New,オイコス カナダ,PRODUCTS,BRANDS,Danone - generic,,,,,#DIV/0!,#DIV/0!,0,0,0,0,,,,,,,,,,,,,,,,,,,,,,,,,,,,,,,,,,,,,,,,,,
New,full fat greek yogurt baby,CONSUMER HABITS,DEMOGRAPHY,Baby,,,,,#DIV/0!,#DIV/0!,0,0,0,0,,,,,,,,,,,,,,,,,,,,,,,,,Greek,,,Fat,,,Baby,,,,,,,,,,,
New,marque de yogourt canadien,PRODUCTS,YOGURTS,Yogurts,,,,,#DIV/0!,#DIV/0!,0,0,0,0,,,,,,,,,,,,,,,,,,,,,,,,,Yogurt,,,,,,,,,,,,,,,,,
New,greek yoghurt for diabetics,PRODUCTS,YOGURTS,Greek,,,,,#DIV/0!,#DIV/0!,0,0,0,0,,,,,,,,,,,,,,,,,,,,,,,,,Greek,,,,,,,,,,,,,,,,,
New,yogourt canadien,PRODUCTS,YOGURTS,Yogurts,,,,,#DIV/0!,#DIV/0!,0,0,0,0,,,,,,,,,,,,,,,,,,,,,,,,,Yogurt,,,,,,,,,,,,,,,,,
New,yogourt ziggy,PRODUCTS,BRANDS,Yogurts,,,,,#DIV/0!,#DIV/0!,0,0,0,0,,,,,,,,,,,,,,,,,,,,,,,,,Yogurt,,,,,,,,,,,,,,,,,
New,full fat greek yogurt for babies,CONSUMER HABITS,DEMOGRAPHY,Baby,,,,,#DIV/0!,#DIV/0!,0,0,0,0,,,,,,,,,,,,,,,,,,,,,,,,,Greek,,,Fat,,,Baby,,,,,,,,,,,
New,produits laitiers canadiens,EATING BETTER,ORIGIN,Made in Canada,,,,,#DIV/0!,#DIV/0!,0,0,0,0,,,,,,,,,,,,,,,,,,,,,,,,,,,,,,,,,,,,,,,,,,
New,what kind of greek yogurt for keto,PRODUCTS,YOGURTS,Greek,,,,,#DIV/0!,#DIV/0!,0,0,0,0,,,,,,,,,,,,,,,,,,,,,,,,,Greek,,,,,,,,,,,,,,,,,
New,best greek yogurt for babies,CONSUMER HABITS,DEMOGRAPHY,Baby,,,,,#DIV/0!,#DIV/0!,0,0,0,0,,,,,,,,,,,,,,,,,,,,,,,,,Greek,,,,,,Baby,,Best,,,,,,,,,
New,greek yogurt for diabetics,PRODUCTS,YOGURTS,Greek,,,,,#DIV/0!,#DIV/0!,0,0,0,0,,,,,,,,,,,,,,,,,,,,,,,,,Greek,,,,,,,,,,,,,,,,,
New,what kind of yogurt has no sugar,PRODUCTS,YOGURTS,Yogurts,,,,,#DIV/0!,#DIV/0!,0,0,0,0,,,,,,,,,,,,,,,,,,,,,,,,,Yogurt,,,Sugar,,,,Sugar-free,,,,,,,,,,
New,yogourt grec canadien,PRODUCTS,YOGURTS,Greek,,,,,#DIV/0!,#DIV/0!,0,0,0,0,,,,,,,,,,,,,,,,,,,,,,,,,Yogurt,,,,,,,,,,,,,,,,,
New,ziggy yogurt,PRODUCTS,YOGURTS,Yogurts,,,,,#DIV/0!,#DIV/0!,0,0,0,0,,,,,,,,,,,,,,,,,,,,,,,,,Yogurt,,,,,,,,,,,,,,,,,
New,yaourt canadien,EATING BETTER,ORIGIN,Made in Canada,,,,,#DIV/0!,#DIV/0!,0,0,0,0,,,,,,,,,,,,,,,,,,,,,,,,,Yogurt,,,,,,,,,,,,,,,,,
New,ziggy's yoghurt,PRODUCTS,YOGURTS,Yogurts,,,,,#DIV/0!,#DIV/0!,0,0,0,0,,,,,,,,,,,,,,,,,,,,,,,,,Yogurt,,,,,,,,,,,,,,,,,
New,why is greek yogurt better for me,PRODUCTS,YOGURTS,Greek,,,,,#DIV/0!,#DIV/0!,0,0,0,0,,,,,,,,,,,,,,,,,,,,,,,,,Greek,,,,,,,,,,,,,,,,,
New,which kind of yogurt is the healthiest,PRODUCTS,YOGURTS,Yogurts,,,,,#DIV/0!,#DIV/0!,0,0,0,0,,,,,,,,,,,,,,,,,,,,,,,,,Yogurt,,,,,,,Healthy,,,,,,,,,,